<?xml version="1.0" encoding="UTF-8"?><gpx creator="Wikiloc - https://www.wikiloc.com" version="1.1" xmlns="http://www.topografix.com/GPX/1/1" xmlns:xsi="http://www.w3.org/2001/XMLSchema-instance" xsi:schemaLocation="http://www.topografix.com/GPX/1/1 http://www.topografix.com/GPX/1/1/gpx.xsd"><metadata><name>Wikiloc - La Pica d'Estats per Pinet</name><author><name>espinelvesalba</name><link href="https://www.wikiloc.com/wikiloc/user.do?id=1265707"><text>espinelvesalba on Wikiloc</text></link></author><link href="https://www.wikiloc.com/mountaineering-trails/la-pica-destats-per-pinet-40086509"><text>La Pica d'Estats per Pinet on Wikiloc</text></link><time>2019-08-13T12:42:58Z</time></metadata><trk><name>La Pica d'Estats per Pinet</name><cmt></cmt><desc></desc><trkseg><trkpt lat="42.710149" lon="1.425696"><ele>1165.767</ele><time>2019-08-13T04:31:25Z</time></trkpt><trkpt lat="42.710143" lon="1.425690"><ele>1166.281</ele><time>2019-08-13T04:31:47Z</time></trkpt><trkpt lat="42.710151" lon="1.425661"><ele>1166.719</ele><time>2019-08-13T04:31:50Z</time></trkpt><trkpt lat="42.710226" lon="1.425593"><ele>1164.308</ele><time>2019-08-13T04:39:29Z</time></trkpt><trkpt lat="42.710269" lon="1.425608"><ele>1170.150</ele><time>2019-08-13T04:39:42Z</time></trkpt><trkpt lat="42.710308" lon="1.425573"><ele>1177.796</ele><time>2019-08-13T04:39:54Z</time></trkpt><trkpt lat="42.710334" lon="1.425322"><ele>1176.356</ele><time>2019-08-13T04:40:09Z</time></trkpt><trkpt lat="42.710363" lon="1.425266"><ele>1179.214</ele><time>2019-08-13T04:40:19Z</time></trkpt><trkpt lat="42.710271" lon="1.424976"><ele>1180.692</ele><time>2019-08-13T04:40:36Z</time></trkpt><trkpt lat="42.710197" lon="1.424818"><ele>1176.891</ele><time>2019-08-13T04:40:53Z</time></trkpt><trkpt lat="42.710151" lon="1.424800"><ele>1180.236</ele><time>2019-08-13T04:43:11Z</time></trkpt><trkpt lat="42.710104" lon="1.424652"><ele>1180.255</ele><time>2019-08-13T04:43:29Z</time></trkpt><trkpt lat="42.710084" lon="1.424499"><ele>1178.212</ele><time>2019-08-13T04:43:40Z</time></trkpt><trkpt lat="42.710038" lon="1.424315"><ele>1176.332</ele><time>2019-08-13T04:43:53Z</time></trkpt><trkpt lat="42.709930" lon="1.424066"><ele>1174.905</ele><time>2019-08-13T04:44:06Z</time></trkpt><trkpt lat="42.709828" lon="1.423740"><ele>1174.908</ele><time>2019-08-13T04:44:25Z</time></trkpt><trkpt lat="42.709823" lon="1.423723"><ele>1174.985</ele><time>2019-08-13T04:44:26Z</time></trkpt><trkpt lat="42.709786" lon="1.423519"><ele>1175.331</ele><time>2019-08-13T04:44:39Z</time></trkpt><trkpt lat="42.709741" lon="1.423383"><ele>1173.971</ele><time>2019-08-13T04:44:52Z</time></trkpt><trkpt lat="42.709670" lon="1.423160"><ele>1172.529</ele><time>2019-08-13T04:45:06Z</time></trkpt><trkpt lat="42.709651" lon="1.422991"><ele>1171.557</ele><time>2019-08-13T04:45:14Z</time></trkpt><trkpt lat="42.709652" lon="1.422744"><ele>1171.056</ele><time>2019-08-13T04:45:29Z</time></trkpt><trkpt lat="42.709650" lon="1.422697"><ele>1171.021</ele><time>2019-08-13T04:45:32Z</time></trkpt><trkpt lat="42.709625" lon="1.422632"><ele>1170.590</ele><time>2019-08-13T04:45:36Z</time></trkpt><trkpt lat="42.709550" lon="1.422340"><ele>1170.563</ele><time>2019-08-13T04:45:54Z</time></trkpt><trkpt lat="42.709550" lon="1.422321"><ele>1170.144</ele><time>2019-08-13T04:45:55Z</time></trkpt><trkpt lat="42.709539" lon="1.422275"><ele>1170.118</ele><time>2019-08-13T04:45:58Z</time></trkpt><trkpt lat="42.709535" lon="1.422243"><ele>1170.108</ele><time>2019-08-13T04:46:00Z</time></trkpt><trkpt lat="42.709543" lon="1.422012"><ele>1171.090</ele><time>2019-08-13T04:46:14Z</time></trkpt><trkpt lat="42.709514" lon="1.421871"><ele>1167.796</ele><time>2019-08-13T04:46:25Z</time></trkpt><trkpt lat="42.709469" lon="1.421713"><ele>1160.926</ele><time>2019-08-13T04:46:38Z</time></trkpt><trkpt lat="42.709403" lon="1.421584"><ele>1153.714</ele><time>2019-08-13T04:46:53Z</time></trkpt><trkpt lat="42.709359" lon="1.421426"><ele>1153.242</ele><time>2019-08-13T04:47:07Z</time></trkpt><trkpt lat="42.709300" lon="1.421184"><ele>1160.411</ele><time>2019-08-13T04:47:23Z</time></trkpt><trkpt lat="42.709253" lon="1.421031"><ele>1166.256</ele><time>2019-08-13T04:47:39Z</time></trkpt><trkpt lat="42.709269" lon="1.420926"><ele>1168.655</ele><time>2019-08-13T04:47:52Z</time></trkpt><trkpt lat="42.709252" lon="1.420777"><ele>1177.324</ele><time>2019-08-13T04:48:06Z</time></trkpt><trkpt lat="42.709184" lon="1.420599"><ele>1182.104</ele><time>2019-08-13T04:48:20Z</time></trkpt><trkpt lat="42.709171" lon="1.420471"><ele>1181.614</ele><time>2019-08-13T04:48:34Z</time></trkpt><trkpt lat="42.709205" lon="1.420230"><ele>1180.608</ele><time>2019-08-13T04:48:47Z</time></trkpt><trkpt lat="42.709226" lon="1.420041"><ele>1180.256</ele><time>2019-08-13T04:49:01Z</time></trkpt><trkpt lat="42.709265" lon="1.419851"><ele>1180.232</ele><time>2019-08-13T04:49:16Z</time></trkpt><trkpt lat="42.709309" lon="1.419720"><ele>1180.282</ele><time>2019-08-13T04:49:27Z</time></trkpt><trkpt lat="42.709362" lon="1.419577"><ele>1180.670</ele><time>2019-08-13T04:49:40Z</time></trkpt><trkpt lat="42.709390" lon="1.419435"><ele>1180.688</ele><time>2019-08-13T04:49:53Z</time></trkpt><trkpt lat="42.709412" lon="1.418980"><ele>1206.637</ele><time>2019-08-13T04:50:06Z</time></trkpt><trkpt lat="42.709382" lon="1.418860"><ele>1198.982</ele><time>2019-08-13T04:50:20Z</time></trkpt><trkpt lat="42.709319" lon="1.418646"><ele>1200.851</ele><time>2019-08-13T04:50:36Z</time></trkpt><trkpt lat="42.709317" lon="1.418550"><ele>1205.265</ele><time>2019-08-13T04:50:42Z</time></trkpt><trkpt lat="42.709314" lon="1.418389"><ele>1204.268</ele><time>2019-08-13T04:50:57Z</time></trkpt><trkpt lat="42.709302" lon="1.418298"><ele>1202.314</ele><time>2019-08-13T04:51:04Z</time></trkpt><trkpt lat="42.709296" lon="1.418241"><ele>1201.808</ele><time>2019-08-13T04:51:08Z</time></trkpt><trkpt lat="42.709282" lon="1.418021"><ele>1202.750</ele><time>2019-08-13T04:51:23Z</time></trkpt><trkpt lat="42.709276" lon="1.417895"><ele>1198.916</ele><time>2019-08-13T04:51:37Z</time></trkpt><trkpt lat="42.709241" lon="1.417793"><ele>1198.496</ele><time>2019-08-13T04:51:48Z</time></trkpt><trkpt lat="42.709184" lon="1.417612"><ele>1198.914</ele><time>2019-08-13T04:52:01Z</time></trkpt><trkpt lat="42.709134" lon="1.417456"><ele>1198.482</ele><time>2019-08-13T04:52:14Z</time></trkpt><trkpt lat="42.709023" lon="1.417229"><ele>1201.811</ele><time>2019-08-13T04:52:29Z</time></trkpt><trkpt lat="42.708998" lon="1.417128"><ele>1203.236</ele><time>2019-08-13T04:52:40Z</time></trkpt><trkpt lat="42.708979" lon="1.416969"><ele>1204.295</ele><time>2019-08-13T04:52:54Z</time></trkpt><trkpt lat="42.708936" lon="1.416754"><ele>1206.174</ele><time>2019-08-13T04:53:08Z</time></trkpt><trkpt lat="42.708909" lon="1.416577"><ele>1208.556</ele><time>2019-08-13T04:53:22Z</time></trkpt><trkpt lat="42.708898" lon="1.416436"><ele>1210.421</ele><time>2019-08-13T04:53:35Z</time></trkpt><trkpt lat="42.708879" lon="1.416276"><ele>1210.908</ele><time>2019-08-13T04:53:46Z</time></trkpt><trkpt lat="42.708865" lon="1.416086"><ele>1212.491</ele><time>2019-08-13T04:54:00Z</time></trkpt><trkpt lat="42.708841" lon="1.415953"><ele>1214.327</ele><time>2019-08-13T04:54:13Z</time></trkpt><trkpt lat="42.708831" lon="1.415796"><ele>1215.757</ele><time>2019-08-13T04:54:27Z</time></trkpt><trkpt lat="42.708889" lon="1.415676"><ele>1217.255</ele><time>2019-08-13T04:54:39Z</time></trkpt><trkpt lat="42.708907" lon="1.415550"><ele>1218.643</ele><time>2019-08-13T04:54:53Z</time></trkpt><trkpt lat="42.708897" lon="1.415416"><ele>1220.132</ele><time>2019-08-13T04:55:09Z</time></trkpt><trkpt lat="42.708882" lon="1.415305"><ele>1222.997</ele><time>2019-08-13T04:55:23Z</time></trkpt><trkpt lat="42.708856" lon="1.415301"><ele>1227.336</ele><time>2019-08-13T04:55:37Z</time></trkpt><trkpt lat="42.708819" lon="1.415315"><ele>1234.556</ele><time>2019-08-13T04:55:53Z</time></trkpt><trkpt lat="42.708765" lon="1.415273"><ele>1238.359</ele><time>2019-08-13T04:56:07Z</time></trkpt><trkpt lat="42.708697" lon="1.415312"><ele>1241.714</ele><time>2019-08-13T04:56:21Z</time></trkpt><trkpt lat="42.708632" lon="1.415330"><ele>1241.708</ele><time>2019-08-13T04:56:34Z</time></trkpt><trkpt lat="42.708551" lon="1.415386"><ele>1244.649</ele><time>2019-08-13T04:56:49Z</time></trkpt><trkpt lat="42.708533" lon="1.415388"><ele>1246.555</ele><time>2019-08-13T04:57:09Z</time></trkpt><trkpt lat="42.708516" lon="1.415367"><ele>1243.165</ele><time>2019-08-13T04:57:23Z</time></trkpt><trkpt lat="42.708499" lon="1.415382"><ele>1243.643</ele><time>2019-08-13T04:57:52Z</time></trkpt><trkpt lat="42.708539" lon="1.415363"><ele>1245.531</ele><time>2019-08-13T04:58:18Z</time></trkpt><trkpt lat="42.708525" lon="1.415368"><ele>1249.840</ele><time>2019-08-13T04:58:45Z</time></trkpt><trkpt lat="42.708518" lon="1.415378"><ele>1247.975</ele><time>2019-08-13T04:59:12Z</time></trkpt><trkpt lat="42.708540" lon="1.415378"><ele>1247.984</ele><time>2019-08-13T04:59:40Z</time></trkpt><trkpt lat="42.708518" lon="1.415359"><ele>1246.067</ele><time>2019-08-13T05:00:08Z</time></trkpt><trkpt lat="42.708507" lon="1.415391"><ele>1247.481</ele><time>2019-08-13T05:00:28Z</time></trkpt><trkpt lat="42.708512" lon="1.415411"><ele>1247.019</ele><time>2019-08-13T05:00:58Z</time></trkpt><trkpt lat="42.708426" lon="1.415394"><ele>1247.008</ele><time>2019-08-13T05:01:21Z</time></trkpt><trkpt lat="42.708349" lon="1.415369"><ele>1248.430</ele><time>2019-08-13T05:01:33Z</time></trkpt><trkpt lat="42.708306" lon="1.415465"><ele>1252.216</ele><time>2019-08-13T05:01:50Z</time></trkpt><trkpt lat="42.708327" lon="1.415586"><ele>1254.236</ele><time>2019-08-13T05:02:04Z</time></trkpt><trkpt lat="42.708284" lon="1.415656"><ele>1257.154</ele><time>2019-08-13T05:02:18Z</time></trkpt><trkpt lat="42.708217" lon="1.415695"><ele>1260.432</ele><time>2019-08-13T05:02:35Z</time></trkpt><trkpt lat="42.708208" lon="1.415798"><ele>1262.891</ele><time>2019-08-13T05:02:49Z</time></trkpt><trkpt lat="42.708145" lon="1.415824"><ele>1265.776</ele><time>2019-08-13T05:03:03Z</time></trkpt><trkpt lat="42.708116" lon="1.415833"><ele>1267.635</ele><time>2019-08-13T05:03:17Z</time></trkpt><trkpt lat="42.708089" lon="1.415897"><ele>1270.061</ele><time>2019-08-13T05:03:32Z</time></trkpt><trkpt lat="42.708054" lon="1.415996"><ele>1274.421</ele><time>2019-08-13T05:03:47Z</time></trkpt><trkpt lat="42.707993" lon="1.416051"><ele>1276.813</ele><time>2019-08-13T05:04:03Z</time></trkpt><trkpt lat="42.707969" lon="1.416090"><ele>1280.608</ele><time>2019-08-13T05:04:17Z</time></trkpt><trkpt lat="42.707917" lon="1.416047"><ele>1280.180</ele><time>2019-08-13T05:04:31Z</time></trkpt><trkpt lat="42.707878" lon="1.416127"><ele>1282.556</ele><time>2019-08-13T05:04:45Z</time></trkpt><trkpt lat="42.707823" lon="1.416118"><ele>1285.436</ele><time>2019-08-13T05:05:00Z</time></trkpt><trkpt lat="42.707779" lon="1.416165"><ele>1289.764</ele><time>2019-08-13T05:05:14Z</time></trkpt><trkpt lat="42.707738" lon="1.416236"><ele>1295.062</ele><time>2019-08-13T05:05:28Z</time></trkpt><trkpt lat="42.707673" lon="1.416281"><ele>1299.481</ele><time>2019-08-13T05:05:45Z</time></trkpt><trkpt lat="42.707637" lon="1.416369"><ele>1301.846</ele><time>2019-08-13T05:05:59Z</time></trkpt><trkpt lat="42.707580" lon="1.416410"><ele>1303.755</ele><time>2019-08-13T05:06:16Z</time></trkpt><trkpt lat="42.707501" lon="1.416426"><ele>1304.286</ele><time>2019-08-13T05:06:32Z</time></trkpt><trkpt lat="42.707455" lon="1.416511"><ele>1306.660</ele><time>2019-08-13T05:06:51Z</time></trkpt><trkpt lat="42.707387" lon="1.416634"><ele>1305.126</ele><time>2019-08-13T05:07:10Z</time></trkpt><trkpt lat="42.707282" lon="1.416670"><ele>1304.208</ele><time>2019-08-13T05:07:30Z</time></trkpt><trkpt lat="42.707230" lon="1.416764"><ele>1313.852</ele><time>2019-08-13T05:07:48Z</time></trkpt><trkpt lat="42.707233" lon="1.416823"><ele>1316.788</ele><time>2019-08-13T05:08:03Z</time></trkpt><trkpt lat="42.707199" lon="1.416944"><ele>1319.128</ele><time>2019-08-13T05:08:20Z</time></trkpt><trkpt lat="42.707113" lon="1.417069"><ele>1318.116</ele><time>2019-08-13T05:08:39Z</time></trkpt><trkpt lat="42.707092" lon="1.417158"><ele>1322.974</ele><time>2019-08-13T05:08:54Z</time></trkpt><trkpt lat="42.707016" lon="1.417191"><ele>1325.323</ele><time>2019-08-13T05:09:10Z</time></trkpt><trkpt lat="42.706992" lon="1.416990"><ele>1326.838</ele><time>2019-08-13T05:09:28Z</time></trkpt><trkpt lat="42.706951" lon="1.416793"><ele>1334.057</ele><time>2019-08-13T05:09:45Z</time></trkpt><trkpt lat="42.706906" lon="1.416694"><ele>1337.366</ele><time>2019-08-13T05:10:02Z</time></trkpt><trkpt lat="42.706819" lon="1.416632"><ele>1337.329</ele><time>2019-08-13T05:10:20Z</time></trkpt><trkpt lat="42.706830" lon="1.416399"><ele>1339.721</ele><time>2019-08-13T05:10:38Z</time></trkpt><trkpt lat="42.706811" lon="1.416219"><ele>1344.508</ele><time>2019-08-13T05:10:57Z</time></trkpt><trkpt lat="42.706757" lon="1.416090"><ele>1349.890</ele><time>2019-08-13T05:11:14Z</time></trkpt><trkpt lat="42.706743" lon="1.415969"><ele>1352.256</ele><time>2019-08-13T05:11:27Z</time></trkpt><trkpt lat="42.706694" lon="1.415848"><ele>1354.676</ele><time>2019-08-13T05:11:43Z</time></trkpt><trkpt lat="42.706626" lon="1.415817"><ele>1357.054</ele><time>2019-08-13T05:12:02Z</time></trkpt><trkpt lat="42.706598" lon="1.415697"><ele>1364.732</ele><time>2019-08-13T05:12:21Z</time></trkpt><trkpt lat="42.706603" lon="1.415565"><ele>1366.221</ele><time>2019-08-13T05:12:37Z</time></trkpt><trkpt lat="42.706570" lon="1.415433"><ele>1371.536</ele><time>2019-08-13T05:12:55Z</time></trkpt><trkpt lat="42.706539" lon="1.415371"><ele>1373.415</ele><time>2019-08-13T05:13:11Z</time></trkpt><trkpt lat="42.706589" lon="1.415291"><ele>1376.761</ele><time>2019-08-13T05:13:27Z</time></trkpt><trkpt lat="42.706581" lon="1.415219"><ele>1380.621</ele><time>2019-08-13T05:13:44Z</time></trkpt><trkpt lat="42.706624" lon="1.415170"><ele>1384.013</ele><time>2019-08-13T05:14:00Z</time></trkpt><trkpt lat="42.706730" lon="1.415156"><ele>1385.908</ele><time>2019-08-13T05:14:13Z</time></trkpt><trkpt lat="42.706733" lon="1.415034"><ele>1387.340</ele><time>2019-08-13T05:14:25Z</time></trkpt><trkpt lat="42.706734" lon="1.414861"><ele>1384.426</ele><time>2019-08-13T05:14:38Z</time></trkpt><trkpt lat="42.706722" lon="1.414804"><ele>1383.056</ele><time>2019-08-13T05:14:45Z</time></trkpt><trkpt lat="42.706737" lon="1.414663"><ele>1379.214</ele><time>2019-08-13T05:14:59Z</time></trkpt><trkpt lat="42.706705" lon="1.414477"><ele>1376.792</ele><time>2019-08-13T05:15:12Z</time></trkpt><trkpt lat="42.706740" lon="1.414315"><ele>1372.921</ele><time>2019-08-13T05:15:26Z</time></trkpt><trkpt lat="42.706751" lon="1.414162"><ele>1367.616</ele><time>2019-08-13T05:15:39Z</time></trkpt><trkpt lat="42.706759" lon="1.414018"><ele>1359.945</ele><time>2019-08-13T05:15:52Z</time></trkpt><trkpt lat="42.706730" lon="1.413839"><ele>1359.973</ele><time>2019-08-13T05:16:06Z</time></trkpt><trkpt lat="42.706740" lon="1.413671"><ele>1360.985</ele><time>2019-08-13T05:16:19Z</time></trkpt><trkpt lat="42.706777" lon="1.413491"><ele>1362.313</ele><time>2019-08-13T05:16:34Z</time></trkpt><trkpt lat="42.706773" lon="1.413280"><ele>1362.808</ele><time>2019-08-13T05:16:48Z</time></trkpt><trkpt lat="42.706740" lon="1.413155"><ele>1362.341</ele><time>2019-08-13T05:17:02Z</time></trkpt><trkpt lat="42.706763" lon="1.412993"><ele>1361.857</ele><time>2019-08-13T05:17:15Z</time></trkpt><trkpt lat="42.706795" lon="1.412878"><ele>1355.627</ele><time>2019-08-13T05:17:28Z</time></trkpt><trkpt lat="42.706810" lon="1.412745"><ele>1352.255</ele><time>2019-08-13T05:17:40Z</time></trkpt><trkpt lat="42.706799" lon="1.412541"><ele>1357.593</ele><time>2019-08-13T05:17:53Z</time></trkpt><trkpt lat="42.706834" lon="1.412407"><ele>1361.842</ele><time>2019-08-13T05:18:03Z</time></trkpt><trkpt lat="42.706913" lon="1.412208"><ele>1370.587</ele><time>2019-08-13T05:18:17Z</time></trkpt><trkpt lat="42.706954" lon="1.411973"><ele>1384.916</ele><time>2019-08-13T05:18:32Z</time></trkpt><trkpt lat="42.706976" lon="1.411789"><ele>1394.152</ele><time>2019-08-13T05:18:48Z</time></trkpt><trkpt lat="42.707016" lon="1.411618"><ele>1401.353</ele><time>2019-08-13T05:19:03Z</time></trkpt><trkpt lat="42.706990" lon="1.411453"><ele>1408.008</ele><time>2019-08-13T05:19:21Z</time></trkpt><trkpt lat="42.706984" lon="1.411335"><ele>1410.408</ele><time>2019-08-13T05:19:37Z</time></trkpt><trkpt lat="42.706953" lon="1.411258"><ele>1410.499</ele><time>2019-08-13T05:19:50Z</time></trkpt><trkpt lat="42.706933" lon="1.411138"><ele>1411.875</ele><time>2019-08-13T05:20:03Z</time></trkpt><trkpt lat="42.706885" lon="1.411001"><ele>1415.255</ele><time>2019-08-13T05:20:18Z</time></trkpt><trkpt lat="42.706855" lon="1.410899"><ele>1415.293</ele><time>2019-08-13T05:20:34Z</time></trkpt><trkpt lat="42.706812" lon="1.410667"><ele>1420.511</ele><time>2019-08-13T05:20:53Z</time></trkpt><trkpt lat="42.706778" lon="1.410518"><ele>1424.330</ele><time>2019-08-13T05:21:06Z</time></trkpt><trkpt lat="42.706750" lon="1.410414"><ele>1428.255</ele><time>2019-08-13T05:21:22Z</time></trkpt><trkpt lat="42.706751" lon="1.410299"><ele>1434.994</ele><time>2019-08-13T05:21:40Z</time></trkpt><trkpt lat="42.706675" lon="1.410190"><ele>1439.778</ele><time>2019-08-13T05:21:54Z</time></trkpt><trkpt lat="42.706676" lon="1.410198"><ele>1437.333</ele><time>2019-08-13T05:22:11Z</time></trkpt><trkpt lat="42.706612" lon="1.410337"><ele>1436.826</ele><time>2019-08-13T05:22:27Z</time></trkpt><trkpt lat="42.706570" lon="1.410502"><ele>1441.608</ele><time>2019-08-13T05:22:40Z</time></trkpt><trkpt lat="42.706525" lon="1.410365"><ele>1442.681</ele><time>2019-08-13T05:22:56Z</time></trkpt><trkpt lat="42.706518" lon="1.410201"><ele>1443.627</ele><time>2019-08-13T05:23:10Z</time></trkpt><trkpt lat="42.706491" lon="1.410052"><ele>1447.977</ele><time>2019-08-13T05:23:24Z</time></trkpt><trkpt lat="42.706484" lon="1.409938"><ele>1446.465</ele><time>2019-08-13T05:23:38Z</time></trkpt><trkpt lat="42.706471" lon="1.409818"><ele>1446.433</ele><time>2019-08-13T05:23:52Z</time></trkpt><trkpt lat="42.706467" lon="1.409619"><ele>1448.492</ele><time>2019-08-13T05:24:08Z</time></trkpt><trkpt lat="42.706468" lon="1.409465"><ele>1454.687</ele><time>2019-08-13T05:24:20Z</time></trkpt><trkpt lat="42.706499" lon="1.409296"><ele>1460.496</ele><time>2019-08-13T05:24:36Z</time></trkpt><trkpt lat="42.706484" lon="1.409156"><ele>1464.728</ele><time>2019-08-13T05:24:51Z</time></trkpt><trkpt lat="42.706504" lon="1.409002"><ele>1464.289</ele><time>2019-08-13T05:25:07Z</time></trkpt><trkpt lat="42.706503" lon="1.408873"><ele>1468.117</ele><time>2019-08-13T05:25:23Z</time></trkpt><trkpt lat="42.706496" lon="1.408768"><ele>1474.308</ele><time>2019-08-13T05:25:37Z</time></trkpt><trkpt lat="42.706523" lon="1.408649"><ele>1478.256</ele><time>2019-08-13T05:25:49Z</time></trkpt><trkpt lat="42.706502" lon="1.408518"><ele>1477.782</ele><time>2019-08-13T05:26:03Z</time></trkpt><trkpt lat="42.706468" lon="1.408414"><ele>1476.722</ele><time>2019-08-13T05:26:14Z</time></trkpt><trkpt lat="42.706446" lon="1.408285"><ele>1475.380</ele><time>2019-08-13T05:26:26Z</time></trkpt><trkpt lat="42.706436" lon="1.408180"><ele>1476.268</ele><time>2019-08-13T05:26:39Z</time></trkpt><trkpt lat="42.706362" lon="1.408110"><ele>1478.297</ele><time>2019-08-13T05:26:53Z</time></trkpt><trkpt lat="42.706307" lon="1.408026"><ele>1479.692</ele><time>2019-08-13T05:27:10Z</time></trkpt><trkpt lat="42.706251" lon="1.408005"><ele>1482.091</ele><time>2019-08-13T05:27:23Z</time></trkpt><trkpt lat="42.706180" lon="1.407995"><ele>1487.844</ele><time>2019-08-13T05:27:36Z</time></trkpt><trkpt lat="42.706167" lon="1.407873"><ele>1493.105</ele><time>2019-08-13T05:27:49Z</time></trkpt><trkpt lat="42.706107" lon="1.407803"><ele>1497.415</ele><time>2019-08-13T05:28:00Z</time></trkpt><trkpt lat="42.706099" lon="1.407887"><ele>1500.808</ele><time>2019-08-13T05:28:12Z</time></trkpt><trkpt lat="42.706054" lon="1.407942"><ele>1500.858</ele><time>2019-08-13T05:28:23Z</time></trkpt><trkpt lat="42.705973" lon="1.407961"><ele>1503.274</ele><time>2019-08-13T05:28:37Z</time></trkpt><trkpt lat="42.705903" lon="1.408024"><ele>1501.284</ele><time>2019-08-13T05:28:54Z</time></trkpt><trkpt lat="42.705835" lon="1.408035"><ele>1500.872</ele><time>2019-08-13T05:29:11Z</time></trkpt><trkpt lat="42.705762" lon="1.408110"><ele>1504.610</ele><time>2019-08-13T05:29:26Z</time></trkpt><trkpt lat="42.705685" lon="1.408051"><ele>1509.429</ele><time>2019-08-13T05:29:42Z</time></trkpt><trkpt lat="42.705662" lon="1.407946"><ele>1512.324</ele><time>2019-08-13T05:29:56Z</time></trkpt><trkpt lat="42.705653" lon="1.407780"><ele>1515.753</ele><time>2019-08-13T05:30:13Z</time></trkpt><trkpt lat="42.705642" lon="1.407692"><ele>1518.582</ele><time>2019-08-13T05:30:27Z</time></trkpt><trkpt lat="42.705624" lon="1.407613"><ele>1520.943</ele><time>2019-08-13T05:30:42Z</time></trkpt><trkpt lat="42.705610" lon="1.407470"><ele>1522.917</ele><time>2019-08-13T05:30:58Z</time></trkpt><trkpt lat="42.705542" lon="1.407463"><ele>1525.708</ele><time>2019-08-13T05:31:14Z</time></trkpt><trkpt lat="42.705558" lon="1.407295"><ele>1527.752</ele><time>2019-08-13T05:31:27Z</time></trkpt><trkpt lat="42.705527" lon="1.407244"><ele>1526.718</ele><time>2019-08-13T05:31:42Z</time></trkpt><trkpt lat="42.705468" lon="1.407310"><ele>1526.778</ele><time>2019-08-13T05:31:54Z</time></trkpt><trkpt lat="42.705387" lon="1.407367"><ele>1530.136</ele><time>2019-08-13T05:32:06Z</time></trkpt><trkpt lat="42.705359" lon="1.407262"><ele>1531.024</ele><time>2019-08-13T05:32:21Z</time></trkpt><trkpt lat="42.705335" lon="1.407151"><ele>1533.453</ele><time>2019-08-13T05:32:34Z</time></trkpt><trkpt lat="42.705320" lon="1.407025"><ele>1536.828</ele><time>2019-08-13T05:32:48Z</time></trkpt><trkpt lat="42.705302" lon="1.406914"><ele>1540.247</ele><time>2019-08-13T05:33:02Z</time></trkpt><trkpt lat="42.705295" lon="1.406841"><ele>1545.012</ele><time>2019-08-13T05:33:15Z</time></trkpt><trkpt lat="42.705246" lon="1.406843"><ele>1549.832</ele><time>2019-08-13T05:33:31Z</time></trkpt><trkpt lat="42.705253" lon="1.406755"><ele>1555.605</ele><time>2019-08-13T05:33:45Z</time></trkpt><trkpt lat="42.705222" lon="1.406683"><ele>1556.008</ele><time>2019-08-13T05:33:59Z</time></trkpt><trkpt lat="42.705204" lon="1.406574"><ele>1557.065</ele><time>2019-08-13T05:34:15Z</time></trkpt><trkpt lat="42.705162" lon="1.406514"><ele>1557.931</ele><time>2019-08-13T05:34:31Z</time></trkpt><trkpt lat="42.705138" lon="1.406569"><ele>1558.421</ele><time>2019-08-13T05:34:44Z</time></trkpt><trkpt lat="42.705082" lon="1.406608"><ele>1562.399</ele><time>2019-08-13T05:34:58Z</time></trkpt><trkpt lat="42.705013" lon="1.406703"><ele>1565.697</ele><time>2019-08-13T05:35:16Z</time></trkpt><trkpt lat="42.704959" lon="1.406617"><ele>1568.576</ele><time>2019-08-13T05:35:33Z</time></trkpt><trkpt lat="42.704959" lon="1.406524"><ele>1569.531</ele><time>2019-08-13T05:35:47Z</time></trkpt><trkpt lat="42.704915" lon="1.406463"><ele>1572.890</ele><time>2019-08-13T05:36:00Z</time></trkpt><trkpt lat="42.704862" lon="1.406483"><ele>1575.755</ele><time>2019-08-13T05:36:15Z</time></trkpt><trkpt lat="42.704831" lon="1.406527"><ele>1577.707</ele><time>2019-08-13T05:36:26Z</time></trkpt><trkpt lat="42.704768" lon="1.406509"><ele>1580.117</ele><time>2019-08-13T05:36:42Z</time></trkpt><trkpt lat="42.704764" lon="1.406396"><ele>1583.408</ele><time>2019-08-13T05:36:58Z</time></trkpt><trkpt lat="42.704701" lon="1.406322"><ele>1584.989</ele><time>2019-08-13T05:37:13Z</time></trkpt><trkpt lat="42.704686" lon="1.406305"><ele>1586.385</ele><time>2019-08-13T05:37:17Z</time></trkpt><trkpt lat="42.704630" lon="1.406371"><ele>1587.715</ele><time>2019-08-13T05:37:30Z</time></trkpt><trkpt lat="42.704600" lon="1.406486"><ele>1594.563</ele><time>2019-08-13T05:37:45Z</time></trkpt><trkpt lat="42.704556" lon="1.406517"><ele>1601.241</ele><time>2019-08-13T05:37:59Z</time></trkpt><trkpt lat="42.704517" lon="1.406628"><ele>1602.740</ele><time>2019-08-13T05:38:14Z</time></trkpt><trkpt lat="42.704486" lon="1.406508"><ele>1602.755</ele><time>2019-08-13T05:38:32Z</time></trkpt><trkpt lat="42.704417" lon="1.406531"><ele>1603.154</ele><time>2019-08-13T05:38:49Z</time></trkpt><trkpt lat="42.704377" lon="1.406585"><ele>1605.191</ele><time>2019-08-13T05:39:02Z</time></trkpt><trkpt lat="42.704336" lon="1.406528"><ele>1608.481</ele><time>2019-08-13T05:39:16Z</time></trkpt><trkpt lat="42.704287" lon="1.406429"><ele>1611.319</ele><time>2019-08-13T05:39:31Z</time></trkpt><trkpt lat="42.704257" lon="1.406361"><ele>1611.308</ele><time>2019-08-13T05:39:46Z</time></trkpt><trkpt lat="42.704176" lon="1.406357"><ele>1614.733</ele><time>2019-08-13T05:40:02Z</time></trkpt><trkpt lat="42.704139" lon="1.406396"><ele>1618.069</ele><time>2019-08-13T05:40:18Z</time></trkpt><trkpt lat="42.704100" lon="1.406334"><ele>1620.919</ele><time>2019-08-13T05:40:33Z</time></trkpt><trkpt lat="42.704066" lon="1.406290"><ele>1623.327</ele><time>2019-08-13T05:40:45Z</time></trkpt><trkpt lat="42.704038" lon="1.406224"><ele>1625.225</ele><time>2019-08-13T05:41:03Z</time></trkpt><trkpt lat="42.703986" lon="1.406191"><ele>1627.714</ele><time>2019-08-13T05:41:17Z</time></trkpt><trkpt lat="42.703967" lon="1.406141"><ele>1628.619</ele><time>2019-08-13T05:41:30Z</time></trkpt><trkpt lat="42.703957" lon="1.406098"><ele>1630.158</ele><time>2019-08-13T05:41:55Z</time></trkpt><trkpt lat="42.703903" lon="1.406065"><ele>1631.039</ele><time>2019-08-13T05:42:08Z</time></trkpt><trkpt lat="42.703869" lon="1.406101"><ele>1637.701</ele><time>2019-08-13T05:44:51Z</time></trkpt><trkpt lat="42.703810" lon="1.406088"><ele>1637.321</ele><time>2019-08-13T05:45:05Z</time></trkpt><trkpt lat="42.703745" lon="1.406074"><ele>1640.208</ele><time>2019-08-13T05:45:20Z</time></trkpt><trkpt lat="42.703642" lon="1.405966"><ele>1643.097</ele><time>2019-08-13T05:45:40Z</time></trkpt><trkpt lat="42.703570" lon="1.405915"><ele>1644.923</ele><time>2019-08-13T05:45:53Z</time></trkpt><trkpt lat="42.703516" lon="1.405877"><ele>1645.423</ele><time>2019-08-13T05:46:05Z</time></trkpt><trkpt lat="42.703448" lon="1.405844"><ele>1647.891</ele><time>2019-08-13T05:46:21Z</time></trkpt><trkpt lat="42.703400" lon="1.405868"><ele>1649.339</ele><time>2019-08-13T05:46:33Z</time></trkpt><trkpt lat="42.703342" lon="1.405838"><ele>1653.188</ele><time>2019-08-13T05:46:44Z</time></trkpt><trkpt lat="42.703277" lon="1.405811"><ele>1655.563</ele><time>2019-08-13T05:46:57Z</time></trkpt><trkpt lat="42.703212" lon="1.405805"><ele>1657.442</ele><time>2019-08-13T05:47:09Z</time></trkpt><trkpt lat="42.703145" lon="1.405818"><ele>1659.836</ele><time>2019-08-13T05:47:23Z</time></trkpt><trkpt lat="42.703097" lon="1.405823"><ele>1659.817</ele><time>2019-08-13T05:47:37Z</time></trkpt><trkpt lat="42.703035" lon="1.405830"><ele>1661.318</ele><time>2019-08-13T05:47:50Z</time></trkpt><trkpt lat="42.702960" lon="1.405817"><ele>1663.708</ele><time>2019-08-13T05:48:04Z</time></trkpt><trkpt lat="42.702868" lon="1.405815"><ele>1664.217</ele><time>2019-08-13T05:48:18Z</time></trkpt><trkpt lat="42.702772" lon="1.405808"><ele>1666.613</ele><time>2019-08-13T05:48:33Z</time></trkpt><trkpt lat="42.702746" lon="1.405851"><ele>1669.013</ele><time>2019-08-13T05:48:49Z</time></trkpt><trkpt lat="42.702668" lon="1.405810"><ele>1670.461</ele><time>2019-08-13T05:49:02Z</time></trkpt><trkpt lat="42.702581" lon="1.405720"><ele>1672.379</ele><time>2019-08-13T05:49:17Z</time></trkpt><trkpt lat="42.702521" lon="1.405657"><ele>1675.278</ele><time>2019-08-13T05:49:31Z</time></trkpt><trkpt lat="42.702458" lon="1.405621"><ele>1676.293</ele><time>2019-08-13T05:49:45Z</time></trkpt><trkpt lat="42.702357" lon="1.405556"><ele>1676.742</ele><time>2019-08-13T05:50:01Z</time></trkpt><trkpt lat="42.702220" lon="1.405533"><ele>1679.694</ele><time>2019-08-13T05:50:16Z</time></trkpt><trkpt lat="42.702092" lon="1.405550"><ele>1680.057</ele><time>2019-08-13T05:50:31Z</time></trkpt><trkpt lat="42.701945" lon="1.405544"><ele>1682.022</ele><time>2019-08-13T05:50:47Z</time></trkpt><trkpt lat="42.701871" lon="1.405514"><ele>1683.908</ele><time>2019-08-13T05:51:02Z</time></trkpt><trkpt lat="42.701807" lon="1.405488"><ele>1686.373</ele><time>2019-08-13T05:51:15Z</time></trkpt><trkpt lat="42.701733" lon="1.405486"><ele>1687.229</ele><time>2019-08-13T05:51:29Z</time></trkpt><trkpt lat="42.701691" lon="1.405383"><ele>1689.779</ele><time>2019-08-13T05:51:44Z</time></trkpt><trkpt lat="42.701651" lon="1.405297"><ele>1689.227</ele><time>2019-08-13T05:51:58Z</time></trkpt><trkpt lat="42.701582" lon="1.405285"><ele>1692.555</ele><time>2019-08-13T05:52:12Z</time></trkpt><trkpt lat="42.701498" lon="1.405288"><ele>1696.474</ele><time>2019-08-13T05:52:31Z</time></trkpt><trkpt lat="42.701457" lon="1.405242"><ele>1699.739</ele><time>2019-08-13T05:52:46Z</time></trkpt><trkpt lat="42.701432" lon="1.405219"><ele>1701.768</ele><time>2019-08-13T05:52:59Z</time></trkpt><trkpt lat="42.701414" lon="1.405189"><ele>1705.031</ele><time>2019-08-13T05:53:14Z</time></trkpt><trkpt lat="42.701416" lon="1.405108"><ele>1706.561</ele><time>2019-08-13T05:53:29Z</time></trkpt><trkpt lat="42.701390" lon="1.405094"><ele>1708.907</ele><time>2019-08-13T05:53:42Z</time></trkpt><trkpt lat="42.701378" lon="1.405094"><ele>1707.408</ele><time>2019-08-13T05:54:05Z</time></trkpt><trkpt lat="42.701351" lon="1.405152"><ele>1709.437</ele><time>2019-08-13T05:54:18Z</time></trkpt><trkpt lat="42.701314" lon="1.405100"><ele>1712.263</ele><time>2019-08-13T05:54:35Z</time></trkpt><trkpt lat="42.701295" lon="1.405044"><ele>1713.773</ele><time>2019-08-13T05:54:49Z</time></trkpt><trkpt lat="42.701240" lon="1.404952"><ele>1715.671</ele><time>2019-08-13T05:55:04Z</time></trkpt><trkpt lat="42.701166" lon="1.404889"><ele>1716.659</ele><time>2019-08-13T05:55:18Z</time></trkpt><trkpt lat="42.701136" lon="1.404803"><ele>1718.578</ele><time>2019-08-13T05:55:33Z</time></trkpt><trkpt lat="42.701079" lon="1.404682"><ele>1720.433</ele><time>2019-08-13T05:55:48Z</time></trkpt><trkpt lat="42.701028" lon="1.404643"><ele>1722.362</ele><time>2019-08-13T05:56:01Z</time></trkpt><trkpt lat="42.700972" lon="1.404647"><ele>1722.878</ele><time>2019-08-13T05:56:16Z</time></trkpt><trkpt lat="42.700911" lon="1.404624"><ele>1725.233</ele><time>2019-08-13T05:56:30Z</time></trkpt><trkpt lat="42.700855" lon="1.404529"><ele>1725.226</ele><time>2019-08-13T05:56:45Z</time></trkpt><trkpt lat="42.700796" lon="1.404431"><ele>1726.708</ele><time>2019-08-13T05:56:58Z</time></trkpt><trkpt lat="42.700743" lon="1.404325"><ele>1729.681</ele><time>2019-08-13T05:57:12Z</time></trkpt><trkpt lat="42.700679" lon="1.404327"><ele>1732.987</ele><time>2019-08-13T05:57:26Z</time></trkpt><trkpt lat="42.700661" lon="1.404302"><ele>1736.837</ele><time>2019-08-13T05:57:40Z</time></trkpt><trkpt lat="42.700622" lon="1.404210"><ele>1738.785</ele><time>2019-08-13T05:57:57Z</time></trkpt><trkpt lat="42.700572" lon="1.404097"><ele>1739.663</ele><time>2019-08-13T05:58:13Z</time></trkpt><trkpt lat="42.700518" lon="1.404028"><ele>1742.172</ele><time>2019-08-13T05:58:26Z</time></trkpt><trkpt lat="42.700459" lon="1.403973"><ele>1745.417</ele><time>2019-08-13T05:58:44Z</time></trkpt><trkpt lat="42.700407" lon="1.403958"><ele>1748.366</ele><time>2019-08-13T05:58:58Z</time></trkpt><trkpt lat="42.700360" lon="1.403903"><ele>1751.229</ele><time>2019-08-13T05:59:12Z</time></trkpt><trkpt lat="42.700316" lon="1.403808"><ele>1751.200</ele><time>2019-08-13T05:59:27Z</time></trkpt><trkpt lat="42.700259" lon="1.403739"><ele>1751.720</ele><time>2019-08-13T05:59:40Z</time></trkpt><trkpt lat="42.700200" lon="1.403617"><ele>1752.608</ele><time>2019-08-13T05:59:56Z</time></trkpt><trkpt lat="42.700141" lon="1.403546"><ele>1756.996</ele><time>2019-08-13T06:00:12Z</time></trkpt><trkpt lat="42.700056" lon="1.403415"><ele>1758.942</ele><time>2019-08-13T06:00:29Z</time></trkpt><trkpt lat="42.700018" lon="1.403360"><ele>1759.872</ele><time>2019-08-13T06:00:37Z</time></trkpt><trkpt lat="42.699946" lon="1.403229"><ele>1761.760</ele><time>2019-08-13T06:00:53Z</time></trkpt><trkpt lat="42.699881" lon="1.403132"><ele>1763.298</ele><time>2019-08-13T06:01:08Z</time></trkpt><trkpt lat="42.699824" lon="1.403066"><ele>1764.657</ele><time>2019-08-13T06:01:24Z</time></trkpt><trkpt lat="42.699783" lon="1.403000"><ele>1766.672</ele><time>2019-08-13T06:01:38Z</time></trkpt><trkpt lat="42.699738" lon="1.402883"><ele>1768.061</ele><time>2019-08-13T06:01:56Z</time></trkpt><trkpt lat="42.699691" lon="1.402812"><ele>1771.885</ele><time>2019-08-13T06:02:11Z</time></trkpt><trkpt lat="42.699649" lon="1.402695"><ele>1773.889</ele><time>2019-08-13T06:02:26Z</time></trkpt><trkpt lat="42.699617" lon="1.402586"><ele>1773.817</ele><time>2019-08-13T06:02:40Z</time></trkpt><trkpt lat="42.699579" lon="1.402528"><ele>1775.208</ele><time>2019-08-13T06:02:52Z</time></trkpt><trkpt lat="42.699553" lon="1.402435"><ele>1778.672</ele><time>2019-08-13T06:03:06Z</time></trkpt><trkpt lat="42.699522" lon="1.402290"><ele>1781.518</ele><time>2019-08-13T06:03:23Z</time></trkpt><trkpt lat="42.699449" lon="1.402191"><ele>1783.948</ele><time>2019-08-13T06:03:38Z</time></trkpt><trkpt lat="42.699419" lon="1.402083"><ele>1786.716</ele><time>2019-08-13T06:03:51Z</time></trkpt><trkpt lat="42.699342" lon="1.402009"><ele>1789.634</ele><time>2019-08-13T06:04:07Z</time></trkpt><trkpt lat="42.699291" lon="1.401951"><ele>1793.553</ele><time>2019-08-13T06:04:23Z</time></trkpt><trkpt lat="42.699230" lon="1.401884"><ele>1795.478</ele><time>2019-08-13T06:04:38Z</time></trkpt><trkpt lat="42.699134" lon="1.401847"><ele>1796.487</ele><time>2019-08-13T06:04:53Z</time></trkpt><trkpt lat="42.699051" lon="1.401782"><ele>1797.362</ele><time>2019-08-13T06:05:07Z</time></trkpt><trkpt lat="42.698961" lon="1.401769"><ele>1799.783</ele><time>2019-08-13T06:05:21Z</time></trkpt><trkpt lat="42.698838" lon="1.401715"><ele>1800.711</ele><time>2019-08-13T06:05:39Z</time></trkpt><trkpt lat="42.698804" lon="1.401706"><ele>1801.708</ele><time>2019-08-13T06:05:44Z</time></trkpt><trkpt lat="42.698683" lon="1.401694"><ele>1803.120</ele><time>2019-08-13T06:05:59Z</time></trkpt><trkpt lat="42.698675" lon="1.401678"><ele>1804.126</ele><time>2019-08-13T06:06:11Z</time></trkpt><trkpt lat="42.698612" lon="1.401723"><ele>1803.196</ele><time>2019-08-13T06:06:25Z</time></trkpt><trkpt lat="42.698533" lon="1.401747"><ele>1804.134</ele><time>2019-08-13T06:06:38Z</time></trkpt><trkpt lat="42.698476" lon="1.401810"><ele>1806.062</ele><time>2019-08-13T06:06:50Z</time></trkpt><trkpt lat="42.698448" lon="1.401873"><ele>1809.831</ele><time>2019-08-13T06:07:03Z</time></trkpt><trkpt lat="42.698410" lon="1.401826"><ele>1812.266</ele><time>2019-08-13T06:07:17Z</time></trkpt><trkpt lat="42.698373" lon="1.401818"><ele>1813.715</ele><time>2019-08-13T06:07:31Z</time></trkpt><trkpt lat="42.698294" lon="1.401838"><ele>1816.116</ele><time>2019-08-13T06:07:45Z</time></trkpt><trkpt lat="42.698224" lon="1.401819"><ele>1817.576</ele><time>2019-08-13T06:07:57Z</time></trkpt><trkpt lat="42.698151" lon="1.401730"><ele>1818.513</ele><time>2019-08-13T06:08:11Z</time></trkpt><trkpt lat="42.698098" lon="1.401610"><ele>1820.908</ele><time>2019-08-13T06:08:27Z</time></trkpt><trkpt lat="42.698016" lon="1.401494"><ele>1821.845</ele><time>2019-08-13T06:08:41Z</time></trkpt><trkpt lat="42.697938" lon="1.401395"><ele>1823.311</ele><time>2019-08-13T06:08:56Z</time></trkpt><trkpt lat="42.697874" lon="1.401303"><ele>1825.721</ele><time>2019-08-13T06:09:10Z</time></trkpt><trkpt lat="42.697834" lon="1.401128"><ele>1828.159</ele><time>2019-08-13T06:09:26Z</time></trkpt><trkpt lat="42.697833" lon="1.401040"><ele>1830.047</ele><time>2019-08-13T06:09:36Z</time></trkpt><trkpt lat="42.697843" lon="1.400889"><ele>1830.536</ele><time>2019-08-13T06:09:52Z</time></trkpt><trkpt lat="42.697811" lon="1.400786"><ele>1832.921</ele><time>2019-08-13T06:10:08Z</time></trkpt><trkpt lat="42.697768" lon="1.400701"><ele>1837.760</ele><time>2019-08-13T06:10:24Z</time></trkpt><trkpt lat="42.697689" lon="1.400679"><ele>1840.612</ele><time>2019-08-13T06:10:41Z</time></trkpt><trkpt lat="42.697621" lon="1.400593"><ele>1842.032</ele><time>2019-08-13T06:10:56Z</time></trkpt><trkpt lat="42.697550" lon="1.400529"><ele>1843.005</ele><time>2019-08-13T06:11:11Z</time></trkpt><trkpt lat="42.697503" lon="1.400499"><ele>1845.908</ele><time>2019-08-13T06:11:27Z</time></trkpt><trkpt lat="42.697423" lon="1.400405"><ele>1847.815</ele><time>2019-08-13T06:11:50Z</time></trkpt><trkpt lat="42.697363" lon="1.400328"><ele>1850.291</ele><time>2019-08-13T06:12:09Z</time></trkpt><trkpt lat="42.697283" lon="1.400303"><ele>1849.761</ele><time>2019-08-13T06:12:24Z</time></trkpt><trkpt lat="42.697231" lon="1.400263"><ele>1852.129</ele><time>2019-08-13T06:12:38Z</time></trkpt><trkpt lat="42.697164" lon="1.400242"><ele>1853.627</ele><time>2019-08-13T06:12:52Z</time></trkpt><trkpt lat="42.697100" lon="1.400189"><ele>1856.466</ele><time>2019-08-13T06:13:08Z</time></trkpt><trkpt lat="42.697042" lon="1.400176"><ele>1858.861</ele><time>2019-08-13T06:13:21Z</time></trkpt><trkpt lat="42.697016" lon="1.400125"><ele>1860.350</ele><time>2019-08-13T06:13:36Z</time></trkpt><trkpt lat="42.696968" lon="1.400071"><ele>1860.898</ele><time>2019-08-13T06:13:48Z</time></trkpt><trkpt lat="42.696928" lon="1.399968"><ele>1862.215</ele><time>2019-08-13T06:14:02Z</time></trkpt><trkpt lat="42.696885" lon="1.399887"><ele>1862.726</ele><time>2019-08-13T06:14:15Z</time></trkpt><trkpt lat="42.696848" lon="1.399797"><ele>1864.108</ele><time>2019-08-13T06:14:27Z</time></trkpt><trkpt lat="42.696896" lon="1.399782"><ele>1864.693</ele><time>2019-08-13T06:14:34Z</time></trkpt><trkpt lat="42.696928" lon="1.399720"><ele>1863.279</ele><time>2019-08-13T06:14:47Z</time></trkpt><trkpt lat="42.696902" lon="1.399626"><ele>1864.699</ele><time>2019-08-13T06:15:03Z</time></trkpt><trkpt lat="42.696941" lon="1.399607"><ele>1869.417</ele><time>2019-08-13T06:15:16Z</time></trkpt><trkpt lat="42.696987" lon="1.399555"><ele>1869.915</ele><time>2019-08-13T06:15:29Z</time></trkpt><trkpt lat="42.696977" lon="1.399493"><ele>1871.394</ele><time>2019-08-13T06:15:41Z</time></trkpt><trkpt lat="42.696953" lon="1.399403"><ele>1871.389</ele><time>2019-08-13T06:15:55Z</time></trkpt><trkpt lat="42.696947" lon="1.399342"><ele>1874.258</ele><time>2019-08-13T06:16:07Z</time></trkpt><trkpt lat="42.696953" lon="1.399271"><ele>1876.237</ele><time>2019-08-13T06:16:19Z</time></trkpt><trkpt lat="42.696933" lon="1.399225"><ele>1876.249</ele><time>2019-08-13T06:16:32Z</time></trkpt><trkpt lat="42.696920" lon="1.399155"><ele>1877.613</ele><time>2019-08-13T06:16:45Z</time></trkpt><trkpt lat="42.696929" lon="1.399110"><ele>1880.508</ele><time>2019-08-13T06:17:02Z</time></trkpt><trkpt lat="42.696948" lon="1.399072"><ele>1884.887</ele><time>2019-08-13T06:17:17Z</time></trkpt><trkpt lat="42.696960" lon="1.398980"><ele>1888.253</ele><time>2019-08-13T06:17:33Z</time></trkpt><trkpt lat="42.696947" lon="1.398926"><ele>1890.123</ele><time>2019-08-13T06:17:50Z</time></trkpt><trkpt lat="42.696929" lon="1.398889"><ele>1893.931</ele><time>2019-08-13T06:18:04Z</time></trkpt><trkpt lat="42.696866" lon="1.398874"><ele>1898.399</ele><time>2019-08-13T06:18:17Z</time></trkpt><trkpt lat="42.696864" lon="1.398817"><ele>1900.258</ele><time>2019-08-13T06:18:32Z</time></trkpt><trkpt lat="42.696872" lon="1.398760"><ele>1901.623</ele><time>2019-08-13T06:18:46Z</time></trkpt><trkpt lat="42.696849" lon="1.398739"><ele>1904.562</ele><time>2019-08-13T06:19:00Z</time></trkpt><trkpt lat="42.696863" lon="1.398706"><ele>1908.351</ele><time>2019-08-13T06:19:15Z</time></trkpt><trkpt lat="42.696883" lon="1.398667"><ele>1910.301</ele><time>2019-08-13T06:19:32Z</time></trkpt><trkpt lat="42.696907" lon="1.398659"><ele>1912.211</ele><time>2019-08-13T06:19:48Z</time></trkpt><trkpt lat="42.696883" lon="1.398625"><ele>1915.108</ele><time>2019-08-13T06:20:02Z</time></trkpt><trkpt lat="42.696915" lon="1.398580"><ele>1917.529</ele><time>2019-08-13T06:20:17Z</time></trkpt><trkpt lat="42.696966" lon="1.398522"><ele>1920.495</ele><time>2019-08-13T06:20:34Z</time></trkpt><trkpt lat="42.696991" lon="1.398499"><ele>1920.435</ele><time>2019-08-13T06:20:51Z</time></trkpt><trkpt lat="42.697038" lon="1.398381"><ele>1918.913</ele><time>2019-08-13T06:21:14Z</time></trkpt><trkpt lat="42.697077" lon="1.398340"><ele>1920.861</ele><time>2019-08-13T06:21:19Z</time></trkpt><trkpt lat="42.697068" lon="1.398179"><ele>1922.890</ele><time>2019-08-13T06:21:35Z</time></trkpt><trkpt lat="42.697096" lon="1.398072"><ele>1922.835</ele><time>2019-08-13T06:21:50Z</time></trkpt><trkpt lat="42.697093" lon="1.397976"><ele>1923.724</ele><time>2019-08-13T06:22:04Z</time></trkpt><trkpt lat="42.697064" lon="1.397892"><ele>1925.748</ele><time>2019-08-13T06:22:17Z</time></trkpt><trkpt lat="42.697046" lon="1.397817"><ele>1927.661</ele><time>2019-08-13T06:22:31Z</time></trkpt><trkpt lat="42.697020" lon="1.397725"><ele>1930.517</ele><time>2019-08-13T06:22:45Z</time></trkpt><trkpt lat="42.697024" lon="1.397647"><ele>1931.908</ele><time>2019-08-13T06:22:58Z</time></trkpt><trkpt lat="42.697040" lon="1.397553"><ele>1933.818</ele><time>2019-08-13T06:23:11Z</time></trkpt><trkpt lat="42.697043" lon="1.397443"><ele>1934.844</ele><time>2019-08-13T06:23:26Z</time></trkpt><trkpt lat="42.697042" lon="1.397439"><ele>1936.264</ele><time>2019-08-13T06:27:29Z</time></trkpt><trkpt lat="42.697000" lon="1.397361"><ele>1936.762</ele><time>2019-08-13T06:27:44Z</time></trkpt><trkpt lat="42.696944" lon="1.397272"><ele>1940.190</ele><time>2019-08-13T06:27:58Z</time></trkpt><trkpt lat="42.696922" lon="1.397162"><ele>1942.089</ele><time>2019-08-13T06:28:12Z</time></trkpt><trkpt lat="42.696848" lon="1.397081"><ele>1943.454</ele><time>2019-08-13T06:28:27Z</time></trkpt><trkpt lat="42.696794" lon="1.397059"><ele>1945.853</ele><time>2019-08-13T06:28:41Z</time></trkpt><trkpt lat="42.696727" lon="1.397081"><ele>1946.875</ele><time>2019-08-13T06:28:56Z</time></trkpt><trkpt lat="42.696703" lon="1.396986"><ele>1949.728</ele><time>2019-08-13T06:29:11Z</time></trkpt><trkpt lat="42.696660" lon="1.397031"><ele>1951.620</ele><time>2019-08-13T06:29:25Z</time></trkpt><trkpt lat="42.696621" lon="1.397015"><ele>1953.508</ele><time>2019-08-13T06:29:41Z</time></trkpt><trkpt lat="42.696601" lon="1.396994"><ele>1955.991</ele><time>2019-08-13T06:29:56Z</time></trkpt><trkpt lat="42.696561" lon="1.396968"><ele>1958.347</ele><time>2019-08-13T06:30:10Z</time></trkpt><trkpt lat="42.696517" lon="1.396986"><ele>1959.877</ele><time>2019-08-13T06:30:26Z</time></trkpt><trkpt lat="42.696487" lon="1.396918"><ele>1961.795</ele><time>2019-08-13T06:30:42Z</time></trkpt><trkpt lat="42.696452" lon="1.396912"><ele>1964.133</ele><time>2019-08-13T06:30:54Z</time></trkpt><trkpt lat="42.696439" lon="1.396841"><ele>1968.042</ele><time>2019-08-13T06:31:13Z</time></trkpt><trkpt lat="42.696432" lon="1.396764"><ele>1970.847</ele><time>2019-08-13T06:31:27Z</time></trkpt><trkpt lat="42.696401" lon="1.396746"><ele>1971.876</ele><time>2019-08-13T06:31:41Z</time></trkpt><trkpt lat="42.696374" lon="1.396739"><ele>1973.765</ele><time>2019-08-13T06:31:56Z</time></trkpt><trkpt lat="42.696370" lon="1.396677"><ele>1977.168</ele><time>2019-08-13T06:32:09Z</time></trkpt><trkpt lat="42.696333" lon="1.396660"><ele>1979.014</ele><time>2019-08-13T06:32:23Z</time></trkpt><trkpt lat="42.696297" lon="1.396668"><ele>1980.908</ele><time>2019-08-13T06:32:36Z</time></trkpt><trkpt lat="42.696254" lon="1.396728"><ele>1983.370</ele><time>2019-08-13T06:32:52Z</time></trkpt><trkpt lat="42.696236" lon="1.396635"><ele>1986.726</ele><time>2019-08-13T06:33:04Z</time></trkpt><trkpt lat="42.696178" lon="1.396611"><ele>1988.176</ele><time>2019-08-13T06:33:19Z</time></trkpt><trkpt lat="42.696106" lon="1.396548"><ele>1990.194</ele><time>2019-08-13T06:33:34Z</time></trkpt><trkpt lat="42.696028" lon="1.396520"><ele>1991.572</ele><time>2019-08-13T06:33:48Z</time></trkpt><trkpt lat="42.695947" lon="1.396467"><ele>1992.021</ele><time>2019-08-13T06:34:03Z</time></trkpt><trkpt lat="42.695884" lon="1.396392"><ele>1995.846</ele><time>2019-08-13T06:34:16Z</time></trkpt><trkpt lat="42.695834" lon="1.396372"><ele>1998.275</ele><time>2019-08-13T06:34:30Z</time></trkpt><trkpt lat="42.695778" lon="1.396366"><ele>2001.639</ele><time>2019-08-13T06:34:44Z</time></trkpt><trkpt lat="42.695734" lon="1.396326"><ele>2005.401</ele><time>2019-08-13T06:34:58Z</time></trkpt><trkpt lat="42.695682" lon="1.396334"><ele>2006.421</ele><time>2019-08-13T06:35:11Z</time></trkpt><trkpt lat="42.695652" lon="1.396247"><ele>2009.808</ele><time>2019-08-13T06:35:28Z</time></trkpt><trkpt lat="42.695605" lon="1.396223"><ele>2010.257</ele><time>2019-08-13T06:35:42Z</time></trkpt><trkpt lat="42.695570" lon="1.396176"><ele>2013.193</ele><time>2019-08-13T06:35:55Z</time></trkpt><trkpt lat="42.695528" lon="1.396154"><ele>2015.183</ele><time>2019-08-13T06:36:09Z</time></trkpt><trkpt lat="42.695471" lon="1.396167"><ele>2015.551</ele><time>2019-08-13T06:36:23Z</time></trkpt><trkpt lat="42.695424" lon="1.396149"><ele>2017.519</ele><time>2019-08-13T06:36:38Z</time></trkpt><trkpt lat="42.695392" lon="1.396085"><ele>2021.378</ele><time>2019-08-13T06:36:54Z</time></trkpt><trkpt lat="42.695366" lon="1.396056"><ele>2021.323</ele><time>2019-08-13T06:37:10Z</time></trkpt><trkpt lat="42.695344" lon="1.396037"><ele>2022.362</ele><time>2019-08-13T06:37:48Z</time></trkpt><trkpt lat="42.695303" lon="1.396004"><ele>2024.212</ele><time>2019-08-13T06:38:02Z</time></trkpt><trkpt lat="42.695263" lon="1.396006"><ele>2026.132</ele><time>2019-08-13T06:38:17Z</time></trkpt><trkpt lat="42.695228" lon="1.396011"><ele>2029.005</ele><time>2019-08-13T06:38:29Z</time></trkpt><trkpt lat="42.695198" lon="1.396076"><ele>2030.908</ele><time>2019-08-13T06:38:42Z</time></trkpt><trkpt lat="42.695175" lon="1.396066"><ele>2034.315</ele><time>2019-08-13T06:38:56Z</time></trkpt><trkpt lat="42.695115" lon="1.396019"><ele>2038.131</ele><time>2019-08-13T06:39:15Z</time></trkpt><trkpt lat="42.695108" lon="1.396088"><ele>2039.691</ele><time>2019-08-13T06:39:28Z</time></trkpt><trkpt lat="42.695074" lon="1.396148"><ele>2042.529</ele><time>2019-08-13T06:39:44Z</time></trkpt><trkpt lat="42.695038" lon="1.396185"><ele>2044.917</ele><time>2019-08-13T06:40:00Z</time></trkpt><trkpt lat="42.694998" lon="1.396197"><ele>2046.886</ele><time>2019-08-13T06:40:16Z</time></trkpt><trkpt lat="42.694935" lon="1.396224"><ele>2048.721</ele><time>2019-08-13T06:40:31Z</time></trkpt><trkpt lat="42.694859" lon="1.396166"><ele>2051.180</ele><time>2019-08-13T06:40:49Z</time></trkpt><trkpt lat="42.694808" lon="1.396161"><ele>2053.573</ele><time>2019-08-13T06:41:02Z</time></trkpt><trkpt lat="42.694750" lon="1.396155"><ele>2055.485</ele><time>2019-08-13T06:41:17Z</time></trkpt><trkpt lat="42.694693" lon="1.396084"><ele>2057.413</ele><time>2019-08-13T06:41:33Z</time></trkpt><trkpt lat="42.694685" lon="1.396012"><ele>2060.708</ele><time>2019-08-13T06:41:50Z</time></trkpt><trkpt lat="42.694645" lon="1.395978"><ele>2062.621</ele><time>2019-08-13T06:42:03Z</time></trkpt><trkpt lat="42.694624" lon="1.395993"><ele>2064.177</ele><time>2019-08-13T06:42:18Z</time></trkpt><trkpt lat="42.694593" lon="1.395956"><ele>2064.657</ele><time>2019-08-13T06:42:43Z</time></trkpt><trkpt lat="42.694552" lon="1.395916"><ele>2066.075</ele><time>2019-08-13T06:42:57Z</time></trkpt><trkpt lat="42.694501" lon="1.395865"><ele>2068.443</ele><time>2019-08-13T06:43:12Z</time></trkpt><trkpt lat="42.694437" lon="1.395852"><ele>2071.862</ele><time>2019-08-13T06:43:27Z</time></trkpt><trkpt lat="42.694387" lon="1.395878"><ele>2073.767</ele><time>2019-08-13T06:43:39Z</time></trkpt><trkpt lat="42.694358" lon="1.395948"><ele>2076.156</ele><time>2019-08-13T06:43:53Z</time></trkpt><trkpt lat="42.694349" lon="1.395973"><ele>2076.615</ele><time>2019-08-13T06:43:57Z</time></trkpt><trkpt lat="42.694244" lon="1.395974"><ele>2079.565</ele><time>2019-08-13T06:44:12Z</time></trkpt><trkpt lat="42.694202" lon="1.396031"><ele>2080.411</ele><time>2019-08-13T06:44:24Z</time></trkpt><trkpt lat="42.694150" lon="1.396085"><ele>2081.908</ele><time>2019-08-13T06:44:37Z</time></trkpt><trkpt lat="42.694076" lon="1.396091"><ele>2083.885</ele><time>2019-08-13T06:44:51Z</time></trkpt><trkpt lat="42.694022" lon="1.396151"><ele>2086.291</ele><time>2019-08-13T06:45:04Z</time></trkpt><trkpt lat="42.693964" lon="1.396129"><ele>2087.281</ele><time>2019-08-13T06:45:18Z</time></trkpt><trkpt lat="42.693923" lon="1.396122"><ele>2090.579</ele><time>2019-08-13T06:45:32Z</time></trkpt><trkpt lat="42.693895" lon="1.396169"><ele>2091.537</ele><time>2019-08-13T06:45:46Z</time></trkpt><trkpt lat="42.693838" lon="1.396221"><ele>2092.956</ele><time>2019-08-13T06:46:01Z</time></trkpt><trkpt lat="42.693775" lon="1.396236"><ele>2094.491</ele><time>2019-08-13T06:46:18Z</time></trkpt><trkpt lat="42.693724" lon="1.396256"><ele>2096.890</ele><time>2019-08-13T06:46:32Z</time></trkpt><trkpt lat="42.693697" lon="1.396291"><ele>2098.718</ele><time>2019-08-13T06:46:45Z</time></trkpt><trkpt lat="42.693631" lon="1.396306"><ele>2101.198</ele><time>2019-08-13T06:46:59Z</time></trkpt><trkpt lat="42.693599" lon="1.396309"><ele>2102.517</ele><time>2019-08-13T06:47:11Z</time></trkpt><trkpt lat="42.693578" lon="1.396365"><ele>2104.008</ele><time>2019-08-13T06:47:26Z</time></trkpt><trkpt lat="42.693549" lon="1.396428"><ele>2104.565</ele><time>2019-08-13T06:47:39Z</time></trkpt><trkpt lat="42.693491" lon="1.396410"><ele>2105.991</ele><time>2019-08-13T06:47:53Z</time></trkpt><trkpt lat="42.693457" lon="1.396433"><ele>2108.331</ele><time>2019-08-13T06:48:07Z</time></trkpt><trkpt lat="42.693423" lon="1.396370"><ele>2109.839</ele><time>2019-08-13T06:48:23Z</time></trkpt><trkpt lat="42.693393" lon="1.396314"><ele>2114.117</ele><time>2019-08-13T06:48:39Z</time></trkpt><trkpt lat="42.693346" lon="1.396311"><ele>2117.046</ele><time>2019-08-13T06:48:55Z</time></trkpt><trkpt lat="42.693331" lon="1.396271"><ele>2119.431</ele><time>2019-08-13T06:49:11Z</time></trkpt><trkpt lat="42.693281" lon="1.396272"><ele>2121.810</ele><time>2019-08-13T06:49:25Z</time></trkpt><trkpt lat="42.693248" lon="1.396307"><ele>2124.661</ele><time>2019-08-13T06:49:37Z</time></trkpt><trkpt lat="42.693211" lon="1.396340"><ele>2127.121</ele><time>2019-08-13T06:49:50Z</time></trkpt><trkpt lat="42.693169" lon="1.396368"><ele>2128.513</ele><time>2019-08-13T06:50:09Z</time></trkpt><trkpt lat="42.693158" lon="1.396282"><ele>2129.908</ele><time>2019-08-13T06:50:25Z</time></trkpt><trkpt lat="42.693147" lon="1.396249"><ele>2129.550</ele><time>2019-08-13T06:50:57Z</time></trkpt><trkpt lat="42.693107" lon="1.396236"><ele>2132.316</ele><time>2019-08-13T06:51:11Z</time></trkpt><trkpt lat="42.693084" lon="1.396226"><ele>2135.726</ele><time>2019-08-13T06:51:25Z</time></trkpt><trkpt lat="42.693086" lon="1.396293"><ele>2138.194</ele><time>2019-08-13T06:51:35Z</time></trkpt><trkpt lat="42.693055" lon="1.396306"><ele>2141.082</ele><time>2019-08-13T06:51:49Z</time></trkpt><trkpt lat="42.693025" lon="1.396340"><ele>2141.911</ele><time>2019-08-13T06:52:03Z</time></trkpt><trkpt lat="42.692990" lon="1.396321"><ele>2143.996</ele><time>2019-08-13T06:52:17Z</time></trkpt><trkpt lat="42.692964" lon="1.396238"><ele>2145.895</ele><time>2019-08-13T06:52:33Z</time></trkpt><trkpt lat="42.692959" lon="1.396166"><ele>2148.235</ele><time>2019-08-13T06:52:48Z</time></trkpt><trkpt lat="42.692952" lon="1.396094"><ele>2151.686</ele><time>2019-08-13T06:53:05Z</time></trkpt><trkpt lat="42.692928" lon="1.396044"><ele>2154.014</ele><time>2019-08-13T06:53:17Z</time></trkpt><trkpt lat="42.692918" lon="1.396015"><ele>2156.408</ele><time>2019-08-13T06:53:31Z</time></trkpt><trkpt lat="42.692924" lon="1.395958"><ele>2156.937</ele><time>2019-08-13T06:53:43Z</time></trkpt><trkpt lat="42.692876" lon="1.395988"><ele>2158.353</ele><time>2019-08-13T06:53:54Z</time></trkpt><trkpt lat="42.692830" lon="1.396002"><ele>2160.243</ele><time>2019-08-13T06:54:07Z</time></trkpt><trkpt lat="42.692799" lon="1.395931"><ele>2163.641</ele><time>2019-08-13T06:54:22Z</time></trkpt><trkpt lat="42.692786" lon="1.395915"><ele>2166.039</ele><time>2019-08-13T06:54:34Z</time></trkpt><trkpt lat="42.692739" lon="1.395976"><ele>2167.458</ele><time>2019-08-13T06:54:50Z</time></trkpt><trkpt lat="42.692708" lon="1.395986"><ele>2169.863</ele><time>2019-08-13T06:55:05Z</time></trkpt><trkpt lat="42.692668" lon="1.395984"><ele>2172.722</ele><time>2019-08-13T06:55:21Z</time></trkpt><trkpt lat="42.692648" lon="1.395883"><ele>2175.687</ele><time>2019-08-13T06:55:37Z</time></trkpt><trkpt lat="42.692600" lon="1.395888"><ele>2177.042</ele><time>2019-08-13T06:55:51Z</time></trkpt><trkpt lat="42.692552" lon="1.395891"><ele>2179.026</ele><time>2019-08-13T06:56:06Z</time></trkpt><trkpt lat="42.692506" lon="1.395836"><ele>2181.408</ele><time>2019-08-13T06:56:23Z</time></trkpt><trkpt lat="42.692460" lon="1.395780"><ele>2183.872</ele><time>2019-08-13T06:56:37Z</time></trkpt><trkpt lat="42.692414" lon="1.395720"><ele>2185.738</ele><time>2019-08-13T06:56:54Z</time></trkpt><trkpt lat="42.692371" lon="1.395644"><ele>2186.798</ele><time>2019-08-13T06:57:10Z</time></trkpt><trkpt lat="42.692325" lon="1.395689"><ele>2189.546</ele><time>2019-08-13T06:57:24Z</time></trkpt><trkpt lat="42.692289" lon="1.395625"><ele>2193.464</ele><time>2019-08-13T06:57:39Z</time></trkpt><trkpt lat="42.692223" lon="1.395588"><ele>2195.843</ele><time>2019-08-13T06:57:55Z</time></trkpt><trkpt lat="42.692192" lon="1.395571"><ele>2196.398</ele><time>2019-08-13T06:58:11Z</time></trkpt><trkpt lat="42.692162" lon="1.395547"><ele>2197.757</ele><time>2019-08-13T06:58:24Z</time></trkpt><trkpt lat="42.692135" lon="1.395604"><ele>2201.158</ele><time>2019-08-13T06:58:39Z</time></trkpt><trkpt lat="42.692089" lon="1.395666"><ele>2204.452</ele><time>2019-08-13T06:58:53Z</time></trkpt><trkpt lat="42.692007" lon="1.395680"><ele>2206.417</ele><time>2019-08-13T06:59:09Z</time></trkpt><trkpt lat="42.691931" lon="1.395664"><ele>2205.908</ele><time>2019-08-13T06:59:24Z</time></trkpt><trkpt lat="42.691874" lon="1.395612"><ele>2208.359</ele><time>2019-08-13T06:59:38Z</time></trkpt><trkpt lat="42.691814" lon="1.395636"><ele>2210.225</ele><time>2019-08-13T06:59:53Z</time></trkpt><trkpt lat="42.691732" lon="1.395652"><ele>2210.275</ele><time>2019-08-13T07:00:07Z</time></trkpt><trkpt lat="42.691671" lon="1.395654"><ele>2212.133</ele><time>2019-08-13T07:00:23Z</time></trkpt><trkpt lat="42.691621" lon="1.395683"><ele>2216.041</ele><time>2019-08-13T07:00:37Z</time></trkpt><trkpt lat="42.691567" lon="1.395691"><ele>2217.980</ele><time>2019-08-13T07:00:51Z</time></trkpt><trkpt lat="42.691549" lon="1.395691"><ele>2217.995</ele><time>2019-08-13T07:00:55Z</time></trkpt><trkpt lat="42.691483" lon="1.395687"><ele>2219.894</ele><time>2019-08-13T07:01:06Z</time></trkpt><trkpt lat="42.691422" lon="1.395783"><ele>2220.876</ele><time>2019-08-13T07:01:21Z</time></trkpt><trkpt lat="42.691374" lon="1.395862"><ele>2223.790</ele><time>2019-08-13T07:01:36Z</time></trkpt><trkpt lat="42.691385" lon="1.395865"><ele>2224.619</ele><time>2019-08-13T07:02:03Z</time></trkpt><trkpt lat="42.691335" lon="1.395867"><ele>2223.208</ele><time>2019-08-13T07:02:16Z</time></trkpt><trkpt lat="42.691298" lon="1.395826"><ele>2222.241</ele><time>2019-08-13T07:02:28Z</time></trkpt><trkpt lat="42.691188" lon="1.395661"><ele>2226.637</ele><time>2019-08-13T07:02:53Z</time></trkpt><trkpt lat="42.691156" lon="1.395587"><ele>2227.517</ele><time>2019-08-13T07:03:07Z</time></trkpt><trkpt lat="42.691107" lon="1.395468"><ele>2229.475</ele><time>2019-08-13T07:03:20Z</time></trkpt><trkpt lat="42.691112" lon="1.395409"><ele>2230.443</ele><time>2019-08-13T07:03:35Z</time></trkpt><trkpt lat="42.691057" lon="1.395312"><ele>2230.492</ele><time>2019-08-13T07:10:04Z</time></trkpt><trkpt lat="42.691037" lon="1.395255"><ele>2230.967</ele><time>2019-08-13T07:10:11Z</time></trkpt><trkpt lat="42.691001" lon="1.395164"><ele>2231.496</ele><time>2019-08-13T07:10:19Z</time></trkpt><trkpt lat="42.690958" lon="1.395200"><ele>2231.479</ele><time>2019-08-13T07:10:27Z</time></trkpt><trkpt lat="42.690900" lon="1.395258"><ele>2230.405</ele><time>2019-08-13T07:10:39Z</time></trkpt><trkpt lat="42.690826" lon="1.395176"><ele>2233.325</ele><time>2019-08-13T07:10:53Z</time></trkpt><trkpt lat="42.690780" lon="1.395123"><ele>2235.708</ele><time>2019-08-13T07:11:05Z</time></trkpt><trkpt lat="42.690721" lon="1.395169"><ele>2238.611</ele><time>2019-08-13T07:11:18Z</time></trkpt><trkpt lat="42.690662" lon="1.395179"><ele>2241.017</ele><time>2019-08-13T07:11:33Z</time></trkpt><trkpt lat="42.690618" lon="1.395101"><ele>2242.967</ele><time>2019-08-13T07:11:47Z</time></trkpt><trkpt lat="42.690615" lon="1.395005"><ele>2244.815</ele><time>2019-08-13T07:12:00Z</time></trkpt><trkpt lat="42.690566" lon="1.394931"><ele>2249.133</ele><time>2019-08-13T07:12:15Z</time></trkpt><trkpt lat="42.690528" lon="1.394939"><ele>2252.062</ele><time>2019-08-13T07:12:28Z</time></trkpt><trkpt lat="42.690484" lon="1.395000"><ele>2253.937</ele><time>2019-08-13T07:12:42Z</time></trkpt><trkpt lat="42.690450" lon="1.395090"><ele>2252.596</ele><time>2019-08-13T07:12:57Z</time></trkpt><trkpt lat="42.690379" lon="1.395106"><ele>2255.433</ele><time>2019-08-13T07:13:11Z</time></trkpt><trkpt lat="42.690331" lon="1.395056"><ele>2258.323</ele><time>2019-08-13T07:13:24Z</time></trkpt><trkpt lat="42.690278" lon="1.395001"><ele>2259.715</ele><time>2019-08-13T07:13:39Z</time></trkpt><trkpt lat="42.690218" lon="1.395034"><ele>2261.208</ele><time>2019-08-13T07:13:52Z</time></trkpt><trkpt lat="42.690175" lon="1.395079"><ele>2263.677</ele><time>2019-08-13T07:14:04Z</time></trkpt><trkpt lat="42.690122" lon="1.395144"><ele>2265.583</ele><time>2019-08-13T07:14:19Z</time></trkpt><trkpt lat="42.690065" lon="1.395212"><ele>2266.083</ele><time>2019-08-13T07:14:33Z</time></trkpt><trkpt lat="42.690012" lon="1.395272"><ele>2268.441</ele><time>2019-08-13T07:14:46Z</time></trkpt><trkpt lat="42.689983" lon="1.395327"><ele>2271.359</ele><time>2019-08-13T07:14:58Z</time></trkpt><trkpt lat="42.689959" lon="1.395379"><ele>2274.638</ele><time>2019-08-13T07:15:11Z</time></trkpt><trkpt lat="42.689945" lon="1.395431"><ele>2277.063</ele><time>2019-08-13T07:15:27Z</time></trkpt><trkpt lat="42.689898" lon="1.395443"><ele>2281.492</ele><time>2019-08-13T07:15:41Z</time></trkpt><trkpt lat="42.689857" lon="1.395449"><ele>2283.829</ele><time>2019-08-13T07:15:54Z</time></trkpt><trkpt lat="42.689809" lon="1.395404"><ele>2284.200</ele><time>2019-08-13T07:16:09Z</time></trkpt><trkpt lat="42.689776" lon="1.395410"><ele>2285.220</ele><time>2019-08-13T07:16:17Z</time></trkpt><trkpt lat="42.689688" lon="1.395404"><ele>2287.608</ele><time>2019-08-13T07:16:31Z</time></trkpt><trkpt lat="42.689597" lon="1.395344"><ele>2290.086</ele><time>2019-08-13T07:16:47Z</time></trkpt><trkpt lat="42.689539" lon="1.395376"><ele>2290.542</ele><time>2019-08-13T07:17:01Z</time></trkpt><trkpt lat="42.689512" lon="1.395420"><ele>2290.012</ele><time>2019-08-13T07:17:15Z</time></trkpt><trkpt lat="42.689470" lon="1.395506"><ele>2291.430</ele><time>2019-08-13T07:17:30Z</time></trkpt><trkpt lat="42.689457" lon="1.395600"><ele>2293.828</ele><time>2019-08-13T07:17:43Z</time></trkpt><trkpt lat="42.689393" lon="1.395645"><ele>2295.837</ele><time>2019-08-13T07:17:59Z</time></trkpt><trkpt lat="42.689322" lon="1.395633"><ele>2298.682</ele><time>2019-08-13T07:18:13Z</time></trkpt><trkpt lat="42.689289" lon="1.395613"><ele>2300.171</ele><time>2019-08-13T07:18:26Z</time></trkpt><trkpt lat="42.689224" lon="1.395515"><ele>2301.529</ele><time>2019-08-13T07:18:41Z</time></trkpt><trkpt lat="42.689162" lon="1.395519"><ele>2303.500</ele><time>2019-08-13T07:18:58Z</time></trkpt><trkpt lat="42.689135" lon="1.395568"><ele>2308.320</ele><time>2019-08-13T07:19:12Z</time></trkpt><trkpt lat="42.689097" lon="1.395633"><ele>2309.708</ele><time>2019-08-13T07:19:26Z</time></trkpt><trkpt lat="42.689040" lon="1.395655"><ele>2313.166</ele><time>2019-08-13T07:19:41Z</time></trkpt><trkpt lat="42.688979" lon="1.395621"><ele>2316.472</ele><time>2019-08-13T07:19:55Z</time></trkpt><trkpt lat="42.688946" lon="1.395649"><ele>2317.912</ele><time>2019-08-13T07:20:08Z</time></trkpt><trkpt lat="42.688915" lon="1.395707"><ele>2319.810</ele><time>2019-08-13T07:20:22Z</time></trkpt><trkpt lat="42.688856" lon="1.395726"><ele>2322.238</ele><time>2019-08-13T07:20:34Z</time></trkpt><trkpt lat="42.688803" lon="1.395680"><ele>2324.197</ele><time>2019-08-13T07:20:48Z</time></trkpt><trkpt lat="42.688756" lon="1.395679"><ele>2326.142</ele><time>2019-08-13T07:21:02Z</time></trkpt><trkpt lat="42.688686" lon="1.395672"><ele>2327.011</ele><time>2019-08-13T07:21:14Z</time></trkpt><trkpt lat="42.688636" lon="1.395769"><ele>2330.945</ele><time>2019-08-13T07:21:31Z</time></trkpt><trkpt lat="42.688562" lon="1.395828"><ele>2334.747</ele><time>2019-08-13T07:21:45Z</time></trkpt><trkpt lat="42.688560" lon="1.395885"><ele>2335.211</ele><time>2019-08-13T07:22:00Z</time></trkpt><trkpt lat="42.688517" lon="1.395946"><ele>2336.608</ele><time>2019-08-13T07:22:13Z</time></trkpt><trkpt lat="42.688471" lon="1.395976"><ele>2338.128</ele><time>2019-08-13T07:22:26Z</time></trkpt><trkpt lat="42.688462" lon="1.396043"><ele>2339.584</ele><time>2019-08-13T07:22:40Z</time></trkpt><trkpt lat="42.688392" lon="1.396025"><ele>2339.574</ele><time>2019-08-13T07:22:55Z</time></trkpt><trkpt lat="42.688339" lon="1.395990"><ele>2342.922</ele><time>2019-08-13T07:23:10Z</time></trkpt><trkpt lat="42.688252" lon="1.395968"><ele>2343.820</ele><time>2019-08-13T07:23:25Z</time></trkpt><trkpt lat="42.688155" lon="1.395936"><ele>2344.859</ele><time>2019-08-13T07:23:39Z</time></trkpt><trkpt lat="42.688149" lon="1.395938"><ele>2345.364</ele><time>2019-08-13T07:23:40Z</time></trkpt><trkpt lat="42.688013" lon="1.395972"><ele>2346.253</ele><time>2019-08-13T07:23:55Z</time></trkpt><trkpt lat="42.687930" lon="1.395976"><ele>2342.495</ele><time>2019-08-13T07:24:07Z</time></trkpt><trkpt lat="42.687887" lon="1.396019"><ele>2344.349</ele><time>2019-08-13T07:24:20Z</time></trkpt><trkpt lat="42.687826" lon="1.395953"><ele>2346.223</ele><time>2019-08-13T07:24:34Z</time></trkpt><trkpt lat="42.687809" lon="1.395991"><ele>2345.308</ele><time>2019-08-13T07:24:46Z</time></trkpt><trkpt lat="42.687758" lon="1.396035"><ele>2345.843</ele><time>2019-08-13T07:24:58Z</time></trkpt><trkpt lat="42.687692" lon="1.396080"><ele>2348.269</ele><time>2019-08-13T07:25:12Z</time></trkpt><trkpt lat="42.687666" lon="1.396151"><ele>2348.639</ele><time>2019-08-13T07:25:23Z</time></trkpt><trkpt lat="42.687624" lon="1.396109"><ele>2351.587</ele><time>2019-08-13T07:25:35Z</time></trkpt><trkpt lat="42.687548" lon="1.396150"><ele>2353.065</ele><time>2019-08-13T07:25:49Z</time></trkpt><trkpt lat="42.687476" lon="1.396129"><ele>2356.394</ele><time>2019-08-13T07:26:00Z</time></trkpt><trkpt lat="42.687414" lon="1.396085"><ele>2358.749</ele><time>2019-08-13T07:26:12Z</time></trkpt><trkpt lat="42.687352" lon="1.396136"><ele>2361.148</ele><time>2019-08-13T07:26:27Z</time></trkpt><trkpt lat="42.687259" lon="1.396138"><ele>2362.118</ele><time>2019-08-13T07:26:42Z</time></trkpt><trkpt lat="42.687196" lon="1.396157"><ele>2364.098</ele><time>2019-08-13T07:26:59Z</time></trkpt><trkpt lat="42.687135" lon="1.396169"><ele>2365.517</ele><time>2019-08-13T07:27:16Z</time></trkpt><trkpt lat="42.687145" lon="1.396202"><ele>2367.908</ele><time>2019-08-13T07:27:27Z</time></trkpt><trkpt lat="42.687083" lon="1.396255"><ele>2369.865</ele><time>2019-08-13T07:27:41Z</time></trkpt><trkpt lat="42.687018" lon="1.396230"><ele>2372.221</ele><time>2019-08-13T07:27:53Z</time></trkpt><trkpt lat="42.686951" lon="1.396196"><ele>2373.611</ele><time>2019-08-13T07:28:08Z</time></trkpt><trkpt lat="42.686871" lon="1.396195"><ele>2375.149</ele><time>2019-08-13T07:28:24Z</time></trkpt><trkpt lat="42.686812" lon="1.396168"><ele>2376.577</ele><time>2019-08-13T07:28:37Z</time></trkpt><trkpt lat="42.686719" lon="1.396200"><ele>2374.626</ele><time>2019-08-13T07:28:52Z</time></trkpt><trkpt lat="42.686645" lon="1.396182"><ele>2374.641</ele><time>2019-08-13T07:29:03Z</time></trkpt><trkpt lat="42.686592" lon="1.396137"><ele>2374.630</ele><time>2019-08-13T07:29:10Z</time></trkpt><trkpt lat="42.686579" lon="1.396112"><ele>2374.651</ele><time>2019-08-13T07:29:12Z</time></trkpt><trkpt lat="42.686471" lon="1.396017"><ele>2374.601</ele><time>2019-08-13T07:29:27Z</time></trkpt><trkpt lat="42.686369" lon="1.395959"><ele>2372.211</ele><time>2019-08-13T07:29:40Z</time></trkpt><trkpt lat="42.686282" lon="1.395995"><ele>2373.108</ele><time>2019-08-13T07:29:53Z</time></trkpt><trkpt lat="42.686163" lon="1.396008"><ele>2376.079</ele><time>2019-08-13T07:30:06Z</time></trkpt><trkpt lat="42.686095" lon="1.395960"><ele>2375.185</ele><time>2019-08-13T07:30:20Z</time></trkpt><trkpt lat="42.686054" lon="1.395945"><ele>2377.595</ele><time>2019-08-13T07:30:34Z</time></trkpt><trkpt lat="42.685990" lon="1.395875"><ele>2377.023</ele><time>2019-08-13T07:30:48Z</time></trkpt><trkpt lat="42.685926" lon="1.395890"><ele>2377.551</ele><time>2019-08-13T07:31:02Z</time></trkpt><trkpt lat="42.685862" lon="1.395888"><ele>2378.450</ele><time>2019-08-13T07:31:15Z</time></trkpt><trkpt lat="42.685782" lon="1.395846"><ele>2379.435</ele><time>2019-08-13T07:31:28Z</time></trkpt><trkpt lat="42.685751" lon="1.395827"><ele>2378.984</ele><time>2019-08-13T07:31:32Z</time></trkpt><trkpt lat="42.685653" lon="1.395745"><ele>2376.527</ele><time>2019-08-13T07:31:47Z</time></trkpt><trkpt lat="42.685558" lon="1.395646"><ele>2375.668</ele><time>2019-08-13T07:32:00Z</time></trkpt><trkpt lat="42.685460" lon="1.395552"><ele>2377.514</ele><time>2019-08-13T07:32:15Z</time></trkpt><trkpt lat="42.685342" lon="1.395525"><ele>2375.608</ele><time>2019-08-13T07:32:28Z</time></trkpt><trkpt lat="42.685268" lon="1.395451"><ele>2378.476</ele><time>2019-08-13T07:32:43Z</time></trkpt><trkpt lat="42.685229" lon="1.395393"><ele>2378.442</ele><time>2019-08-13T07:32:56Z</time></trkpt><trkpt lat="42.685172" lon="1.395347"><ele>2378.022</ele><time>2019-08-13T07:33:16Z</time></trkpt><trkpt lat="42.685113" lon="1.395272"><ele>2377.590</ele><time>2019-08-13T07:33:26Z</time></trkpt><trkpt lat="42.684983" lon="1.395234"><ele>2378.428</ele><time>2019-08-13T07:33:40Z</time></trkpt><trkpt lat="42.684954" lon="1.395227"><ele>2379.437</ele><time>2019-08-13T07:33:44Z</time></trkpt><trkpt lat="42.684835" lon="1.395229"><ele>2378.412</ele><time>2019-08-13T07:33:59Z</time></trkpt><trkpt lat="42.684780" lon="1.395145"><ele>2378.071</ele><time>2019-08-13T07:34:14Z</time></trkpt><trkpt lat="42.684765" lon="1.395128"><ele>2380.456</ele><time>2019-08-13T07:34:33Z</time></trkpt><trkpt lat="42.684717" lon="1.395069"><ele>2379.959</ele><time>2019-08-13T07:34:50Z</time></trkpt><trkpt lat="42.684650" lon="1.395012"><ele>2378.014</ele><time>2019-08-13T07:35:04Z</time></trkpt><trkpt lat="42.684560" lon="1.394946"><ele>2374.108</ele><time>2019-08-13T07:35:16Z</time></trkpt><trkpt lat="42.684452" lon="1.394902"><ele>2370.869</ele><time>2019-08-13T07:35:29Z</time></trkpt><trkpt lat="42.684440" lon="1.394892"><ele>2370.345</ele><time>2019-08-13T07:35:31Z</time></trkpt><trkpt lat="42.684305" lon="1.394785"><ele>2367.955</ele><time>2019-08-13T07:35:48Z</time></trkpt><trkpt lat="42.684204" lon="1.394785"><ele>2365.543</ele><time>2019-08-13T07:36:01Z</time></trkpt><trkpt lat="42.684127" lon="1.394717"><ele>2363.161</ele><time>2019-08-13T07:36:14Z</time></trkpt><trkpt lat="42.684094" lon="1.394694"><ele>2361.160</ele><time>2019-08-13T07:36:20Z</time></trkpt><trkpt lat="42.683986" lon="1.394670"><ele>2359.745</ele><time>2019-08-13T07:36:33Z</time></trkpt><trkpt lat="42.683909" lon="1.394648"><ele>2360.294</ele><time>2019-08-13T07:36:46Z</time></trkpt><trkpt lat="42.683816" lon="1.394577"><ele>2363.181</ele><time>2019-08-13T07:37:00Z</time></trkpt><trkpt lat="42.683739" lon="1.394613"><ele>2363.161</ele><time>2019-08-13T07:37:12Z</time></trkpt><trkpt lat="42.683552" lon="1.394648"><ele>2365.017</ele><time>2019-08-13T07:38:08Z</time></trkpt><trkpt lat="42.683503" lon="1.394629"><ele>2366.908</ele><time>2019-08-13T07:38:25Z</time></trkpt><trkpt lat="42.683430" lon="1.394583"><ele>2370.842</ele><time>2019-08-13T07:38:42Z</time></trkpt><trkpt lat="42.683322" lon="1.394594"><ele>2375.158</ele><time>2019-08-13T07:38:58Z</time></trkpt><trkpt lat="42.683231" lon="1.394589"><ele>2374.178</ele><time>2019-08-13T07:39:10Z</time></trkpt><trkpt lat="42.683120" lon="1.394578"><ele>2374.176</ele><time>2019-08-13T07:39:25Z</time></trkpt><trkpt lat="42.683046" lon="1.394537"><ele>2375.134</ele><time>2019-08-13T07:39:39Z</time></trkpt><trkpt lat="42.682958" lon="1.394511"><ele>2374.653</ele><time>2019-08-13T07:39:53Z</time></trkpt><trkpt lat="42.682889" lon="1.394469"><ele>2378.478</ele><time>2019-08-13T07:40:07Z</time></trkpt><trkpt lat="42.682828" lon="1.394461"><ele>2380.447</ele><time>2019-08-13T07:40:21Z</time></trkpt><trkpt lat="42.682759" lon="1.394417"><ele>2386.642</ele><time>2019-08-13T07:40:37Z</time></trkpt><trkpt lat="42.682694" lon="1.394391"><ele>2388.522</ele><time>2019-08-13T07:40:50Z</time></trkpt><trkpt lat="42.682626" lon="1.394335"><ele>2389.014</ele><time>2019-08-13T07:41:05Z</time></trkpt><trkpt lat="42.682560" lon="1.394300"><ele>2388.108</ele><time>2019-08-13T07:41:16Z</time></trkpt><trkpt lat="42.682487" lon="1.394289"><ele>2390.968</ele><time>2019-08-13T07:41:29Z</time></trkpt><trkpt lat="42.682411" lon="1.394253"><ele>2391.474</ele><time>2019-08-13T07:41:40Z</time></trkpt><trkpt lat="42.682344" lon="1.394182"><ele>2392.924</ele><time>2019-08-13T07:41:52Z</time></trkpt><trkpt lat="42.682274" lon="1.394128"><ele>2398.142</ele><time>2019-08-13T07:42:05Z</time></trkpt><trkpt lat="42.682277" lon="1.394113"><ele>2398.160</ele><time>2019-08-13T07:42:06Z</time></trkpt><trkpt lat="42.682263" lon="1.393982"><ele>2400.119</ele><time>2019-08-13T07:42:20Z</time></trkpt><trkpt lat="42.682169" lon="1.393948"><ele>2404.974</ele><time>2019-08-13T07:42:34Z</time></trkpt><trkpt lat="42.682091" lon="1.393936"><ele>2409.213</ele><time>2019-08-13T07:42:50Z</time></trkpt><trkpt lat="42.682000" lon="1.393966"><ele>2412.171</ele><time>2019-08-13T07:43:05Z</time></trkpt><trkpt lat="42.682000" lon="1.394024"><ele>2412.141</ele><time>2019-08-13T07:43:20Z</time></trkpt><trkpt lat="42.682006" lon="1.394063"><ele>2414.515</ele><time>2019-08-13T07:43:33Z</time></trkpt><trkpt lat="42.682000" lon="1.394110"><ele>2416.908</ele><time>2019-08-13T07:43:47Z</time></trkpt><trkpt lat="42.681941" lon="1.394149"><ele>2416.911</ele><time>2019-08-13T07:44:01Z</time></trkpt><trkpt lat="42.681904" lon="1.394195"><ele>2420.397</ele><time>2019-08-13T07:44:16Z</time></trkpt><trkpt lat="42.681964" lon="1.394232"><ele>2423.117</ele><time>2019-08-13T07:44:31Z</time></trkpt><trkpt lat="42.681964" lon="1.394290"><ele>2425.165</ele><time>2019-08-13T07:44:45Z</time></trkpt><trkpt lat="42.681964" lon="1.394339"><ele>2426.563</ele><time>2019-08-13T07:44:58Z</time></trkpt><trkpt lat="42.681905" lon="1.394396"><ele>2428.912</ele><time>2019-08-13T07:45:12Z</time></trkpt><trkpt lat="42.681865" lon="1.394446"><ele>2431.337</ele><time>2019-08-13T07:45:26Z</time></trkpt><trkpt lat="42.681849" lon="1.394432"><ele>2432.876</ele><time>2019-08-13T07:47:43Z</time></trkpt><trkpt lat="42.681810" lon="1.394500"><ele>2431.861</ele><time>2019-08-13T07:50:10Z</time></trkpt><trkpt lat="42.681768" lon="1.394477"><ele>2433.721</ele><time>2019-08-13T07:50:30Z</time></trkpt><trkpt lat="42.681697" lon="1.394503"><ele>2436.113</ele><time>2019-08-13T07:50:43Z</time></trkpt><trkpt lat="42.681636" lon="1.394521"><ele>2438.508</ele><time>2019-08-13T07:50:59Z</time></trkpt><trkpt lat="42.681570" lon="1.394569"><ele>2441.470</ele><time>2019-08-13T07:51:14Z</time></trkpt><trkpt lat="42.681503" lon="1.394573"><ele>2444.396</ele><time>2019-08-13T07:51:28Z</time></trkpt><trkpt lat="42.681467" lon="1.394578"><ele>2448.116</ele><time>2019-08-13T07:51:40Z</time></trkpt><trkpt lat="42.681446" lon="1.394574"><ele>2453.974</ele><time>2019-08-13T07:51:56Z</time></trkpt><trkpt lat="42.681405" lon="1.394546"><ele>2455.812</ele><time>2019-08-13T07:52:07Z</time></trkpt><trkpt lat="42.681373" lon="1.394576"><ele>2457.841</ele><time>2019-08-13T07:52:20Z</time></trkpt><trkpt lat="42.681338" lon="1.394575"><ele>2459.296</ele><time>2019-08-13T07:52:43Z</time></trkpt><trkpt lat="42.681291" lon="1.394578"><ele>2459.275</ele><time>2019-08-13T07:52:55Z</time></trkpt><trkpt lat="42.681217" lon="1.394551"><ele>2458.228</ele><time>2019-08-13T07:53:09Z</time></trkpt><trkpt lat="42.681152" lon="1.394581"><ele>2458.289</ele><time>2019-08-13T07:53:54Z</time></trkpt><trkpt lat="42.681115" lon="1.394603"><ele>2458.717</ele><time>2019-08-13T07:53:57Z</time></trkpt><trkpt lat="42.681044" lon="1.394626"><ele>2460.108</ele><time>2019-08-13T07:54:09Z</time></trkpt><trkpt lat="42.681054" lon="1.394709"><ele>2461.116</ele><time>2019-08-13T07:54:21Z</time></trkpt><trkpt lat="42.680998" lon="1.394738"><ele>2463.592</ele><time>2019-08-13T07:54:35Z</time></trkpt><trkpt lat="42.680994" lon="1.394789"><ele>2468.332</ele><time>2019-08-13T07:54:49Z</time></trkpt><trkpt lat="42.680997" lon="1.394840"><ele>2471.760</ele><time>2019-08-13T07:55:05Z</time></trkpt><trkpt lat="42.680993" lon="1.394904"><ele>2473.678</ele><time>2019-08-13T07:55:17Z</time></trkpt><trkpt lat="42.680985" lon="1.394953"><ele>2475.157</ele><time>2019-08-13T07:55:31Z</time></trkpt><trkpt lat="42.680993" lon="1.394998"><ele>2477.462</ele><time>2019-08-13T07:55:44Z</time></trkpt><trkpt lat="42.680979" lon="1.395067"><ele>2480.321</ele><time>2019-08-13T07:55:57Z</time></trkpt><trkpt lat="42.680958" lon="1.395114"><ele>2481.872</ele><time>2019-08-13T07:56:12Z</time></trkpt><trkpt lat="42.680955" lon="1.395189"><ele>2482.713</ele><time>2019-08-13T07:56:23Z</time></trkpt><trkpt lat="42.680924" lon="1.395268"><ele>2481.814</ele><time>2019-08-13T07:56:38Z</time></trkpt><trkpt lat="42.680916" lon="1.395326"><ele>2482.308</ele><time>2019-08-13T07:56:50Z</time></trkpt><trkpt lat="42.680876" lon="1.395394"><ele>2483.251</ele><time>2019-08-13T07:57:06Z</time></trkpt><trkpt lat="42.680894" lon="1.395436"><ele>2484.237</ele><time>2019-08-13T07:57:17Z</time></trkpt><trkpt lat="42.680847" lon="1.395505"><ele>2487.137</ele><time>2019-08-13T07:57:30Z</time></trkpt><trkpt lat="42.680802" lon="1.395628"><ele>2486.185</ele><time>2019-08-13T07:57:45Z</time></trkpt><trkpt lat="42.680807" lon="1.395693"><ele>2485.133</ele><time>2019-08-13T07:57:58Z</time></trkpt><trkpt lat="42.680827" lon="1.395688"><ele>2489.082</ele><time>2019-08-13T07:58:12Z</time></trkpt><trkpt lat="42.680788" lon="1.395750"><ele>2487.637</ele><time>2019-08-13T07:58:25Z</time></trkpt><trkpt lat="42.680818" lon="1.395766"><ele>2490.976</ele><time>2019-08-13T07:58:37Z</time></trkpt><trkpt lat="42.680802" lon="1.395782"><ele>2492.867</ele><time>2019-08-13T07:58:48Z</time></trkpt><trkpt lat="42.680772" lon="1.395830"><ele>2493.881</ele><time>2019-08-13T07:59:00Z</time></trkpt><trkpt lat="42.680825" lon="1.395857"><ele>2494.319</ele><time>2019-08-13T07:59:14Z</time></trkpt><trkpt lat="42.680846" lon="1.395870"><ele>2496.708</ele><time>2019-08-13T07:59:30Z</time></trkpt><trkpt lat="42.680803" lon="1.395965"><ele>2497.630</ele><time>2019-08-13T07:59:47Z</time></trkpt><trkpt lat="42.680777" lon="1.395950"><ele>2498.666</ele><time>2019-08-13T08:00:06Z</time></trkpt><trkpt lat="42.680782" lon="1.396047"><ele>2500.196</ele><time>2019-08-13T08:00:19Z</time></trkpt><trkpt lat="42.680763" lon="1.396191"><ele>2502.074</ele><time>2019-08-13T08:00:32Z</time></trkpt><trkpt lat="42.680696" lon="1.396281"><ele>2497.242</ele><time>2019-08-13T08:00:47Z</time></trkpt><trkpt lat="42.680646" lon="1.396325"><ele>2495.711</ele><time>2019-08-13T08:01:01Z</time></trkpt><trkpt lat="42.680622" lon="1.396378"><ele>2493.826</ele><time>2019-08-13T08:01:11Z</time></trkpt><trkpt lat="42.680604" lon="1.396482"><ele>2492.855</ele><time>2019-08-13T08:01:19Z</time></trkpt><trkpt lat="42.680587" lon="1.396538"><ele>2492.448</ele><time>2019-08-13T08:01:23Z</time></trkpt><trkpt lat="42.680559" lon="1.396708"><ele>2491.461</ele><time>2019-08-13T08:01:37Z</time></trkpt><trkpt lat="42.680526" lon="1.396756"><ele>2494.817</ele><time>2019-08-13T08:01:44Z</time></trkpt><trkpt lat="42.680515" lon="1.396895"><ele>2498.608</ele><time>2019-08-13T08:01:58Z</time></trkpt><trkpt lat="42.680505" lon="1.397003"><ele>2498.678</ele><time>2019-08-13T08:02:12Z</time></trkpt><trkpt lat="42.680440" lon="1.397118"><ele>2500.174</ele><time>2019-08-13T08:02:26Z</time></trkpt><trkpt lat="42.680380" lon="1.397200"><ele>2500.534</ele><time>2019-08-13T08:02:39Z</time></trkpt><trkpt lat="42.680341" lon="1.397272"><ele>2499.152</ele><time>2019-08-13T08:02:54Z</time></trkpt><trkpt lat="42.680309" lon="1.397361"><ele>2499.630</ele><time>2019-08-13T08:03:07Z</time></trkpt><trkpt lat="42.680207" lon="1.397422"><ele>2500.189</ele><time>2019-08-13T08:03:22Z</time></trkpt><trkpt lat="42.680167" lon="1.397507"><ele>2501.554</ele><time>2019-08-13T08:03:35Z</time></trkpt><trkpt lat="42.680128" lon="1.397606"><ele>2502.453</ele><time>2019-08-13T08:03:49Z</time></trkpt><trkpt lat="42.680110" lon="1.397684"><ele>2503.462</ele><time>2019-08-13T08:04:01Z</time></trkpt><trkpt lat="42.680048" lon="1.397716"><ele>2503.983</ele><time>2019-08-13T08:04:15Z</time></trkpt><trkpt lat="42.680043" lon="1.397808"><ele>2504.411</ele><time>2019-08-13T08:04:34Z</time></trkpt><trkpt lat="42.680015" lon="1.397878"><ele>2505.308</ele><time>2019-08-13T08:04:51Z</time></trkpt><trkpt lat="42.679971" lon="1.397931"><ele>2505.840</ele><time>2019-08-13T08:05:03Z</time></trkpt><trkpt lat="42.679927" lon="1.397980"><ele>2505.846</ele><time>2019-08-13T08:05:18Z</time></trkpt><trkpt lat="42.679948" lon="1.398082"><ele>2506.326</ele><time>2019-08-13T08:05:34Z</time></trkpt><trkpt lat="42.679953" lon="1.398119"><ele>2506.834</ele><time>2019-08-13T08:05:46Z</time></trkpt><trkpt lat="42.679915" lon="1.398094"><ele>2541.922</ele><time>2019-08-13T08:06:06Z</time></trkpt><trkpt lat="42.679922" lon="1.398195"><ele>2543.381</ele><time>2019-08-13T08:06:20Z</time></trkpt><trkpt lat="42.679906" lon="1.398217"><ele>2558.266</ele><time>2019-08-13T08:06:37Z</time></trkpt><trkpt lat="42.679862" lon="1.398253"><ele>2563.585</ele><time>2019-08-13T08:07:01Z</time></trkpt><trkpt lat="42.679825" lon="1.398269"><ele>2562.553</ele><time>2019-08-13T08:07:17Z</time></trkpt><trkpt lat="42.679832" lon="1.398363"><ele>2562.104</ele><time>2019-08-13T08:07:34Z</time></trkpt><trkpt lat="42.679815" lon="1.398501"><ele>2562.114</ele><time>2019-08-13T08:07:52Z</time></trkpt><trkpt lat="42.679704" lon="1.398481"><ele>2560.108</ele><time>2019-08-13T08:08:03Z</time></trkpt><trkpt lat="42.679630" lon="1.398517"><ele>2559.249</ele><time>2019-08-13T08:08:19Z</time></trkpt><trkpt lat="42.679590" lon="1.398513"><ele>2558.715</ele><time>2019-08-13T08:08:32Z</time></trkpt><trkpt lat="42.679542" lon="1.398656"><ele>2559.275</ele><time>2019-08-13T08:08:46Z</time></trkpt><trkpt lat="42.679428" lon="1.398687"><ele>2559.273</ele><time>2019-08-13T08:09:01Z</time></trkpt><trkpt lat="42.679400" lon="1.398661"><ele>2561.621</ele><time>2019-08-13T08:09:12Z</time></trkpt><trkpt lat="42.679323" lon="1.398765"><ele>2561.620</ele><time>2019-08-13T08:09:26Z</time></trkpt><trkpt lat="42.679246" lon="1.398743"><ele>2563.015</ele><time>2019-08-13T08:09:40Z</time></trkpt><trkpt lat="42.679275" lon="1.398661"><ele>2566.444</ele><time>2019-08-13T08:09:57Z</time></trkpt><trkpt lat="42.679282" lon="1.398611"><ele>2570.272</ele><time>2019-08-13T08:10:10Z</time></trkpt><trkpt lat="42.679300" lon="1.398586"><ele>2574.113</ele><time>2019-08-13T08:10:27Z</time></trkpt><trkpt lat="42.679276" lon="1.398546"><ele>2576.014</ele><time>2019-08-13T08:10:48Z</time></trkpt><trkpt lat="42.679253" lon="1.398459"><ele>2575.508</ele><time>2019-08-13T08:10:57Z</time></trkpt><trkpt lat="42.679191" lon="1.398398"><ele>2575.081</ele><time>2019-08-13T08:11:07Z</time></trkpt><trkpt lat="42.679137" lon="1.398306"><ele>2575.057</ele><time>2019-08-13T08:11:17Z</time></trkpt><trkpt lat="42.679077" lon="1.398230"><ele>2575.577</ele><time>2019-08-13T08:11:28Z</time></trkpt><trkpt lat="42.679023" lon="1.398147"><ele>2573.625</ele><time>2019-08-13T08:11:40Z</time></trkpt><trkpt lat="42.679020" lon="1.398136"><ele>2573.173</ele><time>2019-08-13T08:11:41Z</time></trkpt><trkpt lat="42.679046" lon="1.398022"><ele>2575.582</ele><time>2019-08-13T08:11:53Z</time></trkpt><trkpt lat="42.679058" lon="1.397923"><ele>2576.047</ele><time>2019-08-13T08:12:06Z</time></trkpt><trkpt lat="42.679064" lon="1.397819"><ele>2576.536</ele><time>2019-08-13T08:12:21Z</time></trkpt><trkpt lat="42.679055" lon="1.397700"><ele>2574.663</ele><time>2019-08-13T08:12:34Z</time></trkpt><trkpt lat="42.678988" lon="1.397590"><ele>2574.644</ele><time>2019-08-13T08:12:47Z</time></trkpt><trkpt lat="42.679008" lon="1.397525"><ele>2576.018</ele><time>2019-08-13T08:12:59Z</time></trkpt><trkpt lat="42.679006" lon="1.397491"><ele>2575.508</ele><time>2019-08-13T08:13:17Z</time></trkpt><trkpt lat="42.678971" lon="1.397379"><ele>2576.570</ele><time>2019-08-13T08:13:30Z</time></trkpt><trkpt lat="42.678907" lon="1.397370"><ele>2579.876</ele><time>2019-08-13T08:13:44Z</time></trkpt><trkpt lat="42.678863" lon="1.397374"><ele>2584.266</ele><time>2019-08-13T08:13:58Z</time></trkpt><trkpt lat="42.678805" lon="1.397413"><ele>2583.784</ele><time>2019-08-13T08:14:11Z</time></trkpt><trkpt lat="42.678771" lon="1.397438"><ele>2586.642</ele><time>2019-08-13T08:14:28Z</time></trkpt><trkpt lat="42.678714" lon="1.397466"><ele>2589.051</ele><time>2019-08-13T08:14:34Z</time></trkpt><trkpt lat="42.678711" lon="1.397473"><ele>2591.976</ele><time>2019-08-13T08:14:46Z</time></trkpt><trkpt lat="42.678680" lon="1.397517"><ele>2597.615</ele><time>2019-08-13T08:15:04Z</time></trkpt><trkpt lat="42.678610" lon="1.397495"><ele>2599.136</ele><time>2019-08-13T08:15:24Z</time></trkpt><trkpt lat="42.678562" lon="1.397528"><ele>2600.517</ele><time>2019-08-13T08:15:39Z</time></trkpt><trkpt lat="42.678517" lon="1.397605"><ele>2604.818</ele><time>2019-08-13T08:15:57Z</time></trkpt><trkpt lat="42.678489" lon="1.397584"><ele>2605.808</ele><time>2019-08-13T08:16:11Z</time></trkpt><trkpt lat="42.678453" lon="1.397644"><ele>2608.717</ele><time>2019-08-13T08:16:28Z</time></trkpt><trkpt lat="42.678425" lon="1.397659"><ele>2610.123</ele><time>2019-08-13T08:16:45Z</time></trkpt><trkpt lat="42.678411" lon="1.397590"><ele>2611.123</ele><time>2019-08-13T08:16:59Z</time></trkpt><trkpt lat="42.678386" lon="1.397563"><ele>2614.941</ele><time>2019-08-13T08:17:13Z</time></trkpt><trkpt lat="42.678351" lon="1.397572"><ele>2620.279</ele><time>2019-08-13T08:17:29Z</time></trkpt><trkpt lat="42.678327" lon="1.397537"><ele>2623.168</ele><time>2019-08-13T08:17:42Z</time></trkpt><trkpt lat="42.678314" lon="1.397502"><ele>2626.923</ele><time>2019-08-13T08:17:55Z</time></trkpt><trkpt lat="42.678297" lon="1.397439"><ele>2627.432</ele><time>2019-08-13T08:18:09Z</time></trkpt><trkpt lat="42.678257" lon="1.397387"><ele>2627.496</ele><time>2019-08-13T08:18:26Z</time></trkpt><trkpt lat="42.678280" lon="1.397345"><ele>2629.831</ele><time>2019-08-13T08:18:39Z</time></trkpt><trkpt lat="42.678242" lon="1.397336"><ele>2633.224</ele><time>2019-08-13T08:18:52Z</time></trkpt><trkpt lat="42.678202" lon="1.397307"><ele>2636.108</ele><time>2019-08-13T08:19:07Z</time></trkpt><trkpt lat="42.678168" lon="1.397270"><ele>2638.083</ele><time>2019-08-13T08:19:21Z</time></trkpt><trkpt lat="42.678119" lon="1.397199"><ele>2638.519</ele><time>2019-08-13T08:19:39Z</time></trkpt><trkpt lat="42.678095" lon="1.397167"><ele>2638.569</ele><time>2019-08-13T08:19:53Z</time></trkpt><trkpt lat="42.678060" lon="1.397216"><ele>2642.347</ele><time>2019-08-13T08:20:09Z</time></trkpt><trkpt lat="42.678046" lon="1.397273"><ele>2644.795</ele><time>2019-08-13T08:20:23Z</time></trkpt><trkpt lat="42.678048" lon="1.397310"><ele>2647.614</ele><time>2019-08-13T08:20:37Z</time></trkpt><trkpt lat="42.678050" lon="1.397351"><ele>2650.529</ele><time>2019-08-13T08:20:51Z</time></trkpt><trkpt lat="42.678024" lon="1.397362"><ele>2652.948</ele><time>2019-08-13T08:21:08Z</time></trkpt><trkpt lat="42.677987" lon="1.397397"><ele>2654.352</ele><time>2019-08-13T08:21:22Z</time></trkpt><trkpt lat="42.677972" lon="1.397456"><ele>2657.253</ele><time>2019-08-13T08:21:41Z</time></trkpt><trkpt lat="42.677923" lon="1.397533"><ele>2656.708</ele><time>2019-08-13T08:22:00Z</time></trkpt><trkpt lat="42.677927" lon="1.397520"><ele>2658.708</ele><time>2019-08-13T08:22:14Z</time></trkpt><trkpt lat="42.677904" lon="1.397577"><ele>2661.149</ele><time>2019-08-13T08:22:28Z</time></trkpt><trkpt lat="42.677917" lon="1.397604"><ele>2663.945</ele><time>2019-08-13T08:22:43Z</time></trkpt><trkpt lat="42.677893" lon="1.397656"><ele>2665.485</ele><time>2019-08-13T08:22:57Z</time></trkpt><trkpt lat="42.677864" lon="1.397684"><ele>2667.363</ele><time>2019-08-13T08:23:10Z</time></trkpt><trkpt lat="42.677842" lon="1.397720"><ele>2671.621</ele><time>2019-08-13T08:23:29Z</time></trkpt><trkpt lat="42.677817" lon="1.397744"><ele>2673.150</ele><time>2019-08-13T08:23:44Z</time></trkpt><trkpt lat="42.677785" lon="1.397809"><ele>2675.025</ele><time>2019-08-13T08:23:58Z</time></trkpt><trkpt lat="42.677765" lon="1.397855"><ele>2675.564</ele><time>2019-08-13T08:24:13Z</time></trkpt><trkpt lat="42.677759" lon="1.397937"><ele>2677.984</ele><time>2019-08-13T08:24:29Z</time></trkpt><trkpt lat="42.677719" lon="1.398006"><ele>2679.807</ele><time>2019-08-13T08:24:42Z</time></trkpt><trkpt lat="42.677620" lon="1.398128"><ele>2680.317</ele><time>2019-08-13T08:25:03Z</time></trkpt><trkpt lat="42.677548" lon="1.398214"><ele>2679.808</ele><time>2019-08-13T08:25:23Z</time></trkpt><trkpt lat="42.677477" lon="1.398280"><ele>2680.312</ele><time>2019-08-13T08:25:42Z</time></trkpt><trkpt lat="42.677438" lon="1.398343"><ele>2681.788</ele><time>2019-08-13T08:25:56Z</time></trkpt><trkpt lat="42.677404" lon="1.398401"><ele>2684.678</ele><time>2019-08-13T08:26:13Z</time></trkpt><trkpt lat="42.677359" lon="1.398461"><ele>2688.026</ele><time>2019-08-13T08:26:28Z</time></trkpt><trkpt lat="42.677316" lon="1.398539"><ele>2690.454</ele><time>2019-08-13T08:26:42Z</time></trkpt><trkpt lat="42.677255" lon="1.398634"><ele>2693.363</ele><time>2019-08-13T08:26:58Z</time></trkpt><trkpt lat="42.677246" lon="1.398736"><ele>2694.748</ele><time>2019-08-13T08:27:16Z</time></trkpt><trkpt lat="42.677252" lon="1.398809"><ele>2697.617</ele><time>2019-08-13T08:27:32Z</time></trkpt><trkpt lat="42.677245" lon="1.398850"><ele>2699.051</ele><time>2019-08-13T08:27:48Z</time></trkpt><trkpt lat="42.677203" lon="1.398914"><ele>2701.401</ele><time>2019-08-13T08:28:05Z</time></trkpt><trkpt lat="42.677202" lon="1.398949"><ele>2703.911</ele><time>2019-08-13T08:28:22Z</time></trkpt><trkpt lat="42.677130" lon="1.398991"><ele>2705.808</ele><time>2019-08-13T08:28:38Z</time></trkpt><trkpt lat="42.677072" lon="1.399063"><ele>2707.239</ele><time>2019-08-13T08:28:55Z</time></trkpt><trkpt lat="42.677028" lon="1.399142"><ele>2709.175</ele><time>2019-08-13T08:29:13Z</time></trkpt><trkpt lat="42.676996" lon="1.399142"><ele>2712.595</ele><time>2019-08-13T08:29:29Z</time></trkpt><trkpt lat="42.676928" lon="1.399086"><ele>2713.953</ele><time>2019-08-13T08:29:45Z</time></trkpt><trkpt lat="42.676912" lon="1.399021"><ele>2715.931</ele><time>2019-08-13T08:30:00Z</time></trkpt><trkpt lat="42.676864" lon="1.398978"><ele>2717.330</ele><time>2019-08-13T08:30:15Z</time></trkpt><trkpt lat="42.676811" lon="1.398976"><ele>2719.735</ele><time>2019-08-13T08:30:30Z</time></trkpt><trkpt lat="42.676751" lon="1.398983"><ele>2723.144</ele><time>2019-08-13T08:30:48Z</time></trkpt><trkpt lat="42.676717" lon="1.398982"><ele>2725.554</ele><time>2019-08-13T08:31:03Z</time></trkpt><trkpt lat="42.676668" lon="1.399004"><ele>2726.056</ele><time>2019-08-13T08:31:18Z</time></trkpt><trkpt lat="42.676616" lon="1.399041"><ele>2729.311</ele><time>2019-08-13T08:31:33Z</time></trkpt><trkpt lat="42.676556" lon="1.399065"><ele>2731.708</ele><time>2019-08-13T08:31:48Z</time></trkpt><trkpt lat="42.676516" lon="1.399070"><ele>2733.639</ele><time>2019-08-13T08:32:05Z</time></trkpt><trkpt lat="42.676457" lon="1.399071"><ele>2734.685</ele><time>2019-08-13T08:32:19Z</time></trkpt><trkpt lat="42.676403" lon="1.399036"><ele>2735.685</ele><time>2019-08-13T08:32:33Z</time></trkpt><trkpt lat="42.676350" lon="1.399022"><ele>2736.523</ele><time>2019-08-13T08:32:48Z</time></trkpt><trkpt lat="42.676299" lon="1.399036"><ele>2739.421</ele><time>2019-08-13T08:33:06Z</time></trkpt><trkpt lat="42.676258" lon="1.399041"><ele>2742.850</ele><time>2019-08-13T08:33:25Z</time></trkpt><trkpt lat="42.676223" lon="1.399007"><ele>2743.775</ele><time>2019-08-13T08:33:40Z</time></trkpt><trkpt lat="42.676189" lon="1.398965"><ele>2746.684</ele><time>2019-08-13T08:33:55Z</time></trkpt><trkpt lat="42.676145" lon="1.398957"><ele>2749.097</ele><time>2019-08-13T08:34:09Z</time></trkpt><trkpt lat="42.676124" lon="1.398889"><ele>2749.523</ele><time>2019-08-13T08:34:27Z</time></trkpt><trkpt lat="42.676058" lon="1.398853"><ele>2751.425</ele><time>2019-08-13T08:34:45Z</time></trkpt><trkpt lat="42.676007" lon="1.398827"><ele>2753.808</ele><time>2019-08-13T08:35:02Z</time></trkpt><trkpt lat="42.675975" lon="1.398825"><ele>2755.343</ele><time>2019-08-13T08:35:19Z</time></trkpt><trkpt lat="42.675917" lon="1.398795"><ele>2757.249</ele><time>2019-08-13T08:35:36Z</time></trkpt><trkpt lat="42.675849" lon="1.398806"><ele>2757.759</ele><time>2019-08-13T08:35:52Z</time></trkpt><trkpt lat="42.675839" lon="1.398793"><ele>2758.247</ele><time>2019-08-13T08:36:19Z</time></trkpt><trkpt lat="42.675878" lon="1.398771"><ele>2760.635</ele><time>2019-08-13T08:36:37Z</time></trkpt><trkpt lat="42.675784" lon="1.398785"><ele>2762.574</ele><time>2019-08-13T08:36:54Z</time></trkpt><trkpt lat="42.675727" lon="1.398869"><ele>2764.929</ele><time>2019-08-13T08:37:07Z</time></trkpt><trkpt lat="42.675679" lon="1.398893"><ele>2766.898</ele><time>2019-08-13T08:37:21Z</time></trkpt><trkpt lat="42.675634" lon="1.398861"><ele>2768.329</ele><time>2019-08-13T08:37:35Z</time></trkpt><trkpt lat="42.675614" lon="1.398872"><ele>2772.100</ele><time>2019-08-13T08:37:52Z</time></trkpt><trkpt lat="42.675590" lon="1.398836"><ele>2774.520</ele><time>2019-08-13T08:38:05Z</time></trkpt><trkpt lat="42.675554" lon="1.398799"><ele>2777.908</ele><time>2019-08-13T08:38:21Z</time></trkpt><trkpt lat="42.675507" lon="1.398766"><ele>2779.366</ele><time>2019-08-13T08:38:36Z</time></trkpt><trkpt lat="42.675438" lon="1.398720"><ele>2782.772</ele><time>2019-08-13T08:38:57Z</time></trkpt><trkpt lat="42.675389" lon="1.398705"><ele>2784.652</ele><time>2019-08-13T08:39:09Z</time></trkpt><trkpt lat="42.675316" lon="1.398672"><ele>2786.510</ele><time>2019-08-13T08:39:27Z</time></trkpt><trkpt lat="42.675245" lon="1.398629"><ele>2789.448</ele><time>2019-08-13T08:39:46Z</time></trkpt><trkpt lat="42.675204" lon="1.398612"><ele>2791.327</ele><time>2019-08-13T08:40:01Z</time></trkpt><trkpt lat="42.675186" lon="1.398615"><ele>2794.282</ele><time>2019-08-13T08:40:16Z</time></trkpt><trkpt lat="42.675188" lon="1.398611"><ele>2794.761</ele><time>2019-08-13T08:40:33Z</time></trkpt><trkpt lat="42.675136" lon="1.398565"><ele>2796.169</ele><time>2019-08-13T08:40:49Z</time></trkpt><trkpt lat="42.675087" lon="1.398549"><ele>2798.504</ele><time>2019-08-13T08:41:04Z</time></trkpt><trkpt lat="42.675077" lon="1.398579"><ele>2802.424</ele><time>2019-08-13T08:41:18Z</time></trkpt><trkpt lat="42.675035" lon="1.398591"><ele>2804.808</ele><time>2019-08-13T08:41:35Z</time></trkpt><trkpt lat="42.675080" lon="1.398623"><ele>2809.640</ele><time>2019-08-13T08:41:52Z</time></trkpt><trkpt lat="42.675053" lon="1.398644"><ele>2812.046</ele><time>2019-08-13T08:42:07Z</time></trkpt><trkpt lat="42.675030" lon="1.398617"><ele>2813.426</ele><time>2019-08-13T08:42:22Z</time></trkpt><trkpt lat="42.674987" lon="1.398563"><ele>2814.464</ele><time>2019-08-13T08:42:36Z</time></trkpt><trkpt lat="42.674945" lon="1.398582"><ele>2815.812</ele><time>2019-08-13T08:42:51Z</time></trkpt><trkpt lat="42.674937" lon="1.398628"><ele>2816.321</ele><time>2019-08-13T08:43:07Z</time></trkpt><trkpt lat="42.674951" lon="1.398655"><ele>2818.276</ele><time>2019-08-13T08:43:18Z</time></trkpt><trkpt lat="42.674959" lon="1.398727"><ele>2819.295</ele><time>2019-08-13T08:43:31Z</time></trkpt><trkpt lat="42.674979" lon="1.398793"><ele>2819.233</ele><time>2019-08-13T08:43:43Z</time></trkpt><trkpt lat="42.674991" lon="1.398888"><ele>2820.223</ele><time>2019-08-13T08:43:57Z</time></trkpt><trkpt lat="42.674971" lon="1.398955"><ele>2822.115</ele><time>2019-08-13T08:44:11Z</time></trkpt><trkpt lat="42.674977" lon="1.399009"><ele>2823.508</ele><time>2019-08-13T08:44:22Z</time></trkpt><trkpt lat="42.674969" lon="1.399071"><ele>2825.067</ele><time>2019-08-13T08:44:33Z</time></trkpt><trkpt lat="42.674968" lon="1.399133"><ele>2825.053</ele><time>2019-08-13T08:44:49Z</time></trkpt><trkpt lat="42.674917" lon="1.399168"><ele>2826.973</ele><time>2019-08-13T08:45:05Z</time></trkpt><trkpt lat="42.674893" lon="1.399225"><ele>2831.741</ele><time>2019-08-13T08:45:20Z</time></trkpt><trkpt lat="42.674836" lon="1.399229"><ele>2833.679</ele><time>2019-08-13T08:45:35Z</time></trkpt><trkpt lat="42.674774" lon="1.399196"><ele>2834.138</ele><time>2019-08-13T08:45:51Z</time></trkpt><trkpt lat="42.674716" lon="1.399205"><ele>2836.593</ele><time>2019-08-13T08:46:04Z</time></trkpt><trkpt lat="42.674656" lon="1.399242"><ele>2837.072</ele><time>2019-08-13T08:46:19Z</time></trkpt><trkpt lat="42.674611" lon="1.399229"><ele>2838.461</ele><time>2019-08-13T08:46:35Z</time></trkpt><trkpt lat="42.674569" lon="1.399236"><ele>2837.921</ele><time>2019-08-13T08:46:47Z</time></trkpt><trkpt lat="42.674466" lon="1.399278"><ele>2838.413</ele><time>2019-08-13T08:47:00Z</time></trkpt><trkpt lat="42.674363" lon="1.399308"><ele>2837.508</ele><time>2019-08-13T08:47:12Z</time></trkpt><trkpt lat="42.674287" lon="1.399392"><ele>2838.950</ele><time>2019-08-13T08:47:26Z</time></trkpt><trkpt lat="42.674200" lon="1.399460"><ele>2839.416</ele><time>2019-08-13T08:47:39Z</time></trkpt><trkpt lat="42.674116" lon="1.399509"><ele>2838.986</ele><time>2019-08-13T08:47:50Z</time></trkpt><trkpt lat="42.674088" lon="1.399563"><ele>2838.484</ele><time>2019-08-13T08:47:55Z</time></trkpt><trkpt lat="42.674015" lon="1.399483"><ele>2840.892</ele><time>2019-08-13T08:48:08Z</time></trkpt><trkpt lat="42.673962" lon="1.399429"><ele>2845.251</ele><time>2019-08-13T08:48:22Z</time></trkpt><trkpt lat="42.673901" lon="1.399458"><ele>2847.126</ele><time>2019-08-13T08:48:37Z</time></trkpt><trkpt lat="42.673830" lon="1.399467"><ele>2849.585</ele><time>2019-08-13T08:48:50Z</time></trkpt><trkpt lat="42.673760" lon="1.399458"><ele>2852.458</ele><time>2019-08-13T08:49:05Z</time></trkpt><trkpt lat="42.673737" lon="1.399483"><ele>2852.952</ele><time>2019-08-13T08:49:08Z</time></trkpt><trkpt lat="42.673708" lon="1.399554"><ele>2853.817</ele><time>2019-08-13T08:49:15Z</time></trkpt><trkpt lat="42.673692" lon="1.399646"><ele>2851.908</ele><time>2019-08-13T08:49:25Z</time></trkpt><trkpt lat="42.673600" lon="1.399698"><ele>2850.959</ele><time>2019-08-13T08:49:39Z</time></trkpt><trkpt lat="42.673496" lon="1.399676"><ele>2851.475</ele><time>2019-08-13T08:49:52Z</time></trkpt><trkpt lat="42.673384" lon="1.399701"><ele>2852.935</ele><time>2019-08-13T08:50:06Z</time></trkpt><trkpt lat="42.673338" lon="1.399761"><ele>2855.333</ele><time>2019-08-13T08:50:20Z</time></trkpt><trkpt lat="42.673259" lon="1.399819"><ele>2856.291</ele><time>2019-08-13T08:50:35Z</time></trkpt><trkpt lat="42.673283" lon="1.399703"><ele>2859.610</ele><time>2019-08-13T08:50:48Z</time></trkpt><trkpt lat="42.673242" lon="1.399636"><ele>2859.125</ele><time>2019-08-13T08:51:01Z</time></trkpt><trkpt lat="42.673205" lon="1.399590"><ele>2860.534</ele><time>2019-08-13T08:51:17Z</time></trkpt><trkpt lat="42.673143" lon="1.399580"><ele>2861.032</ele><time>2019-08-13T08:51:31Z</time></trkpt><trkpt lat="42.673070" lon="1.399560"><ele>2863.492</ele><time>2019-08-13T08:51:48Z</time></trkpt><trkpt lat="42.673016" lon="1.399527"><ele>2865.411</ele><time>2019-08-13T08:52:03Z</time></trkpt><trkpt lat="42.672966" lon="1.399506"><ele>2869.708</ele><time>2019-08-13T08:52:20Z</time></trkpt><trkpt lat="42.672894" lon="1.399464"><ele>2872.197</ele><time>2019-08-13T08:52:37Z</time></trkpt><trkpt lat="42.672823" lon="1.399438"><ele>2873.523</ele><time>2019-08-13T08:52:54Z</time></trkpt><trkpt lat="42.672723" lon="1.399423"><ele>2875.093</ele><time>2019-08-13T08:53:11Z</time></trkpt><trkpt lat="42.672679" lon="1.399453"><ele>2877.811</ele><time>2019-08-13T08:54:07Z</time></trkpt><trkpt lat="42.672629" lon="1.399379"><ele>2872.639</ele><time>2019-08-13T09:06:55Z</time></trkpt><trkpt lat="42.672561" lon="1.399329"><ele>2873.528</ele><time>2019-08-13T09:07:05Z</time></trkpt><trkpt lat="42.672483" lon="1.399300"><ele>2873.523</ele><time>2019-08-13T09:07:15Z</time></trkpt><trkpt lat="42.672390" lon="1.399276"><ele>2876.972</ele><time>2019-08-13T09:07:28Z</time></trkpt><trkpt lat="42.672314" lon="1.399260"><ele>2879.861</ele><time>2019-08-13T09:07:44Z</time></trkpt><trkpt lat="42.672261" lon="1.399306"><ele>2878.321</ele><time>2019-08-13T09:07:59Z</time></trkpt><trkpt lat="42.672182" lon="1.399317"><ele>2881.713</ele><time>2019-08-13T09:08:15Z</time></trkpt><trkpt lat="42.672115" lon="1.399361"><ele>2881.708</ele><time>2019-08-13T09:08:28Z</time></trkpt><trkpt lat="42.672054" lon="1.399451"><ele>2879.880</ele><time>2019-08-13T09:08:45Z</time></trkpt><trkpt lat="42.672009" lon="1.399542"><ele>2879.346</ele><time>2019-08-13T09:08:58Z</time></trkpt><trkpt lat="42.671966" lon="1.399554"><ele>2880.766</ele><time>2019-08-13T09:09:10Z</time></trkpt><trkpt lat="42.671933" lon="1.399614"><ele>2882.644</ele><time>2019-08-13T09:09:25Z</time></trkpt><trkpt lat="42.671882" lon="1.399589"><ele>2883.662</ele><time>2019-08-13T09:09:40Z</time></trkpt><trkpt lat="42.671811" lon="1.399601"><ele>2884.131</ele><time>2019-08-13T09:09:53Z</time></trkpt><trkpt lat="42.671752" lon="1.399632"><ele>2884.686</ele><time>2019-08-13T09:10:07Z</time></trkpt><trkpt lat="42.671705" lon="1.399644"><ele>2887.045</ele><time>2019-08-13T09:10:20Z</time></trkpt><trkpt lat="42.671672" lon="1.399720"><ele>2886.526</ele><time>2019-08-13T09:10:35Z</time></trkpt><trkpt lat="42.671656" lon="1.399820"><ele>2888.447</ele><time>2019-08-13T09:10:49Z</time></trkpt><trkpt lat="42.671614" lon="1.399878"><ele>2890.811</ele><time>2019-08-13T09:11:05Z</time></trkpt><trkpt lat="42.671570" lon="1.399835"><ele>2891.808</ele><time>2019-08-13T09:11:18Z</time></trkpt><trkpt lat="42.671524" lon="1.399815"><ele>2894.746</ele><time>2019-08-13T09:11:33Z</time></trkpt><trkpt lat="42.671455" lon="1.399775"><ele>2898.022</ele><time>2019-08-13T09:11:50Z</time></trkpt><trkpt lat="42.671415" lon="1.399820"><ele>2900.962</ele><time>2019-08-13T09:12:05Z</time></trkpt><trkpt lat="42.671370" lon="1.399839"><ele>2902.460</ele><time>2019-08-13T09:12:20Z</time></trkpt><trkpt lat="42.671346" lon="1.399878"><ele>2902.828</ele><time>2019-08-13T09:12:36Z</time></trkpt><trkpt lat="42.671323" lon="1.399908"><ele>2903.387</ele><time>2019-08-13T09:12:50Z</time></trkpt><trkpt lat="42.671262" lon="1.399910"><ele>2902.492</ele><time>2019-08-13T09:13:02Z</time></trkpt><trkpt lat="42.671234" lon="1.400012"><ele>2900.971</ele><time>2019-08-13T09:13:16Z</time></trkpt><trkpt lat="42.671241" lon="1.400112"><ele>2899.517</ele><time>2019-08-13T09:13:30Z</time></trkpt><trkpt lat="42.671208" lon="1.400183"><ele>2898.087</ele><time>2019-08-13T09:13:44Z</time></trkpt><trkpt lat="42.671177" lon="1.400263"><ele>2898.515</ele><time>2019-08-13T09:13:58Z</time></trkpt><trkpt lat="42.671156" lon="1.400326"><ele>2902.408</ele><time>2019-08-13T09:14:10Z</time></trkpt><trkpt lat="42.671156" lon="1.400415"><ele>2901.465</ele><time>2019-08-13T09:14:26Z</time></trkpt><trkpt lat="42.671135" lon="1.400508"><ele>2902.481</ele><time>2019-08-13T09:14:41Z</time></trkpt><trkpt lat="42.671090" lon="1.400565"><ele>2900.931</ele><time>2019-08-13T09:14:54Z</time></trkpt><trkpt lat="42.671008" lon="1.400554"><ele>2908.199</ele><time>2019-08-13T09:15:13Z</time></trkpt><trkpt lat="42.670954" lon="1.400545"><ele>2910.157</ele><time>2019-08-13T09:15:24Z</time></trkpt><trkpt lat="42.670913" lon="1.400417"><ele>2916.326</ele><time>2019-08-13T09:15:40Z</time></trkpt><trkpt lat="42.670865" lon="1.400356"><ele>2919.781</ele><time>2019-08-13T09:15:51Z</time></trkpt><trkpt lat="42.670803" lon="1.400315"><ele>2921.650</ele><time>2019-08-13T09:16:05Z</time></trkpt><trkpt lat="42.670740" lon="1.400240"><ele>2923.596</ele><time>2019-08-13T09:16:17Z</time></trkpt><trkpt lat="42.670684" lon="1.400222"><ele>2925.931</ele><time>2019-08-13T09:16:30Z</time></trkpt><trkpt lat="42.670620" lon="1.400168"><ele>2928.324</ele><time>2019-08-13T09:16:44Z</time></trkpt><trkpt lat="42.670581" lon="1.400054"><ele>2928.808</ele><time>2019-08-13T09:16:57Z</time></trkpt><trkpt lat="42.670552" lon="1.399967"><ele>2929.333</ele><time>2019-08-13T09:17:09Z</time></trkpt><trkpt lat="42.670507" lon="1.399907"><ele>2933.199</ele><time>2019-08-13T09:17:23Z</time></trkpt><trkpt lat="42.670486" lon="1.399905"><ele>2934.699</ele><time>2019-08-13T09:17:38Z</time></trkpt><trkpt lat="42.670434" lon="1.399937"><ele>2936.527</ele><time>2019-08-13T09:17:50Z</time></trkpt><trkpt lat="42.670372" lon="1.399893"><ele>2938.975</ele><time>2019-08-13T09:18:02Z</time></trkpt><trkpt lat="42.670339" lon="1.399860"><ele>2942.314</ele><time>2019-08-13T09:18:14Z</time></trkpt><trkpt lat="42.670290" lon="1.399820"><ele>2944.299</ele><time>2019-08-13T09:18:28Z</time></trkpt><trkpt lat="42.670263" lon="1.399801"><ele>2947.168</ele><time>2019-08-13T09:18:41Z</time></trkpt><trkpt lat="42.670218" lon="1.399826"><ele>2949.588</ele><time>2019-08-13T09:18:54Z</time></trkpt><trkpt lat="42.670180" lon="1.399877"><ele>2951.424</ele><time>2019-08-13T09:19:08Z</time></trkpt><trkpt lat="42.670144" lon="1.399858"><ele>2953.826</ele><time>2019-08-13T09:19:20Z</time></trkpt><trkpt lat="42.670097" lon="1.399846"><ele>2955.208</ele><time>2019-08-13T09:19:31Z</time></trkpt><trkpt lat="42.670061" lon="1.399791"><ele>2958.162</ele><time>2019-08-13T09:19:43Z</time></trkpt><trkpt lat="42.670045" lon="1.399737"><ele>2961.548</ele><time>2019-08-13T09:19:55Z</time></trkpt><trkpt lat="42.670015" lon="1.399705"><ele>2962.938</ele><time>2019-08-13T09:20:08Z</time></trkpt><trkpt lat="42.669955" lon="1.399704"><ele>2965.326</ele><time>2019-08-13T09:20:23Z</time></trkpt><trkpt lat="42.669892" lon="1.399675"><ele>2967.384</ele><time>2019-08-13T09:20:38Z</time></trkpt><trkpt lat="42.669880" lon="1.399590"><ele>2968.743</ele><time>2019-08-13T09:20:51Z</time></trkpt><trkpt lat="42.669906" lon="1.399483"><ele>2969.698</ele><time>2019-08-13T09:21:04Z</time></trkpt><trkpt lat="42.669866" lon="1.399435"><ele>2970.187</ele><time>2019-08-13T09:21:19Z</time></trkpt><trkpt lat="42.669843" lon="1.399357"><ele>2972.138</ele><time>2019-08-13T09:21:33Z</time></trkpt><trkpt lat="42.669794" lon="1.399382"><ele>2972.570</ele><time>2019-08-13T09:21:47Z</time></trkpt><trkpt lat="42.669745" lon="1.399430"><ele>2974.917</ele><time>2019-08-13T09:22:01Z</time></trkpt><trkpt lat="42.669701" lon="1.399460"><ele>2978.308</ele><time>2019-08-13T09:22:16Z</time></trkpt><trkpt lat="42.669658" lon="1.399421"><ele>2981.767</ele><time>2019-08-13T09:22:32Z</time></trkpt><trkpt lat="42.669627" lon="1.399409"><ele>2984.693</ele><time>2019-08-13T09:22:46Z</time></trkpt><trkpt lat="42.669580" lon="1.399464"><ele>2986.943</ele><time>2019-08-13T09:23:02Z</time></trkpt><trkpt lat="42.669553" lon="1.399399"><ele>2989.871</ele><time>2019-08-13T09:23:16Z</time></trkpt><trkpt lat="42.669517" lon="1.399294"><ele>2991.379</ele><time>2019-08-13T09:23:31Z</time></trkpt><trkpt lat="42.669482" lon="1.399321"><ele>2993.288</ele><time>2019-08-13T09:23:45Z</time></trkpt><trkpt lat="42.669436" lon="1.399403"><ele>2995.143</ele><time>2019-08-13T09:24:00Z</time></trkpt><trkpt lat="42.669391" lon="1.399475"><ele>2996.622</ele><time>2019-08-13T09:24:15Z</time></trkpt><trkpt lat="42.669336" lon="1.399478"><ele>2998.559</ele><time>2019-08-13T09:24:29Z</time></trkpt><trkpt lat="42.669270" lon="1.399494"><ele>3001.903</ele><time>2019-08-13T09:24:44Z</time></trkpt><trkpt lat="42.669208" lon="1.399526"><ele>3005.723</ele><time>2019-08-13T09:25:00Z</time></trkpt><trkpt lat="42.669155" lon="1.399521"><ele>3008.608</ele><time>2019-08-13T09:25:14Z</time></trkpt><trkpt lat="42.669109" lon="1.399461"><ele>3010.569</ele><time>2019-08-13T09:25:29Z</time></trkpt><trkpt lat="42.669123" lon="1.399359"><ele>3011.955</ele><time>2019-08-13T09:25:43Z</time></trkpt><trkpt lat="42.669115" lon="1.399335"><ele>3010.585</ele><time>2019-08-13T09:26:02Z</time></trkpt><trkpt lat="42.669094" lon="1.399351"><ele>3009.133</ele><time>2019-08-13T09:26:25Z</time></trkpt><trkpt lat="42.669085" lon="1.399269"><ele>3012.971</ele><time>2019-08-13T09:26:41Z</time></trkpt><trkpt lat="42.669040" lon="1.399257"><ele>3015.380</ele><time>2019-08-13T09:26:56Z</time></trkpt><trkpt lat="42.668985" lon="1.399285"><ele>3019.675</ele><time>2019-08-13T09:27:11Z</time></trkpt><trkpt lat="42.668921" lon="1.399320"><ele>3022.094</ele><time>2019-08-13T09:27:25Z</time></trkpt><trkpt lat="42.668836" lon="1.399349"><ele>3024.058</ele><time>2019-08-13T09:27:40Z</time></trkpt><trkpt lat="42.668769" lon="1.399313"><ele>3027.852</ele><time>2019-08-13T09:27:56Z</time></trkpt><trkpt lat="42.668694" lon="1.399313"><ele>3028.317</ele><time>2019-08-13T09:28:12Z</time></trkpt><trkpt lat="42.668645" lon="1.399304"><ele>3029.708</ele><time>2019-08-13T09:28:29Z</time></trkpt><trkpt lat="42.668613" lon="1.399234"><ele>3032.669</ele><time>2019-08-13T09:28:43Z</time></trkpt><trkpt lat="42.668576" lon="1.399149"><ele>3033.685</ele><time>2019-08-13T09:28:57Z</time></trkpt><trkpt lat="42.668505" lon="1.399149"><ele>3036.095</ele><time>2019-08-13T09:29:11Z</time></trkpt><trkpt lat="42.668537" lon="1.399030"><ele>3038.493</ele><time>2019-08-13T09:29:26Z</time></trkpt><trkpt lat="42.668480" lon="1.398966"><ele>3041.811</ele><time>2019-08-13T09:29:42Z</time></trkpt><trkpt lat="42.668426" lon="1.399000"><ele>3045.130</ele><time>2019-08-13T09:29:57Z</time></trkpt><trkpt lat="42.668394" lon="1.398941"><ele>3046.135</ele><time>2019-08-13T09:30:10Z</time></trkpt><trkpt lat="42.668338" lon="1.398883"><ele>3048.064</ele><time>2019-08-13T09:30:24Z</time></trkpt><trkpt lat="42.668269" lon="1.398837"><ele>3050.486</ele><time>2019-08-13T09:30:44Z</time></trkpt><trkpt lat="42.668226" lon="1.398703"><ele>3051.860</ele><time>2019-08-13T09:30:59Z</time></trkpt><trkpt lat="42.668191" lon="1.398586"><ele>3053.326</ele><time>2019-08-13T09:31:13Z</time></trkpt><trkpt lat="42.668156" lon="1.398418"><ele>3054.308</ele><time>2019-08-13T09:31:30Z</time></trkpt><trkpt lat="42.668149" lon="1.398293"><ele>3056.262</ele><time>2019-08-13T09:31:45Z</time></trkpt><trkpt lat="42.668103" lon="1.398323"><ele>3060.018</ele><time>2019-08-13T09:32:02Z</time></trkpt><trkpt lat="42.668096" lon="1.398214"><ele>3061.988</ele><time>2019-08-13T09:32:21Z</time></trkpt><trkpt lat="42.668076" lon="1.398176"><ele>3063.996</ele><time>2019-08-13T09:32:34Z</time></trkpt><trkpt lat="42.668065" lon="1.398108"><ele>3065.384</ele><time>2019-08-13T09:32:48Z</time></trkpt><trkpt lat="42.668048" lon="1.398049"><ele>3066.793</ele><time>2019-08-13T09:33:06Z</time></trkpt><trkpt lat="42.668028" lon="1.398003"><ele>3069.118</ele><time>2019-08-13T09:33:18Z</time></trkpt><trkpt lat="42.668020" lon="1.397923"><ele>3070.657</ele><time>2019-08-13T09:33:32Z</time></trkpt><trkpt lat="42.668015" lon="1.397881"><ele>3072.013</ele><time>2019-08-13T09:33:46Z</time></trkpt><trkpt lat="42.667986" lon="1.397868"><ele>3075.943</ele><time>2019-08-13T09:34:00Z</time></trkpt><trkpt lat="42.667975" lon="1.397779"><ele>3079.207</ele><time>2019-08-13T09:34:16Z</time></trkpt><trkpt lat="42.667979" lon="1.397709"><ele>3081.608</ele><time>2019-08-13T09:34:29Z</time></trkpt><trkpt lat="42.667947" lon="1.397751"><ele>3086.015</ele><time>2019-08-13T09:34:43Z</time></trkpt><trkpt lat="42.667912" lon="1.397745"><ele>3086.921</ele><time>2019-08-13T09:34:56Z</time></trkpt><trkpt lat="42.667892" lon="1.397684"><ele>3088.481</ele><time>2019-08-13T09:35:11Z</time></trkpt><trkpt lat="42.667878" lon="1.397598"><ele>3089.829</ele><time>2019-08-13T09:35:29Z</time></trkpt><trkpt lat="42.667884" lon="1.397524"><ele>3092.777</ele><time>2019-08-13T09:35:43Z</time></trkpt><trkpt lat="42.667857" lon="1.397525"><ele>3094.636</ele><time>2019-08-13T09:35:56Z</time></trkpt><trkpt lat="42.667821" lon="1.397546"><ele>3097.581</ele><time>2019-08-13T09:36:10Z</time></trkpt><trkpt lat="42.667782" lon="1.397507"><ele>3099.930</ele><time>2019-08-13T09:36:29Z</time></trkpt><trkpt lat="42.667738" lon="1.397461"><ele>3101.838</ele><time>2019-08-13T09:36:42Z</time></trkpt><trkpt lat="42.667695" lon="1.397433"><ele>3104.270</ele><time>2019-08-13T09:36:58Z</time></trkpt><trkpt lat="42.667673" lon="1.397353"><ele>3105.217</ele><time>2019-08-13T09:37:10Z</time></trkpt><trkpt lat="42.667645" lon="1.397336"><ele>3103.808</ele><time>2019-08-13T09:37:28Z</time></trkpt><trkpt lat="42.667666" lon="1.397342"><ele>3104.757</ele><time>2019-08-13T09:37:50Z</time></trkpt><trkpt lat="42.667670" lon="1.397445"><ele>3104.293</ele><time>2019-08-13T09:38:03Z</time></trkpt><trkpt lat="42.667657" lon="1.397536"><ele>3106.633</ele><time>2019-08-13T09:38:17Z</time></trkpt><trkpt lat="42.667627" lon="1.397602"><ele>3109.551</ele><time>2019-08-13T09:38:31Z</time></trkpt><trkpt lat="42.667585" lon="1.397612"><ele>3111.919</ele><time>2019-08-13T09:38:45Z</time></trkpt><trkpt lat="42.667556" lon="1.397542"><ele>3115.348</ele><time>2019-08-13T09:38:58Z</time></trkpt><trkpt lat="42.667525" lon="1.397588"><ele>3117.233</ele><time>2019-08-13T09:39:11Z</time></trkpt><trkpt lat="42.667494" lon="1.397613"><ele>3118.672</ele><time>2019-08-13T09:39:25Z</time></trkpt><trkpt lat="42.667458" lon="1.397627"><ele>3121.557</ele><time>2019-08-13T09:39:39Z</time></trkpt><trkpt lat="42.667430" lon="1.397625"><ele>3123.900</ele><time>2019-08-13T09:39:53Z</time></trkpt><trkpt lat="42.667403" lon="1.397630"><ele>3126.320</ele><time>2019-08-13T09:40:06Z</time></trkpt><trkpt lat="42.667376" lon="1.397645"><ele>3127.808</ele><time>2019-08-13T09:40:19Z</time></trkpt><trkpt lat="42.667342" lon="1.397685"><ele>3127.899</ele><time>2019-08-13T09:40:33Z</time></trkpt><trkpt lat="42.667309" lon="1.397674"><ele>3128.825</ele><time>2019-08-13T09:40:47Z</time></trkpt><trkpt lat="42.667282" lon="1.397675"><ele>3130.265</ele><time>2019-08-13T09:41:00Z</time></trkpt><trkpt lat="42.667273" lon="1.397620"><ele>3132.123</ele><time>2019-08-13T09:41:12Z</time></trkpt><trkpt lat="42.667247" lon="1.397643"><ele>3134.031</ele><time>2019-08-13T09:41:25Z</time></trkpt><trkpt lat="42.667217" lon="1.397680"><ele>3135.080</ele><time>2019-08-13T09:41:39Z</time></trkpt><trkpt lat="42.667160" lon="1.397729"><ele>3136.495</ele><time>2019-08-13T09:41:52Z</time></trkpt><trkpt lat="42.667117" lon="1.397767"><ele>3137.944</ele><time>2019-08-13T09:42:04Z</time></trkpt><trkpt lat="42.667065" lon="1.397846"><ele>3139.376</ele><time>2019-08-13T09:42:21Z</time></trkpt><trkpt lat="42.667036" lon="1.397863"><ele>3139.390</ele><time>2019-08-13T09:42:36Z</time></trkpt><trkpt lat="42.667024" lon="1.397860"><ele>3140.319</ele><time>2019-08-13T09:42:54Z</time></trkpt><trkpt lat="42.667004" lon="1.397911"><ele>3140.808</ele><time>2019-08-13T09:43:13Z</time></trkpt><trkpt lat="42.666950" lon="1.397952"><ele>3140.231</ele><time>2019-08-13T09:43:14Z</time></trkpt><trkpt lat="42.666928" lon="1.398031"><ele>3140.187</ele><time>2019-08-13T09:43:15Z</time></trkpt><trkpt lat="42.666863" lon="1.398093"><ele>3138.237</ele><time>2019-08-13T09:43:17Z</time></trkpt><trkpt lat="42.666725" lon="1.398160"><ele>3135.825</ele><time>2019-08-13T09:43:21Z</time></trkpt><trkpt lat="42.666726" lon="1.398062"><ele>3139.123</ele><time>2019-08-13T09:43:23Z</time></trkpt><trkpt lat="42.666823" lon="1.398005"><ele>3143.012</ele><time>2019-08-13T09:43:25Z</time></trkpt><trkpt lat="42.666893" lon="1.397941"><ele>3137.117</ele><time>2019-08-13T09:43:28Z</time></trkpt><trkpt lat="42.666915" lon="1.397890"><ele>3135.096</ele><time>2019-08-13T09:45:57Z</time></trkpt><trkpt lat="42.667018" lon="1.397850"><ele>3138.877</ele><time>2019-08-13T09:46:28Z</time></trkpt><trkpt lat="42.667023" lon="1.397832"><ele>3139.861</ele><time>2019-08-13T09:47:40Z</time></trkpt><trkpt lat="42.667031" lon="1.397823"><ele>3138.827</ele><time>2019-08-13T09:48:12Z</time></trkpt><trkpt lat="42.667079" lon="1.397757"><ele>3137.908</ele><time>2019-08-13T09:48:26Z</time></trkpt><trkpt lat="42.667147" lon="1.397706"><ele>3135.521</ele><time>2019-08-13T09:48:38Z</time></trkpt><trkpt lat="42.667163" lon="1.397678"><ele>3135.057</ele><time>2019-08-13T09:48:51Z</time></trkpt><trkpt lat="42.667192" lon="1.397649"><ele>3134.087</ele><time>2019-08-13T09:49:09Z</time></trkpt><trkpt lat="42.667239" lon="1.397621"><ele>3132.645</ele><time>2019-08-13T09:49:24Z</time></trkpt><trkpt lat="42.667289" lon="1.397611"><ele>3131.153</ele><time>2019-08-13T09:49:35Z</time></trkpt><trkpt lat="42.667328" lon="1.397618"><ele>3128.872</ele><time>2019-08-13T09:49:46Z</time></trkpt><trkpt lat="42.667357" lon="1.397614"><ele>3126.867</ele><time>2019-08-13T09:49:59Z</time></trkpt><trkpt lat="42.667386" lon="1.397610"><ele>3124.946</ele><time>2019-08-13T09:50:13Z</time></trkpt><trkpt lat="42.667410" lon="1.397596"><ele>3123.075</ele><time>2019-08-13T09:50:24Z</time></trkpt><trkpt lat="42.667434" lon="1.397524"><ele>3120.628</ele><time>2019-08-13T09:50:35Z</time></trkpt><trkpt lat="42.667472" lon="1.397537"><ele>3118.220</ele><time>2019-08-13T09:50:48Z</time></trkpt><trkpt lat="42.667482" lon="1.397549"><ele>3117.708</ele><time>2019-08-13T09:50:50Z</time></trkpt><trkpt lat="42.667554" lon="1.397540"><ele>3114.321</ele><time>2019-08-13T09:51:02Z</time></trkpt><trkpt lat="42.667578" lon="1.397531"><ele>3111.927</ele><time>2019-08-13T09:51:12Z</time></trkpt><trkpt lat="42.667627" lon="1.397535"><ele>3109.097</ele><time>2019-08-13T09:51:24Z</time></trkpt><trkpt lat="42.667676" lon="1.397483"><ele>3105.285</ele><time>2019-08-13T09:51:35Z</time></trkpt><trkpt lat="42.667675" lon="1.397459"><ele>3104.743</ele><time>2019-08-13T09:51:37Z</time></trkpt><trkpt lat="42.667680" lon="1.397396"><ele>3104.762</ele><time>2019-08-13T09:51:41Z</time></trkpt><trkpt lat="42.667759" lon="1.397305"><ele>3106.237</ele><time>2019-08-13T09:51:53Z</time></trkpt><trkpt lat="42.667808" lon="1.397225"><ele>3106.666</ele><time>2019-08-13T09:52:05Z</time></trkpt><trkpt lat="42.667822" lon="1.397136"><ele>3110.048</ele><time>2019-08-13T09:52:17Z</time></trkpt><trkpt lat="42.667864" lon="1.397076"><ele>3111.461</ele><time>2019-08-13T09:52:30Z</time></trkpt><trkpt lat="42.667900" lon="1.397021"><ele>3113.417</ele><time>2019-08-13T09:52:43Z</time></trkpt><trkpt lat="42.667908" lon="1.396985"><ele>3116.308</ele><time>2019-08-13T09:52:56Z</time></trkpt><trkpt lat="42.667953" lon="1.396945"><ele>3117.258</ele><time>2019-08-13T09:53:08Z</time></trkpt><trkpt lat="42.667993" lon="1.396899"><ele>3120.114</ele><time>2019-08-13T09:53:22Z</time></trkpt><trkpt lat="42.668007" lon="1.396864"><ele>3122.024</ele><time>2019-08-13T09:53:33Z</time></trkpt><trkpt lat="42.668024" lon="1.396833"><ele>3123.932</ele><time>2019-08-13T09:53:45Z</time></trkpt><trkpt lat="42.668017" lon="1.396834"><ele>3122.510</ele><time>2019-08-13T09:54:07Z</time></trkpt><trkpt lat="42.668030" lon="1.396845"><ele>3123.529</ele><time>2019-08-13T09:54:34Z</time></trkpt><trkpt lat="42.668042" lon="1.396863"><ele>3124.464</ele><time>2019-08-13T09:54:54Z</time></trkpt><trkpt lat="42.668042" lon="1.396858"><ele>3125.913</ele><time>2019-08-13T09:55:28Z</time></trkpt><trkpt lat="42.668030" lon="1.396868"><ele>3125.933</ele><time>2019-08-13T09:55:52Z</time></trkpt><trkpt lat="42.668000" lon="1.396944"><ele>3122.023</ele><time>2019-08-13T09:56:06Z</time></trkpt><trkpt lat="42.667944" lon="1.397028"><ele>3118.615</ele><time>2019-08-13T09:56:20Z</time></trkpt><trkpt lat="42.667905" lon="1.397077"><ele>3115.808</ele><time>2019-08-13T09:56:32Z</time></trkpt><trkpt lat="42.667873" lon="1.397141"><ele>3113.437</ele><time>2019-08-13T09:56:46Z</time></trkpt><trkpt lat="42.667842" lon="1.397235"><ele>3110.093</ele><time>2019-08-13T09:57:00Z</time></trkpt><trkpt lat="42.667800" lon="1.397329"><ele>3107.683</ele><time>2019-08-13T09:57:14Z</time></trkpt><trkpt lat="42.667732" lon="1.397438"><ele>3105.251</ele><time>2019-08-13T09:57:30Z</time></trkpt><trkpt lat="42.667765" lon="1.397483"><ele>3101.849</ele><time>2019-08-13T09:57:41Z</time></trkpt><trkpt lat="42.667832" lon="1.397501"><ele>3097.028</ele><time>2019-08-13T09:57:55Z</time></trkpt><trkpt lat="42.667906" lon="1.397544"><ele>3091.763</ele><time>2019-08-13T09:58:11Z</time></trkpt><trkpt lat="42.667917" lon="1.397641"><ele>3087.922</ele><time>2019-08-13T09:58:23Z</time></trkpt><trkpt lat="42.667941" lon="1.397732"><ele>3084.116</ele><time>2019-08-13T09:58:37Z</time></trkpt><trkpt lat="42.668009" lon="1.397714"><ele>3079.276</ele><time>2019-08-13T09:58:50Z</time></trkpt><trkpt lat="42.668028" lon="1.397856"><ele>3073.013</ele><time>2019-08-13T09:59:05Z</time></trkpt><trkpt lat="42.668053" lon="1.397940"><ele>3068.708</ele><time>2019-08-13T09:59:18Z</time></trkpt><trkpt lat="42.668064" lon="1.398049"><ele>3064.385</ele><time>2019-08-13T09:59:31Z</time></trkpt><trkpt lat="42.668078" lon="1.398143"><ele>3060.511</ele><time>2019-08-13T09:59:45Z</time></trkpt><trkpt lat="42.668108" lon="1.398221"><ele>3059.131</ele><time>2019-08-13T09:59:56Z</time></trkpt><trkpt lat="42.668128" lon="1.398328"><ele>3057.169</ele><time>2019-08-13T10:00:09Z</time></trkpt><trkpt lat="42.668184" lon="1.398405"><ele>3056.237</ele><time>2019-08-13T10:00:22Z</time></trkpt><trkpt lat="42.668189" lon="1.398417"><ele>3056.246</ele><time>2019-08-13T10:00:23Z</time></trkpt><trkpt lat="42.668220" lon="1.398626"><ele>3054.751</ele><time>2019-08-13T10:00:39Z</time></trkpt><trkpt lat="42.668239" lon="1.398683"><ele>3054.780</ele><time>2019-08-13T10:00:43Z</time></trkpt><trkpt lat="42.668250" lon="1.398777"><ele>3054.322</ele><time>2019-08-13T10:00:49Z</time></trkpt><trkpt lat="42.668332" lon="1.398919"><ele>3050.462</ele><time>2019-08-13T10:01:02Z</time></trkpt><trkpt lat="42.668413" lon="1.398964"><ele>3048.008</ele><time>2019-08-13T10:01:15Z</time></trkpt><trkpt lat="42.668496" lon="1.398978"><ele>3044.608</ele><time>2019-08-13T10:01:28Z</time></trkpt><trkpt lat="42.668531" lon="1.399097"><ele>3038.436</ele><time>2019-08-13T10:01:41Z</time></trkpt><trkpt lat="42.668457" lon="1.399273"><ele>3034.162</ele><time>2019-08-13T10:01:56Z</time></trkpt><trkpt lat="42.668446" lon="1.399410"><ele>3032.112</ele><time>2019-08-13T10:02:09Z</time></trkpt><trkpt lat="42.668448" lon="1.399454"><ele>3031.230</ele><time>2019-08-13T10:02:32Z</time></trkpt><trkpt lat="42.668450" lon="1.399535"><ele>3030.228</ele><time>2019-08-13T10:02:38Z</time></trkpt><trkpt lat="42.668423" lon="1.399696"><ele>3027.817</ele><time>2019-08-13T10:02:53Z</time></trkpt><trkpt lat="42.668422" lon="1.399914"><ele>3024.482</ele><time>2019-08-13T10:03:09Z</time></trkpt><trkpt lat="42.668393" lon="1.400029"><ele>3023.531</ele><time>2019-08-13T10:03:19Z</time></trkpt><trkpt lat="42.668411" lon="1.400078"><ele>3023.516</ele><time>2019-08-13T10:03:23Z</time></trkpt><trkpt lat="42.668448" lon="1.400098"><ele>3023.576</ele><time>2019-08-13T10:03:27Z</time></trkpt><trkpt lat="42.668471" lon="1.400119"><ele>3024.013</ele><time>2019-08-13T10:03:30Z</time></trkpt><trkpt lat="42.668587" lon="1.400233"><ele>3025.408</ele><time>2019-08-13T10:03:45Z</time></trkpt><trkpt lat="42.668701" lon="1.400347"><ele>3024.435</ele><time>2019-08-13T10:03:58Z</time></trkpt><trkpt lat="42.668816" lon="1.400424"><ele>3024.091</ele><time>2019-08-13T10:04:12Z</time></trkpt><trkpt lat="42.668824" lon="1.400423"><ele>3024.031</ele><time>2019-08-13T10:04:13Z</time></trkpt><trkpt lat="42.668869" lon="1.400419"><ele>3023.049</ele><time>2019-08-13T10:04:18Z</time></trkpt><trkpt lat="42.668939" lon="1.400465"><ele>3021.647</ele><time>2019-08-13T10:04:26Z</time></trkpt><trkpt lat="42.668940" lon="1.400534"><ele>3021.666</ele><time>2019-08-13T10:04:31Z</time></trkpt><trkpt lat="42.668950" lon="1.400574"><ele>3021.121</ele><time>2019-08-13T10:04:34Z</time></trkpt><trkpt lat="42.668972" lon="1.400622"><ele>3020.690</ele><time>2019-08-13T10:04:38Z</time></trkpt><trkpt lat="42.669044" lon="1.400800"><ele>3017.218</ele><time>2019-08-13T10:04:53Z</time></trkpt><trkpt lat="42.669134" lon="1.400899"><ele>3015.398</ele><time>2019-08-13T10:05:07Z</time></trkpt><trkpt lat="42.669176" lon="1.400910"><ele>3013.917</ele><time>2019-08-13T10:05:13Z</time></trkpt><trkpt lat="42.669199" lon="1.400947"><ele>3013.908</ele><time>2019-08-13T10:05:16Z</time></trkpt><trkpt lat="42.669267" lon="1.401062"><ele>3012.925</ele><time>2019-08-13T10:05:26Z</time></trkpt><trkpt lat="42.669322" lon="1.401100"><ele>3012.481</ele><time>2019-08-13T10:05:33Z</time></trkpt><trkpt lat="42.669386" lon="1.401188"><ele>3009.551</ele><time>2019-08-13T10:05:42Z</time></trkpt><trkpt lat="42.669501" lon="1.401249"><ele>3007.169</ele><time>2019-08-13T10:05:56Z</time></trkpt><trkpt lat="42.669518" lon="1.401279"><ele>3006.757</ele><time>2019-08-13T10:05:59Z</time></trkpt><trkpt lat="42.669582" lon="1.401371"><ele>3004.736</ele><time>2019-08-13T10:06:11Z</time></trkpt><trkpt lat="42.669637" lon="1.401488"><ele>3003.331</ele><time>2019-08-13T10:06:23Z</time></trkpt><trkpt lat="42.669695" lon="1.401619"><ele>3000.920</ele><time>2019-08-13T10:06:36Z</time></trkpt><trkpt lat="42.669743" lon="1.401717"><ele>2999.455</ele><time>2019-08-13T10:06:52Z</time></trkpt><trkpt lat="42.669749" lon="1.401715"><ele>2999.407</ele><time>2019-08-13T10:07:04Z</time></trkpt><trkpt lat="42.669739" lon="1.401760"><ele>2998.017</ele><time>2019-08-13T10:07:17Z</time></trkpt><trkpt lat="42.669744" lon="1.401768"><ele>2996.108</ele><time>2019-08-13T10:07:34Z</time></trkpt><trkpt lat="42.669796" lon="1.401806"><ele>2993.279</ele><time>2019-08-13T10:07:48Z</time></trkpt><trkpt lat="42.669889" lon="1.401869"><ele>2990.355</ele><time>2019-08-13T10:08:02Z</time></trkpt><trkpt lat="42.669969" lon="1.401932"><ele>2988.995</ele><time>2019-08-13T10:08:14Z</time></trkpt><trkpt lat="42.669997" lon="1.401930"><ele>2987.983</ele><time>2019-08-13T10:08:17Z</time></trkpt><trkpt lat="42.670066" lon="1.401980"><ele>2986.051</ele><time>2019-08-13T10:08:27Z</time></trkpt><trkpt lat="42.670124" lon="1.401980"><ele>2984.130</ele><time>2019-08-13T10:08:39Z</time></trkpt><trkpt lat="42.670193" lon="1.402023"><ele>2982.115</ele><time>2019-08-13T10:08:48Z</time></trkpt><trkpt lat="42.670293" lon="1.402085"><ele>2979.374</ele><time>2019-08-13T10:09:01Z</time></trkpt><trkpt lat="42.670345" lon="1.402079"><ele>2978.815</ele><time>2019-08-13T10:09:07Z</time></trkpt><trkpt lat="42.670430" lon="1.402112"><ele>2977.865</ele><time>2019-08-13T10:09:19Z</time></trkpt><trkpt lat="42.670461" lon="1.402088"><ele>2976.411</ele><time>2019-08-13T10:09:25Z</time></trkpt><trkpt lat="42.670519" lon="1.402148"><ele>2975.908</ele><time>2019-08-13T10:09:33Z</time></trkpt><trkpt lat="42.670548" lon="1.402143"><ele>2975.955</ele><time>2019-08-13T10:09:37Z</time></trkpt><trkpt lat="42.670651" lon="1.402138"><ele>2977.351</ele><time>2019-08-13T10:09:49Z</time></trkpt><trkpt lat="42.670744" lon="1.402146"><ele>2976.991</ele><time>2019-08-13T10:10:02Z</time></trkpt><trkpt lat="42.670789" lon="1.402199"><ele>2978.389</ele><time>2019-08-13T10:10:21Z</time></trkpt><trkpt lat="42.670832" lon="1.402236"><ele>2978.817</ele><time>2019-08-13T10:10:38Z</time></trkpt><trkpt lat="42.670849" lon="1.402216"><ele>2981.786</ele><time>2019-08-13T10:10:53Z</time></trkpt><trkpt lat="42.670879" lon="1.402182"><ele>2983.181</ele><time>2019-08-13T10:11:18Z</time></trkpt><trkpt lat="42.670907" lon="1.402269"><ele>2986.050</ele><time>2019-08-13T10:11:30Z</time></trkpt><trkpt lat="42.670958" lon="1.402277"><ele>2987.975</ele><time>2019-08-13T10:11:43Z</time></trkpt><trkpt lat="42.670970" lon="1.402371"><ele>2989.428</ele><time>2019-08-13T10:11:57Z</time></trkpt><trkpt lat="42.670973" lon="1.402432"><ele>2990.820</ele><time>2019-08-13T10:12:15Z</time></trkpt><trkpt lat="42.670990" lon="1.402425"><ele>2989.408</ele><time>2019-08-13T10:12:41Z</time></trkpt><trkpt lat="42.671036" lon="1.402404"><ele>2994.211</ele><time>2019-08-13T10:12:57Z</time></trkpt><trkpt lat="42.671074" lon="1.402448"><ele>2997.147</ele><time>2019-08-13T10:13:11Z</time></trkpt><trkpt lat="42.671094" lon="1.402543"><ele>2999.057</ele><time>2019-08-13T10:13:28Z</time></trkpt><trkpt lat="42.671139" lon="1.402535"><ele>3002.345</ele><time>2019-08-13T10:13:42Z</time></trkpt><trkpt lat="42.671174" lon="1.402515"><ele>3007.693</ele><time>2019-08-13T10:13:57Z</time></trkpt><trkpt lat="42.671211" lon="1.402507"><ele>3009.162</ele><time>2019-08-13T10:14:12Z</time></trkpt><trkpt lat="42.671240" lon="1.402490"><ele>3011.587</ele><time>2019-08-13T10:14:30Z</time></trkpt><trkpt lat="42.671254" lon="1.402493"><ele>3011.066</ele><time>2019-08-13T10:14:59Z</time></trkpt><trkpt lat="42.671301" lon="1.402526"><ele>3012.953</ele><time>2019-08-13T10:15:14Z</time></trkpt><trkpt lat="42.671346" lon="1.402567"><ele>3015.304</ele><time>2019-08-13T10:15:29Z</time></trkpt><trkpt lat="42.671398" lon="1.402524"><ele>3018.214</ele><time>2019-08-13T10:15:43Z</time></trkpt><trkpt lat="42.671468" lon="1.402504"><ele>3020.608</ele><time>2019-08-13T10:15:58Z</time></trkpt><trkpt lat="42.671535" lon="1.402511"><ele>3022.559</ele><time>2019-08-13T10:16:13Z</time></trkpt><trkpt lat="42.671601" lon="1.402538"><ele>3024.495</ele><time>2019-08-13T10:16:28Z</time></trkpt><trkpt lat="42.671667" lon="1.402561"><ele>3025.995</ele><time>2019-08-13T10:16:43Z</time></trkpt><trkpt lat="42.671710" lon="1.402617"><ele>3027.833</ele><time>2019-08-13T10:16:58Z</time></trkpt><trkpt lat="42.671683" lon="1.402736"><ele>3027.871</ele><time>2019-08-13T10:17:12Z</time></trkpt><trkpt lat="42.671709" lon="1.402792"><ele>3028.890</ele><time>2019-08-13T10:17:26Z</time></trkpt><trkpt lat="42.671770" lon="1.402862"><ele>3031.245</ele><time>2019-08-13T10:17:43Z</time></trkpt><trkpt lat="42.671740" lon="1.402971"><ele>3033.164</ele><time>2019-08-13T10:18:00Z</time></trkpt><trkpt lat="42.671722" lon="1.403059"><ele>3035.541</ele><time>2019-08-13T10:18:13Z</time></trkpt><trkpt lat="42.671725" lon="1.403202"><ele>3036.581</ele><time>2019-08-13T10:18:28Z</time></trkpt><trkpt lat="42.671723" lon="1.403308"><ele>3036.909</ele><time>2019-08-13T10:18:40Z</time></trkpt><trkpt lat="42.671734" lon="1.403427"><ele>3038.408</ele><time>2019-08-13T10:18:54Z</time></trkpt><trkpt lat="42.671738" lon="1.403469"><ele>3039.838</ele><time>2019-08-13T10:19:09Z</time></trkpt><trkpt lat="42.671734" lon="1.403458"><ele>3042.284</ele><time>2019-08-13T10:19:35Z</time></trkpt><trkpt lat="42.671732" lon="1.403539"><ele>3042.284</ele><time>2019-08-13T10:19:58Z</time></trkpt><trkpt lat="42.671732" lon="1.403646"><ele>3044.132</ele><time>2019-08-13T10:20:11Z</time></trkpt><trkpt lat="42.671759" lon="1.403727"><ele>3046.170</ele><time>2019-08-13T10:20:26Z</time></trkpt><trkpt lat="42.671785" lon="1.403808"><ele>3047.549</ele><time>2019-08-13T10:20:39Z</time></trkpt><trkpt lat="42.671806" lon="1.403899"><ele>3049.434</ele><time>2019-08-13T10:20:55Z</time></trkpt><trkpt lat="42.671821" lon="1.403987"><ele>3050.933</ele><time>2019-08-13T10:21:11Z</time></trkpt><trkpt lat="42.671851" lon="1.404076"><ele>3051.824</ele><time>2019-08-13T10:21:26Z</time></trkpt><trkpt lat="42.671842" lon="1.404141"><ele>3053.804</ele><time>2019-08-13T10:21:41Z</time></trkpt><trkpt lat="42.671855" lon="1.404203"><ele>3056.614</ele><time>2019-08-13T10:21:55Z</time></trkpt><trkpt lat="42.671867" lon="1.404248"><ele>3058.608</ele><time>2019-08-13T10:22:08Z</time></trkpt><trkpt lat="42.671899" lon="1.404325"><ele>3060.566</ele><time>2019-08-13T10:22:22Z</time></trkpt><trkpt lat="42.671925" lon="1.404411"><ele>3061.942</ele><time>2019-08-13T10:22:37Z</time></trkpt><trkpt lat="42.671950" lon="1.404535"><ele>3061.992</ele><time>2019-08-13T10:22:54Z</time></trkpt><trkpt lat="42.671963" lon="1.404601"><ele>3064.390</ele><time>2019-08-13T10:23:08Z</time></trkpt><trkpt lat="42.671971" lon="1.404692"><ele>3065.388</ele><time>2019-08-13T10:23:22Z</time></trkpt><trkpt lat="42.671956" lon="1.404778"><ele>3066.797</ele><time>2019-08-13T10:23:36Z</time></trkpt><trkpt lat="42.671955" lon="1.404840"><ele>3066.772</ele><time>2019-08-13T10:23:42Z</time></trkpt><trkpt lat="42.671955" lon="1.404951"><ele>3067.211</ele><time>2019-08-13T10:23:52Z</time></trkpt><trkpt lat="42.671961" lon="1.405094"><ele>3067.748</ele><time>2019-08-13T10:24:06Z</time></trkpt><trkpt lat="42.671975" lon="1.405211"><ele>3067.761</ele><time>2019-08-13T10:24:21Z</time></trkpt><trkpt lat="42.671988" lon="1.405280"><ele>3064.817</ele><time>2019-08-13T10:24:32Z</time></trkpt><trkpt lat="42.671999" lon="1.405430"><ele>3063.908</ele><time>2019-08-13T10:24:46Z</time></trkpt><trkpt lat="42.671991" lon="1.405492"><ele>3064.838</ele><time>2019-08-13T10:24:53Z</time></trkpt><trkpt lat="42.671970" lon="1.405620"><ele>3068.274</ele><time>2019-08-13T10:25:08Z</time></trkpt><trkpt lat="42.671936" lon="1.405758"><ele>3071.184</ele><time>2019-08-13T10:25:25Z</time></trkpt><trkpt lat="42.671943" lon="1.405868"><ele>3073.542</ele><time>2019-08-13T10:25:39Z</time></trkpt><trkpt lat="42.671903" lon="1.405984"><ele>3075.440</ele><time>2019-08-13T10:25:54Z</time></trkpt><trkpt lat="42.671885" lon="1.405996"><ele>3076.469</ele><time>2019-08-13T10:26:11Z</time></trkpt><trkpt lat="42.671887" lon="1.405981"><ele>3075.914</ele><time>2019-08-13T10:26:30Z</time></trkpt><trkpt lat="42.671896" lon="1.405997"><ele>3078.333</ele><time>2019-08-13T10:26:54Z</time></trkpt><trkpt lat="42.671895" lon="1.406155"><ele>3077.349</ele><time>2019-08-13T10:27:08Z</time></trkpt><trkpt lat="42.671903" lon="1.406206"><ele>3077.302</ele><time>2019-08-13T10:27:13Z</time></trkpt><trkpt lat="42.671905" lon="1.406230"><ele>3077.322</ele><time>2019-08-13T10:27:15Z</time></trkpt><trkpt lat="42.671866" lon="1.406368"><ele>3077.308</ele><time>2019-08-13T10:27:30Z</time></trkpt><trkpt lat="42.671863" lon="1.406363"><ele>3074.928</ele><time>2019-08-13T10:27:55Z</time></trkpt><trkpt lat="42.671905" lon="1.406374"><ele>3074.944</ele><time>2019-08-13T10:28:02Z</time></trkpt><trkpt lat="42.671996" lon="1.406347"><ele>3073.054</ele><time>2019-08-13T10:28:16Z</time></trkpt><trkpt lat="42.672021" lon="1.406339"><ele>3072.072</ele><time>2019-08-13T10:28:27Z</time></trkpt><trkpt lat="42.671967" lon="1.406223"><ele>3076.880</ele><time>2019-08-13T10:45:28Z</time></trkpt><trkpt lat="42.671905" lon="1.406137"><ele>3078.829</ele><time>2019-08-13T10:45:43Z</time></trkpt><trkpt lat="42.671897" lon="1.406003"><ele>3079.774</ele><time>2019-08-13T10:45:58Z</time></trkpt><trkpt lat="42.671908" lon="1.405975"><ele>3079.743</ele><time>2019-08-13T10:46:01Z</time></trkpt><trkpt lat="42.671934" lon="1.405824"><ele>3078.367</ele><time>2019-08-13T10:46:15Z</time></trkpt><trkpt lat="42.671928" lon="1.405801"><ele>3078.381</ele><time>2019-08-13T10:46:17Z</time></trkpt><trkpt lat="42.671911" lon="1.405748"><ele>3078.319</ele><time>2019-08-13T10:46:22Z</time></trkpt><trkpt lat="42.671939" lon="1.405649"><ele>3077.308</ele><time>2019-08-13T10:46:32Z</time></trkpt><trkpt lat="42.671974" lon="1.405567"><ele>3075.440</ele><time>2019-08-13T10:46:44Z</time></trkpt><trkpt lat="42.671991" lon="1.405504"><ele>3073.516</ele><time>2019-08-13T10:46:51Z</time></trkpt><trkpt lat="42.672012" lon="1.405420"><ele>3072.556</ele><time>2019-08-13T10:46:59Z</time></trkpt><trkpt lat="42.671994" lon="1.405351"><ele>3070.124</ele><time>2019-08-13T10:47:11Z</time></trkpt><trkpt lat="42.671987" lon="1.405267"><ele>3071.122</ele><time>2019-08-13T10:47:37Z</time></trkpt><trkpt lat="42.671971" lon="1.405198"><ele>3074.961</ele><time>2019-08-13T10:47:50Z</time></trkpt><trkpt lat="42.671964" lon="1.405119"><ele>3075.486</ele><time>2019-08-13T10:48:00Z</time></trkpt><trkpt lat="42.671956" lon="1.404959"><ele>3074.445</ele><time>2019-08-13T10:48:14Z</time></trkpt><trkpt lat="42.671951" lon="1.404936"><ele>3074.973</ele><time>2019-08-13T10:48:16Z</time></trkpt><trkpt lat="42.671949" lon="1.404874"><ele>3075.485</ele><time>2019-08-13T10:48:21Z</time></trkpt><trkpt lat="42.671956" lon="1.404736"><ele>3074.913</ele><time>2019-08-13T10:48:34Z</time></trkpt><trkpt lat="42.671974" lon="1.404646"><ele>3073.508</ele><time>2019-08-13T10:48:46Z</time></trkpt><trkpt lat="42.671963" lon="1.404569"><ele>3071.671</ele><time>2019-08-13T10:48:57Z</time></trkpt><trkpt lat="42.671950" lon="1.404478"><ele>3070.617</ele><time>2019-08-13T10:49:08Z</time></trkpt><trkpt lat="42.671933" lon="1.404442"><ele>3069.637</ele><time>2019-08-13T10:49:12Z</time></trkpt><trkpt lat="42.671899" lon="1.404291"><ele>3066.735</ele><time>2019-08-13T10:49:28Z</time></trkpt><trkpt lat="42.671844" lon="1.404191"><ele>3064.833</ele><time>2019-08-13T10:49:42Z</time></trkpt><trkpt lat="42.671850" lon="1.404110"><ele>3061.932</ele><time>2019-08-13T10:49:54Z</time></trkpt><trkpt lat="42.671810" lon="1.403995"><ele>3058.197</ele><time>2019-08-13T10:50:09Z</time></trkpt><trkpt lat="42.671797" lon="1.403881"><ele>3054.716</ele><time>2019-08-13T10:50:22Z</time></trkpt><trkpt lat="42.671773" lon="1.403809"><ele>3052.386</ele><time>2019-08-13T10:50:35Z</time></trkpt><trkpt lat="42.671756" lon="1.403717"><ele>3049.460</ele><time>2019-08-13T10:50:47Z</time></trkpt><trkpt lat="42.671746" lon="1.403698"><ele>3049.426</ele><time>2019-08-13T10:50:50Z</time></trkpt><trkpt lat="42.671747" lon="1.403646"><ele>3048.508</ele><time>2019-08-13T10:50:55Z</time></trkpt><trkpt lat="42.671734" lon="1.403544"><ele>3045.642</ele><time>2019-08-13T10:51:07Z</time></trkpt><trkpt lat="42.671740" lon="1.403420"><ele>3043.228</ele><time>2019-08-13T10:51:18Z</time></trkpt><trkpt lat="42.671724" lon="1.403382"><ele>3043.268</ele><time>2019-08-13T10:51:21Z</time></trkpt><trkpt lat="42.671726" lon="1.403195"><ele>3043.776</ele><time>2019-08-13T10:51:35Z</time></trkpt><trkpt lat="42.671719" lon="1.403169"><ele>3043.264</ele><time>2019-08-13T10:51:37Z</time></trkpt><trkpt lat="42.671716" lon="1.403050"><ele>3043.213</ele><time>2019-08-13T10:51:46Z</time></trkpt><trkpt lat="42.671775" lon="1.402923"><ele>3038.978</ele><time>2019-08-13T10:52:00Z</time></trkpt><trkpt lat="42.671763" lon="1.402828"><ele>3037.487</ele><time>2019-08-13T10:52:10Z</time></trkpt><trkpt lat="42.671729" lon="1.402802"><ele>3035.552</ele><time>2019-08-13T10:52:23Z</time></trkpt><trkpt lat="42.671691" lon="1.402734"><ele>3033.153</ele><time>2019-08-13T10:52:35Z</time></trkpt><trkpt lat="42.671712" lon="1.402682"><ele>3031.708</ele><time>2019-08-13T10:52:48Z</time></trkpt><trkpt lat="42.671677" lon="1.402614"><ele>3028.808</ele><time>2019-08-13T10:53:04Z</time></trkpt><trkpt lat="42.671591" lon="1.402570"><ele>3026.459</ele><time>2019-08-13T10:53:19Z</time></trkpt><trkpt lat="42.671486" lon="1.402538"><ele>3023.045</ele><time>2019-08-13T10:53:35Z</time></trkpt><trkpt lat="42.671401" lon="1.402552"><ele>3019.675</ele><time>2019-08-13T10:53:51Z</time></trkpt><trkpt lat="42.671350" lon="1.402590"><ele>3016.333</ele><time>2019-08-13T10:54:09Z</time></trkpt><trkpt lat="42.671302" lon="1.402535"><ele>3012.921</ele><time>2019-08-13T10:54:25Z</time></trkpt><trkpt lat="42.671249" lon="1.402512"><ele>3010.520</ele><time>2019-08-13T10:54:42Z</time></trkpt><trkpt lat="42.671215" lon="1.402561"><ele>3007.655</ele><time>2019-08-13T10:54:59Z</time></trkpt><trkpt lat="42.671156" lon="1.402532"><ele>3005.224</ele><time>2019-08-13T10:55:12Z</time></trkpt><trkpt lat="42.671108" lon="1.402559"><ele>3001.911</ele><time>2019-08-13T10:55:27Z</time></trkpt><trkpt lat="42.671062" lon="1.402422"><ele>2999.421</ele><time>2019-08-13T10:55:42Z</time></trkpt><trkpt lat="42.671018" lon="1.402411"><ele>2997.103</ele><time>2019-08-13T10:55:55Z</time></trkpt><trkpt lat="42.670966" lon="1.402413"><ele>2993.208</ele><time>2019-08-13T10:56:09Z</time></trkpt><trkpt lat="42.670973" lon="1.402296"><ele>2990.845</ele><time>2019-08-13T10:56:22Z</time></trkpt><trkpt lat="42.670907" lon="1.402305"><ele>2988.981</ele><time>2019-08-13T10:56:35Z</time></trkpt><trkpt lat="42.670905" lon="1.402296"><ele>2988.421</ele><time>2019-08-13T10:56:36Z</time></trkpt><trkpt lat="42.670876" lon="1.402222"><ele>2984.629</ele><time>2019-08-13T10:56:49Z</time></trkpt><trkpt lat="42.670796" lon="1.402235"><ele>2982.187</ele><time>2019-08-13T10:57:03Z</time></trkpt><trkpt lat="42.670824" lon="1.402146"><ele>2982.146</ele><time>2019-08-13T10:57:26Z</time></trkpt><trkpt lat="42.670835" lon="1.402056"><ele>2976.481</ele><time>2019-08-13T10:57:40Z</time></trkpt><trkpt lat="42.670817" lon="1.401975"><ele>2971.660</ele><time>2019-08-13T10:57:51Z</time></trkpt><trkpt lat="42.670838" lon="1.401873"><ele>2968.211</ele><time>2019-08-13T10:58:06Z</time></trkpt><trkpt lat="42.670918" lon="1.401790"><ele>2965.321</ele><time>2019-08-13T10:58:21Z</time></trkpt><trkpt lat="42.670912" lon="1.401705"><ele>2962.003</ele><time>2019-08-13T10:58:35Z</time></trkpt><trkpt lat="42.670867" lon="1.401641"><ele>2956.208</ele><time>2019-08-13T10:58:52Z</time></trkpt><trkpt lat="42.670828" lon="1.401592"><ele>2953.355</ele><time>2019-08-13T10:59:07Z</time></trkpt><trkpt lat="42.670872" lon="1.401516"><ele>2949.561</ele><time>2019-08-13T10:59:20Z</time></trkpt><trkpt lat="42.670868" lon="1.401440"><ele>2947.591</ele><time>2019-08-13T10:59:33Z</time></trkpt><trkpt lat="42.670825" lon="1.401450"><ele>2945.189</ele><time>2019-08-13T10:59:52Z</time></trkpt><trkpt lat="42.670809" lon="1.401366"><ele>2942.737</ele><time>2019-08-13T11:00:05Z</time></trkpt><trkpt lat="42.670802" lon="1.401249"><ele>2940.336</ele><time>2019-08-13T11:00:18Z</time></trkpt><trkpt lat="42.670852" lon="1.401162"><ele>2938.991</ele><time>2019-08-13T11:00:30Z</time></trkpt><trkpt lat="42.670775" lon="1.401150"><ele>2935.570</ele><time>2019-08-13T11:00:51Z</time></trkpt><trkpt lat="42.670797" lon="1.401085"><ele>2933.178</ele><time>2019-08-13T11:00:58Z</time></trkpt><trkpt lat="42.670834" lon="1.401059"><ele>2932.233</ele><time>2019-08-13T11:01:02Z</time></trkpt><trkpt lat="42.670834" lon="1.401031"><ele>2931.726</ele><time>2019-08-13T11:01:04Z</time></trkpt><trkpt lat="42.670811" lon="1.400885"><ele>2927.808</ele><time>2019-08-13T11:01:18Z</time></trkpt><trkpt lat="42.670897" lon="1.400799"><ele>2927.861</ele><time>2019-08-13T11:01:30Z</time></trkpt><trkpt lat="42.670938" lon="1.400692"><ele>2924.547</ele><time>2019-08-13T11:01:41Z</time></trkpt><trkpt lat="42.671041" lon="1.400648"><ele>2921.187</ele><time>2019-08-13T11:01:53Z</time></trkpt><trkpt lat="42.671058" lon="1.400613"><ele>2918.795</ele><time>2019-08-13T11:01:58Z</time></trkpt><trkpt lat="42.671127" lon="1.400501"><ele>2915.853</ele><time>2019-08-13T11:02:09Z</time></trkpt><trkpt lat="42.671137" lon="1.400434"><ele>2915.842</ele><time>2019-08-13T11:02:14Z</time></trkpt><trkpt lat="42.671146" lon="1.400285"><ele>2914.947</ele><time>2019-08-13T11:02:28Z</time></trkpt><trkpt lat="42.671199" lon="1.400162"><ele>2912.976</ele><time>2019-08-13T11:02:43Z</time></trkpt><trkpt lat="42.671247" lon="1.400040"><ele>2908.695</ele><time>2019-08-13T11:02:58Z</time></trkpt><trkpt lat="42.671256" lon="1.400001"><ele>2906.749</ele><time>2019-08-13T11:03:04Z</time></trkpt><trkpt lat="42.671298" lon="1.399896"><ele>2903.323</ele><time>2019-08-13T11:03:15Z</time></trkpt><trkpt lat="42.671334" lon="1.399787"><ele>2899.508</ele><time>2019-08-13T11:03:30Z</time></trkpt><trkpt lat="42.671417" lon="1.399737"><ele>2900.973</ele><time>2019-08-13T11:03:43Z</time></trkpt><trkpt lat="42.671471" lon="1.399747"><ele>2904.389</ele><time>2019-08-13T11:03:56Z</time></trkpt><trkpt lat="42.671501" lon="1.399659"><ele>2903.379</ele><time>2019-08-13T11:04:09Z</time></trkpt><trkpt lat="42.671571" lon="1.399635"><ele>2900.987</ele><time>2019-08-13T11:04:22Z</time></trkpt><trkpt lat="42.671625" lon="1.399596"><ele>2899.095</ele><time>2019-08-13T11:04:33Z</time></trkpt><trkpt lat="42.671668" lon="1.399585"><ele>2898.544</ele><time>2019-08-13T11:04:46Z</time></trkpt><trkpt lat="42.671683" lon="1.399573"><ele>2895.629</ele><time>2019-08-13T11:04:57Z</time></trkpt><trkpt lat="42.671680" lon="1.399587"><ele>2895.638</ele><time>2019-08-13T11:04:58Z</time></trkpt><trkpt lat="42.671682" lon="1.399680"><ele>2892.351</ele><time>2019-08-13T11:05:13Z</time></trkpt><trkpt lat="42.671722" lon="1.399728"><ele>2889.401</ele><time>2019-08-13T11:05:26Z</time></trkpt><trkpt lat="42.671762" lon="1.399817"><ele>2889.411</ele><time>2019-08-13T11:05:36Z</time></trkpt><trkpt lat="42.671801" lon="1.399863"><ele>2888.908</ele><time>2019-08-13T11:05:47Z</time></trkpt><trkpt lat="42.671792" lon="1.399792"><ele>2887.029</ele><time>2019-08-13T11:06:00Z</time></trkpt><trkpt lat="42.671826" lon="1.399726"><ele>2883.655</ele><time>2019-08-13T11:06:14Z</time></trkpt><trkpt lat="42.671826" lon="1.399727"><ele>2882.645</ele><time>2019-08-13T11:06:27Z</time></trkpt><trkpt lat="42.671837" lon="1.399715"><ele>2883.143</ele><time>2019-08-13T11:06:47Z</time></trkpt><trkpt lat="42.671835" lon="1.399701"><ele>2884.631</ele><time>2019-08-13T11:07:11Z</time></trkpt><trkpt lat="42.671822" lon="1.399687"><ele>2884.160</ele><time>2019-08-13T11:07:32Z</time></trkpt><trkpt lat="42.671843" lon="1.399639"><ele>2887.565</ele><time>2019-08-13T11:07:48Z</time></trkpt><trkpt lat="42.671846" lon="1.399643"><ele>2886.074</ele><time>2019-08-13T11:08:05Z</time></trkpt><trkpt lat="42.671855" lon="1.399635"><ele>2886.086</ele><time>2019-08-13T11:08:38Z</time></trkpt><trkpt lat="42.671851" lon="1.399736"><ele>2882.260</ele><time>2019-08-13T11:08:51Z</time></trkpt><trkpt lat="42.671915" lon="1.399705"><ele>2882.626</ele><time>2019-08-13T11:09:05Z</time></trkpt><trkpt lat="42.671978" lon="1.399661"><ele>2881.708</ele><time>2019-08-13T11:09:22Z</time></trkpt><trkpt lat="42.672033" lon="1.399640"><ele>2881.762</ele><time>2019-08-13T11:09:32Z</time></trkpt><trkpt lat="42.672093" lon="1.399604"><ele>2879.398</ele><time>2019-08-13T11:09:46Z</time></trkpt><trkpt lat="42.672139" lon="1.399537"><ele>2878.818</ele><time>2019-08-13T11:09:57Z</time></trkpt><trkpt lat="42.672195" lon="1.399504"><ele>2879.876</ele><time>2019-08-13T11:10:08Z</time></trkpt><trkpt lat="42.672237" lon="1.399449"><ele>2880.344</ele><time>2019-08-13T11:10:19Z</time></trkpt><trkpt lat="42.672218" lon="1.399398"><ele>2879.393</ele><time>2019-08-13T11:10:30Z</time></trkpt><trkpt lat="42.672284" lon="1.399381"><ele>2879.338</ele><time>2019-08-13T11:10:45Z</time></trkpt><trkpt lat="42.672342" lon="1.399322"><ele>2880.767</ele><time>2019-08-13T11:10:57Z</time></trkpt><trkpt lat="42.672374" lon="1.399274"><ele>2882.628</ele><time>2019-08-13T11:11:10Z</time></trkpt><trkpt lat="42.672430" lon="1.399267"><ele>2880.789</ele><time>2019-08-13T11:11:20Z</time></trkpt><trkpt lat="42.672525" lon="1.399321"><ele>2878.817</ele><time>2019-08-13T11:11:33Z</time></trkpt><trkpt lat="42.672602" lon="1.399335"><ele>2878.808</ele><time>2019-08-13T11:11:43Z</time></trkpt><trkpt lat="42.672691" lon="1.399403"><ele>2878.386</ele><time>2019-08-13T11:11:56Z</time></trkpt><trkpt lat="42.672787" lon="1.399417"><ele>2878.892</ele><time>2019-08-13T11:12:09Z</time></trkpt><trkpt lat="42.672873" lon="1.399425"><ele>2878.332</ele><time>2019-08-13T11:12:22Z</time></trkpt><trkpt lat="42.672951" lon="1.399457"><ele>2875.480</ele><time>2019-08-13T11:12:36Z</time></trkpt><trkpt lat="42.673022" lon="1.399483"><ele>2872.698</ele><time>2019-08-13T11:12:49Z</time></trkpt><trkpt lat="42.673091" lon="1.399502"><ele>2870.137</ele><time>2019-08-13T11:13:01Z</time></trkpt><trkpt lat="42.673165" lon="1.399563"><ele>2867.372</ele><time>2019-08-13T11:13:14Z</time></trkpt><trkpt lat="42.673255" lon="1.399587"><ele>2865.861</ele><time>2019-08-13T11:13:28Z</time></trkpt><trkpt lat="42.673301" lon="1.399650"><ele>2863.492</ele><time>2019-08-13T11:13:40Z</time></trkpt><trkpt lat="42.673309" lon="1.399762"><ele>2858.673</ele><time>2019-08-13T11:13:55Z</time></trkpt><trkpt lat="42.673379" lon="1.399698"><ele>2856.220</ele><time>2019-08-13T11:14:09Z</time></trkpt><trkpt lat="42.673460" lon="1.399668"><ele>2853.808</ele><time>2019-08-13T11:14:22Z</time></trkpt><trkpt lat="42.673565" lon="1.399634"><ele>2851.913</ele><time>2019-08-13T11:14:35Z</time></trkpt><trkpt lat="42.673583" lon="1.399632"><ele>2852.479</ele><time>2019-08-13T11:14:37Z</time></trkpt><trkpt lat="42.673607" lon="1.399615"><ele>2852.469</ele><time>2019-08-13T11:14:40Z</time></trkpt><trkpt lat="42.673691" lon="1.399598"><ele>2851.427</ele><time>2019-08-13T11:14:54Z</time></trkpt><trkpt lat="42.673723" lon="1.399533"><ele>2852.995</ele><time>2019-08-13T11:15:04Z</time></trkpt><trkpt lat="42.673755" lon="1.399492"><ele>2852.464</ele><time>2019-08-13T11:15:09Z</time></trkpt><trkpt lat="42.673858" lon="1.399448"><ele>2852.469</ele><time>2019-08-13T11:15:22Z</time></trkpt><trkpt lat="42.673938" lon="1.399409"><ele>2851.458</ele><time>2019-08-13T11:15:35Z</time></trkpt><trkpt lat="42.674018" lon="1.399428"><ele>2848.583</ele><time>2019-08-13T11:15:50Z</time></trkpt><trkpt lat="42.674118" lon="1.399426"><ele>2844.725</ele><time>2019-08-13T11:16:04Z</time></trkpt><trkpt lat="42.674128" lon="1.399426"><ele>2844.717</ele><time>2019-08-13T11:16:05Z</time></trkpt><trkpt lat="42.674255" lon="1.399444"><ele>2844.208</ele><time>2019-08-13T11:16:20Z</time></trkpt><trkpt lat="42.674324" lon="1.399435"><ele>2842.322</ele><time>2019-08-13T11:16:30Z</time></trkpt><trkpt lat="42.674366" lon="1.399417"><ele>2841.388</ele><time>2019-08-13T11:16:35Z</time></trkpt><trkpt lat="42.674426" lon="1.399372"><ele>2842.318</ele><time>2019-08-13T11:16:44Z</time></trkpt><trkpt lat="42.674516" lon="1.399309"><ele>2841.326</ele><time>2019-08-13T11:16:57Z</time></trkpt><trkpt lat="42.674572" lon="1.399189"><ele>2840.814</ele><time>2019-08-13T11:17:10Z</time></trkpt><trkpt lat="42.674660" lon="1.399182"><ele>2840.483</ele><time>2019-08-13T11:17:22Z</time></trkpt><trkpt lat="42.674669" lon="1.399186"><ele>2840.478</ele><time>2019-08-13T11:17:23Z</time></trkpt><trkpt lat="42.674757" lon="1.399178"><ele>2837.987</ele><time>2019-08-13T11:17:37Z</time></trkpt><trkpt lat="42.674766" lon="1.399147"><ele>2837.063</ele><time>2019-08-13T11:17:55Z</time></trkpt><trkpt lat="42.674854" lon="1.399204"><ele>2836.044</ele><time>2019-08-13T11:18:09Z</time></trkpt><trkpt lat="42.674907" lon="1.399211"><ele>2834.118</ele><time>2019-08-13T11:18:21Z</time></trkpt><trkpt lat="42.674934" lon="1.399164"><ele>2830.708</ele><time>2019-08-13T11:18:34Z</time></trkpt><trkpt lat="42.674949" lon="1.399139"><ele>2827.960</ele><time>2019-08-13T11:18:46Z</time></trkpt><trkpt lat="42.674938" lon="1.399046"><ele>2825.016</ele><time>2019-08-13T11:18:59Z</time></trkpt><trkpt lat="42.674935" lon="1.398944"><ele>2822.176</ele><time>2019-08-13T11:19:12Z</time></trkpt><trkpt lat="42.674990" lon="1.398950"><ele>2821.194</ele><time>2019-08-13T11:19:25Z</time></trkpt><trkpt lat="42.675070" lon="1.398995"><ele>2819.762</ele><time>2019-08-13T11:19:38Z</time></trkpt><trkpt lat="42.675067" lon="1.398905"><ele>2816.881</ele><time>2019-08-13T11:19:49Z</time></trkpt><trkpt lat="42.675115" lon="1.398932"><ele>2815.816</ele><time>2019-08-13T11:20:01Z</time></trkpt><trkpt lat="42.675107" lon="1.398891"><ele>2812.525</ele><time>2019-08-13T11:20:13Z</time></trkpt><trkpt lat="42.675167" lon="1.398926"><ele>2812.093</ele><time>2019-08-13T11:20:28Z</time></trkpt><trkpt lat="42.675205" lon="1.398947"><ele>2811.065</ele><time>2019-08-13T11:20:42Z</time></trkpt><trkpt lat="42.675246" lon="1.399001"><ele>2809.121</ele><time>2019-08-13T11:20:52Z</time></trkpt><trkpt lat="42.675300" lon="1.399038"><ele>2804.308</ele><time>2019-08-13T11:21:08Z</time></trkpt><trkpt lat="42.675306" lon="1.399136"><ele>2803.393</ele><time>2019-08-13T11:21:21Z</time></trkpt><trkpt lat="42.675327" lon="1.399126"><ele>2800.069</ele><time>2019-08-13T11:21:32Z</time></trkpt><trkpt lat="42.675362" lon="1.399161"><ele>2798.549</ele><time>2019-08-13T11:21:44Z</time></trkpt><trkpt lat="42.675382" lon="1.399076"><ele>2794.717</ele><time>2019-08-13T11:21:58Z</time></trkpt><trkpt lat="42.675364" lon="1.399021"><ele>2794.285</ele><time>2019-08-13T11:22:10Z</time></trkpt><trkpt lat="42.675365" lon="1.398948"><ele>2792.814</ele><time>2019-08-13T11:22:24Z</time></trkpt><trkpt lat="42.675364" lon="1.398923"><ele>2791.839</ele><time>2019-08-13T11:22:27Z</time></trkpt><trkpt lat="42.675368" lon="1.398833"><ele>2789.448</ele><time>2019-08-13T11:22:40Z</time></trkpt><trkpt lat="42.675409" lon="1.398865"><ele>2788.033</ele><time>2019-08-13T11:23:03Z</time></trkpt><trkpt lat="42.675442" lon="1.398821"><ele>2785.623</ele><time>2019-08-13T11:23:15Z</time></trkpt><trkpt lat="42.675485" lon="1.398823"><ele>2783.615</ele><time>2019-08-13T11:23:29Z</time></trkpt><trkpt lat="42.675539" lon="1.398834"><ele>2780.808</ele><time>2019-08-13T11:23:41Z</time></trkpt><trkpt lat="42.675628" lon="1.398879"><ele>2777.917</ele><time>2019-08-13T11:23:54Z</time></trkpt><trkpt lat="42.675664" lon="1.398858"><ele>2774.083</ele><time>2019-08-13T11:24:05Z</time></trkpt><trkpt lat="42.675723" lon="1.398882"><ele>2770.223</ele><time>2019-08-13T11:24:17Z</time></trkpt><trkpt lat="42.675732" lon="1.398823"><ele>2768.781</ele><time>2019-08-13T11:24:22Z</time></trkpt><trkpt lat="42.675805" lon="1.398803"><ele>2769.289</ele><time>2019-08-13T11:24:31Z</time></trkpt><trkpt lat="42.675897" lon="1.398801"><ele>2768.798</ele><time>2019-08-13T11:24:43Z</time></trkpt><trkpt lat="42.675961" lon="1.398799"><ele>2765.443</ele><time>2019-08-13T11:24:56Z</time></trkpt><trkpt lat="42.676028" lon="1.398823"><ele>2763.412</ele><time>2019-08-13T11:25:09Z</time></trkpt><trkpt lat="42.676098" lon="1.398855"><ele>2761.097</ele><time>2019-08-13T11:25:20Z</time></trkpt><trkpt lat="42.676148" lon="1.398887"><ele>2758.623</ele><time>2019-08-13T11:25:32Z</time></trkpt><trkpt lat="42.676190" lon="1.398918"><ele>2756.725</ele><time>2019-08-13T11:25:45Z</time></trkpt><trkpt lat="42.676221" lon="1.398977"><ele>2753.808</ele><time>2019-08-13T11:25:59Z</time></trkpt><trkpt lat="42.676261" lon="1.398997"><ele>2752.953</ele><time>2019-08-13T11:26:12Z</time></trkpt><trkpt lat="42.676289" lon="1.399026"><ele>2751.979</ele><time>2019-08-13T11:26:22Z</time></trkpt><trkpt lat="42.676344" lon="1.399077"><ele>2750.059</ele><time>2019-08-13T11:26:34Z</time></trkpt><trkpt lat="42.676388" lon="1.399042"><ele>2746.637</ele><time>2019-08-13T11:26:46Z</time></trkpt><trkpt lat="42.676457" lon="1.399041"><ele>2744.215</ele><time>2019-08-13T11:26:58Z</time></trkpt><trkpt lat="42.676542" lon="1.399027"><ele>2740.964</ele><time>2019-08-13T11:27:14Z</time></trkpt><trkpt lat="42.676605" lon="1.399027"><ele>2738.499</ele><time>2019-08-13T11:27:26Z</time></trkpt><trkpt lat="42.676675" lon="1.398991"><ele>2735.658</ele><time>2019-08-13T11:27:38Z</time></trkpt><trkpt lat="42.676721" lon="1.398946"><ele>2733.257</ele><time>2019-08-13T11:27:50Z</time></trkpt><trkpt lat="42.676761" lon="1.398879"><ele>2729.800</ele><time>2019-08-13T11:28:02Z</time></trkpt><trkpt lat="42.676825" lon="1.398874"><ele>2729.320</ele><time>2019-08-13T11:28:13Z</time></trkpt><trkpt lat="42.676894" lon="1.398957"><ele>2727.908</ele><time>2019-08-13T11:28:26Z</time></trkpt><trkpt lat="42.676916" lon="1.398992"><ele>2723.659</ele><time>2019-08-13T11:28:40Z</time></trkpt><trkpt lat="42.676965" lon="1.399057"><ele>2723.125</ele><time>2019-08-13T11:28:53Z</time></trkpt><trkpt lat="42.676982" lon="1.399121"><ele>2721.695</ele><time>2019-08-13T11:29:07Z</time></trkpt><trkpt lat="42.677000" lon="1.399147"><ele>2719.713</ele><time>2019-08-13T11:29:18Z</time></trkpt><trkpt lat="42.677046" lon="1.399077"><ele>2717.821</ele><time>2019-08-13T11:29:26Z</time></trkpt><trkpt lat="42.677087" lon="1.398984"><ele>2716.380</ele><time>2019-08-13T11:29:39Z</time></trkpt><trkpt lat="42.677111" lon="1.398938"><ele>2713.065</ele><time>2019-08-13T11:29:52Z</time></trkpt><trkpt lat="42.677136" lon="1.398916"><ele>2711.114</ele><time>2019-08-13T11:30:03Z</time></trkpt><trkpt lat="42.677153" lon="1.398866"><ele>2709.124</ele><time>2019-08-13T11:30:13Z</time></trkpt><trkpt lat="42.677177" lon="1.398798"><ele>2707.204</ele><time>2019-08-13T11:30:26Z</time></trkpt><trkpt lat="42.677193" lon="1.398722"><ele>2704.814</ele><time>2019-08-13T11:30:38Z</time></trkpt><trkpt lat="42.677233" lon="1.398634"><ele>2701.408</ele><time>2019-08-13T11:30:50Z</time></trkpt><trkpt lat="42.677283" lon="1.398548"><ele>2700.046</ele><time>2019-08-13T11:31:01Z</time></trkpt><trkpt lat="42.677315" lon="1.398474"><ele>2698.192</ele><time>2019-08-13T11:31:11Z</time></trkpt><trkpt lat="42.677373" lon="1.398421"><ele>2696.112</ele><time>2019-08-13T11:31:23Z</time></trkpt><trkpt lat="42.677386" lon="1.398360"><ele>2693.320</ele><time>2019-08-13T11:31:35Z</time></trkpt><trkpt lat="42.677411" lon="1.398333"><ele>2692.838</ele><time>2019-08-13T11:31:48Z</time></trkpt><trkpt lat="42.677426" lon="1.398314"><ele>2692.387</ele><time>2019-08-13T11:32:19Z</time></trkpt><trkpt lat="42.677432" lon="1.398290"><ele>2690.422</ele><time>2019-08-13T11:32:33Z</time></trkpt><trkpt lat="42.677451" lon="1.398280"><ele>2692.821</ele><time>2019-08-13T11:32:50Z</time></trkpt><trkpt lat="42.677478" lon="1.398234"><ele>2692.332</ele><time>2019-08-13T11:33:04Z</time></trkpt><trkpt lat="42.677488" lon="1.398204"><ele>2690.992</ele><time>2019-08-13T11:33:20Z</time></trkpt><trkpt lat="42.677504" lon="1.398183"><ele>2687.511</ele><time>2019-08-13T11:33:46Z</time></trkpt><trkpt lat="42.677554" lon="1.398129"><ele>2687.508</ele><time>2019-08-13T11:33:59Z</time></trkpt><trkpt lat="42.677596" lon="1.398061"><ele>2686.547</ele><time>2019-08-13T11:34:13Z</time></trkpt><trkpt lat="42.677588" lon="1.398052"><ele>2685.143</ele><time>2019-08-13T11:34:27Z</time></trkpt><trkpt lat="42.677612" lon="1.398036"><ele>2683.273</ele><time>2019-08-13T11:34:44Z</time></trkpt><trkpt lat="42.677681" lon="1.397959"><ele>2682.781</ele><time>2019-08-13T11:34:55Z</time></trkpt><trkpt lat="42.677729" lon="1.397860"><ele>2681.329</ele><time>2019-08-13T11:35:08Z</time></trkpt><trkpt lat="42.677733" lon="1.397802"><ele>2677.978</ele><time>2019-08-13T11:35:21Z</time></trkpt><trkpt lat="42.677732" lon="1.397764"><ele>2675.543</ele><time>2019-08-13T11:35:46Z</time></trkpt><trkpt lat="42.677699" lon="1.397680"><ele>2674.522</ele><time>2019-08-13T11:35:56Z</time></trkpt><trkpt lat="42.677741" lon="1.397626"><ele>2673.111</ele><time>2019-08-13T11:36:09Z</time></trkpt><trkpt lat="42.677808" lon="1.397635"><ele>2672.621</ele><time>2019-08-13T11:36:23Z</time></trkpt><trkpt lat="42.677859" lon="1.397605"><ele>2670.703</ele><time>2019-08-13T11:36:36Z</time></trkpt><trkpt lat="42.677840" lon="1.397562"><ele>2668.308</ele><time>2019-08-13T11:36:45Z</time></trkpt><trkpt lat="42.677874" lon="1.397511"><ele>2663.915</ele><time>2019-08-13T11:36:56Z</time></trkpt><trkpt lat="42.677868" lon="1.397503"><ele>2662.511</ele><time>2019-08-13T11:37:21Z</time></trkpt><trkpt lat="42.677849" lon="1.397469"><ele>2663.041</ele><time>2019-08-13T11:37:40Z</time></trkpt><trkpt lat="42.677867" lon="1.397464"><ele>2663.089</ele><time>2019-08-13T11:37:53Z</time></trkpt><trkpt lat="42.677889" lon="1.397459"><ele>2661.137</ele><time>2019-08-13T11:38:04Z</time></trkpt><trkpt lat="42.677912" lon="1.397448"><ele>2659.176</ele><time>2019-08-13T11:38:17Z</time></trkpt><trkpt lat="42.677917" lon="1.397416"><ele>2659.171</ele><time>2019-08-13T11:38:31Z</time></trkpt><trkpt lat="42.677932" lon="1.397365"><ele>2659.190</ele><time>2019-08-13T11:38:56Z</time></trkpt><trkpt lat="42.677982" lon="1.397356"><ele>2655.824</ele><time>2019-08-13T11:39:10Z</time></trkpt><trkpt lat="42.677991" lon="1.397336"><ele>2653.404</ele><time>2019-08-13T11:39:26Z</time></trkpt><trkpt lat="42.677984" lon="1.397281"><ele>2651.914</ele><time>2019-08-13T11:39:39Z</time></trkpt><trkpt lat="42.678033" lon="1.397257"><ele>2649.108</ele><time>2019-08-13T11:39:51Z</time></trkpt><trkpt lat="42.678028" lon="1.397197"><ele>2647.156</ele><time>2019-08-13T11:40:03Z</time></trkpt><trkpt lat="42.678102" lon="1.397167"><ele>2646.642</ele><time>2019-08-13T11:40:15Z</time></trkpt><trkpt lat="42.678156" lon="1.397215"><ele>2643.322</ele><time>2019-08-13T11:40:30Z</time></trkpt><trkpt lat="42.678194" lon="1.397239"><ele>2641.410</ele><time>2019-08-13T11:40:55Z</time></trkpt><trkpt lat="42.678188" lon="1.397267"><ele>2644.218</ele><time>2019-08-13T11:41:16Z</time></trkpt><trkpt lat="42.678190" lon="1.397279"><ele>2641.837</ele><time>2019-08-13T11:41:35Z</time></trkpt><trkpt lat="42.678219" lon="1.397269"><ele>2637.562</ele><time>2019-08-13T11:42:03Z</time></trkpt><trkpt lat="42.678283" lon="1.397262"><ele>2638.531</ele><time>2019-08-13T11:42:19Z</time></trkpt><trkpt lat="42.678296" lon="1.397265"><ele>2638.086</ele><time>2019-08-13T11:42:35Z</time></trkpt><trkpt lat="42.678290" lon="1.397384"><ele>2637.060</ele><time>2019-08-13T11:42:49Z</time></trkpt><trkpt lat="42.678320" lon="1.397465"><ele>2633.226</ele><time>2019-08-13T11:43:02Z</time></trkpt><trkpt lat="42.678335" lon="1.397528"><ele>2630.808</ele><time>2019-08-13T11:43:14Z</time></trkpt><trkpt lat="42.678346" lon="1.397550"><ele>2630.362</ele><time>2019-08-13T11:43:29Z</time></trkpt><trkpt lat="42.678368" lon="1.397555"><ele>2629.898</ele><time>2019-08-13T11:43:53Z</time></trkpt><trkpt lat="42.678419" lon="1.397575"><ele>2626.948</ele><time>2019-08-13T11:44:07Z</time></trkpt><trkpt lat="42.678414" lon="1.397553"><ele>2623.146</ele><time>2019-08-13T11:44:18Z</time></trkpt><trkpt lat="42.678433" lon="1.397544"><ele>2621.264</ele><time>2019-08-13T11:44:33Z</time></trkpt><trkpt lat="42.678458" lon="1.397587"><ele>2618.343</ele><time>2019-08-13T11:44:46Z</time></trkpt><trkpt lat="42.678505" lon="1.397619"><ele>2616.418</ele><time>2019-08-13T11:44:59Z</time></trkpt><trkpt lat="42.678519" lon="1.397579"><ele>2613.077</ele><time>2019-08-13T11:45:10Z</time></trkpt><trkpt lat="42.678561" lon="1.397542"><ele>2612.043</ele><time>2019-08-13T11:45:21Z</time></trkpt><trkpt lat="42.678629" lon="1.397535"><ele>2610.664</ele><time>2019-08-13T11:45:33Z</time></trkpt><trkpt lat="42.678648" lon="1.397468"><ele>2606.310</ele><time>2019-08-13T11:45:46Z</time></trkpt><trkpt lat="42.678689" lon="1.397450"><ele>2605.308</ele><time>2019-08-13T11:45:57Z</time></trkpt><trkpt lat="42.678730" lon="1.397467"><ele>2602.998</ele><time>2019-08-13T11:46:09Z</time></trkpt><trkpt lat="42.678729" lon="1.397411"><ele>2599.534</ele><time>2019-08-13T11:46:21Z</time></trkpt><trkpt lat="42.678739" lon="1.397348"><ele>2596.284</ele><time>2019-08-13T11:46:33Z</time></trkpt><trkpt lat="42.678835" lon="1.397377"><ele>2594.712</ele><time>2019-08-13T11:46:44Z</time></trkpt><trkpt lat="42.678903" lon="1.397408"><ele>2592.320</ele><time>2019-08-13T11:46:57Z</time></trkpt><trkpt lat="42.678953" lon="1.397361"><ele>2588.589</ele><time>2019-08-13T11:47:09Z</time></trkpt><trkpt lat="42.679025" lon="1.397396"><ele>2588.084</ele><time>2019-08-13T11:47:18Z</time></trkpt><trkpt lat="42.679052" lon="1.397544"><ele>2587.043</ele><time>2019-08-13T11:47:31Z</time></trkpt><trkpt lat="42.679037" lon="1.397680"><ele>2585.191</ele><time>2019-08-13T11:47:43Z</time></trkpt><trkpt lat="42.679047" lon="1.397704"><ele>2585.681</ele><time>2019-08-13T11:47:56Z</time></trkpt><trkpt lat="42.679074" lon="1.397665"><ele>2584.619</ele><time>2019-08-13T11:48:10Z</time></trkpt><trkpt lat="42.679085" lon="1.397821"><ele>2584.608</ele><time>2019-08-13T11:48:24Z</time></trkpt><trkpt lat="42.679078" lon="1.397972"><ele>2582.773</ele><time>2019-08-13T11:48:38Z</time></trkpt><trkpt lat="42.679075" lon="1.397997"><ele>2582.219</ele><time>2019-08-13T11:48:40Z</time></trkpt><trkpt lat="42.679101" lon="1.398157"><ele>2583.719</ele><time>2019-08-13T11:48:53Z</time></trkpt><trkpt lat="42.679138" lon="1.398240"><ele>2584.287</ele><time>2019-08-13T11:49:18Z</time></trkpt><trkpt lat="42.679163" lon="1.398299"><ele>2583.275</ele><time>2019-08-13T11:49:30Z</time></trkpt><trkpt lat="42.679186" lon="1.398305"><ele>2584.224</ele><time>2019-08-13T11:49:47Z</time></trkpt><trkpt lat="42.679256" lon="1.398387"><ele>2584.649</ele><time>2019-08-13T11:49:55Z</time></trkpt><trkpt lat="42.679315" lon="1.398530"><ele>2583.218</ele><time>2019-08-13T11:50:09Z</time></trkpt><trkpt lat="42.679317" lon="1.398613"><ele>2580.344</ele><time>2019-08-13T11:50:25Z</time></trkpt><trkpt lat="42.679317" lon="1.398665"><ele>2575.505</ele><time>2019-08-13T11:50:38Z</time></trkpt><trkpt lat="42.679313" lon="1.398773"><ele>2569.315</ele><time>2019-08-13T11:50:57Z</time></trkpt><trkpt lat="42.679333" lon="1.398826"><ele>2569.708</ele><time>2019-08-13T11:51:03Z</time></trkpt><trkpt lat="42.679428" lon="1.398667"><ele>2568.398</ele><time>2019-08-13T11:51:18Z</time></trkpt><trkpt lat="42.679519" lon="1.398687"><ele>2568.314</ele><time>2019-08-13T11:51:29Z</time></trkpt><trkpt lat="42.679532" lon="1.398617"><ele>2567.394</ele><time>2019-08-13T11:51:35Z</time></trkpt><trkpt lat="42.679544" lon="1.398565"><ele>2565.482</ele><time>2019-08-13T11:51:40Z</time></trkpt><trkpt lat="42.679601" lon="1.398498"><ele>2564.980</ele><time>2019-08-13T11:51:53Z</time></trkpt><trkpt lat="42.679650" lon="1.398490"><ele>2563.089</ele><time>2019-08-13T11:52:05Z</time></trkpt><trkpt lat="42.679668" lon="1.398447"><ele>2561.654</ele><time>2019-08-13T11:52:18Z</time></trkpt><trkpt lat="42.679716" lon="1.398422"><ele>2559.653</ele><time>2019-08-13T11:52:29Z</time></trkpt><trkpt lat="42.679719" lon="1.398403"><ele>2559.678</ele><time>2019-08-13T11:52:31Z</time></trkpt><trkpt lat="42.679770" lon="1.398301"><ele>2558.733</ele><time>2019-08-13T11:52:45Z</time></trkpt><trkpt lat="42.679757" lon="1.398307"><ele>2560.126</ele><time>2019-08-13T11:52:59Z</time></trkpt><trkpt lat="42.679861" lon="1.398223"><ele>2561.108</ele><time>2019-08-13T11:53:12Z</time></trkpt><trkpt lat="42.679915" lon="1.398139"><ele>2559.221</ele><time>2019-08-13T11:53:24Z</time></trkpt><trkpt lat="42.679922" lon="1.398123"><ele>2559.257</ele><time>2019-08-13T11:53:27Z</time></trkpt><trkpt lat="42.679951" lon="1.398017"><ele>2559.237</ele><time>2019-08-13T11:53:39Z</time></trkpt><trkpt lat="42.679918" lon="1.397999"><ele>2557.215</ele><time>2019-08-13T11:53:51Z</time></trkpt><trkpt lat="42.679887" lon="1.397994"><ele>2555.343</ele><time>2019-08-13T11:54:19Z</time></trkpt><trkpt lat="42.679898" lon="1.397971"><ele>2556.372</ele><time>2019-08-13T11:54:41Z</time></trkpt><trkpt lat="42.679876" lon="1.397952"><ele>2556.837</ele><time>2019-08-13T11:54:55Z</time></trkpt><trkpt lat="42.679886" lon="1.397857"><ele>2555.336</ele><time>2019-08-13T11:55:09Z</time></trkpt><trkpt lat="42.679907" lon="1.397785"><ele>2554.818</ele><time>2019-08-13T11:55:21Z</time></trkpt><trkpt lat="42.679913" lon="1.397717"><ele>2552.098</ele><time>2019-08-13T11:55:34Z</time></trkpt><trkpt lat="42.679920" lon="1.397711"><ele>2551.017</ele><time>2019-08-13T11:55:36Z</time></trkpt><trkpt lat="42.679940" lon="1.397622"><ele>2551.008</ele><time>2019-08-13T11:55:48Z</time></trkpt><trkpt lat="42.679955" lon="1.397610"><ele>2550.095</ele><time>2019-08-13T11:55:51Z</time></trkpt><trkpt lat="42.679982" lon="1.397515"><ele>2544.821</ele><time>2019-08-13T11:56:05Z</time></trkpt><trkpt lat="42.680060" lon="1.397477"><ele>2542.321</ele><time>2019-08-13T11:56:18Z</time></trkpt><trkpt lat="42.680074" lon="1.397427"><ele>2539.929</ele><time>2019-08-13T11:56:28Z</time></trkpt><trkpt lat="42.680153" lon="1.397352"><ele>2537.177</ele><time>2019-08-13T11:56:41Z</time></trkpt><trkpt lat="42.680194" lon="1.397272"><ele>2533.786</ele><time>2019-08-13T11:56:53Z</time></trkpt><trkpt lat="42.680270" lon="1.397241"><ele>2531.881</ele><time>2019-08-13T11:57:07Z</time></trkpt><trkpt lat="42.680307" lon="1.397189"><ele>2528.990</ele><time>2019-08-13T11:57:25Z</time></trkpt><trkpt lat="42.680357" lon="1.397086"><ele>2527.947</ele><time>2019-08-13T11:57:39Z</time></trkpt><trkpt lat="42.680412" lon="1.396984"><ele>2526.529</ele><time>2019-08-13T11:57:52Z</time></trkpt><trkpt lat="42.680457" lon="1.396879"><ele>2525.021</ele><time>2019-08-13T11:58:03Z</time></trkpt><trkpt lat="42.680452" lon="1.396790"><ele>2524.108</ele><time>2019-08-13T11:58:11Z</time></trkpt><trkpt lat="42.680456" lon="1.396727"><ele>2523.618</ele><time>2019-08-13T11:58:17Z</time></trkpt><trkpt lat="42.680445" lon="1.396654"><ele>2521.784</ele><time>2019-08-13T11:58:24Z</time></trkpt><trkpt lat="42.680477" lon="1.396536"><ele>2521.724</ele><time>2019-08-13T11:58:37Z</time></trkpt><trkpt lat="42.680488" lon="1.396435"><ele>2519.382</ele><time>2019-08-13T11:58:49Z</time></trkpt><trkpt lat="42.680502" lon="1.396399"><ele>2518.350</ele><time>2019-08-13T11:58:56Z</time></trkpt><trkpt lat="42.680551" lon="1.396299"><ele>2519.329</ele><time>2019-08-13T11:59:08Z</time></trkpt><trkpt lat="42.680598" lon="1.396207"><ele>2518.314</ele><time>2019-08-13T11:59:21Z</time></trkpt><trkpt lat="42.680651" lon="1.396120"><ele>2520.293</ele><time>2019-08-13T11:59:34Z</time></trkpt><trkpt lat="42.680711" lon="1.396039"><ele>2521.241</ele><time>2019-08-13T11:59:43Z</time></trkpt><trkpt lat="42.680752" lon="1.395866"><ele>2522.281</ele><time>2019-08-13T11:59:59Z</time></trkpt><trkpt lat="42.680782" lon="1.395782"><ele>2519.809</ele><time>2019-08-13T12:00:09Z</time></trkpt><trkpt lat="42.680794" lon="1.395724"><ele>2518.308</ele><time>2019-08-13T12:00:21Z</time></trkpt><trkpt lat="42.680812" lon="1.395684"><ele>2514.588</ele><time>2019-08-13T12:00:32Z</time></trkpt><trkpt lat="42.680808" lon="1.395618"><ele>2512.194</ele><time>2019-08-13T12:00:45Z</time></trkpt><trkpt lat="42.680778" lon="1.395592"><ele>2509.754</ele><time>2019-08-13T12:00:56Z</time></trkpt><trkpt lat="42.680807" lon="1.395521"><ele>2508.792</ele><time>2019-08-13T12:01:08Z</time></trkpt><trkpt lat="42.680790" lon="1.395456"><ele>2505.360</ele><time>2019-08-13T12:01:21Z</time></trkpt><trkpt lat="42.680799" lon="1.395451"><ele>2505.339</ele><time>2019-08-13T12:01:22Z</time></trkpt><trkpt lat="42.680818" lon="1.395435"><ele>2505.374</ele><time>2019-08-13T12:01:24Z</time></trkpt><trkpt lat="42.680874" lon="1.395338"><ele>2501.543</ele><time>2019-08-13T12:01:39Z</time></trkpt><trkpt lat="42.680902" lon="1.395267"><ele>2497.289</ele><time>2019-08-13T12:01:52Z</time></trkpt><trkpt lat="42.680937" lon="1.395172"><ele>2493.306</ele><time>2019-08-13T12:02:07Z</time></trkpt><trkpt lat="42.680942" lon="1.395146"><ele>2492.826</ele><time>2019-08-13T12:02:10Z</time></trkpt><trkpt lat="42.680964" lon="1.395066"><ele>2490.908</ele><time>2019-08-13T12:02:24Z</time></trkpt><trkpt lat="42.680985" lon="1.395018"><ele>2487.652</ele><time>2019-08-13T12:02:36Z</time></trkpt><trkpt lat="42.681013" lon="1.394973"><ele>2484.718</ele><time>2019-08-13T12:02:47Z</time></trkpt><trkpt lat="42.680997" lon="1.394935"><ele>2480.868</ele><time>2019-08-13T12:03:07Z</time></trkpt><trkpt lat="42.681005" lon="1.394857"><ele>2477.946</ele><time>2019-08-13T12:03:20Z</time></trkpt><trkpt lat="42.680987" lon="1.394824"><ele>2477.094</ele><time>2019-08-13T12:03:30Z</time></trkpt><trkpt lat="42.681027" lon="1.394769"><ele>2477.443</ele><time>2019-08-13T12:03:42Z</time></trkpt><trkpt lat="42.681056" lon="1.394695"><ele>2476.518</ele><time>2019-08-13T12:03:54Z</time></trkpt><trkpt lat="42.681076" lon="1.394645"><ele>2473.117</ele><time>2019-08-13T12:04:05Z</time></trkpt><trkpt lat="42.681084" lon="1.394625"><ele>2471.257</ele><time>2019-08-13T12:04:11Z</time></trkpt><trkpt lat="42.681124" lon="1.394593"><ele>2469.800</ele><time>2019-08-13T12:04:19Z</time></trkpt><trkpt lat="42.681208" lon="1.394542"><ele>2468.820</ele><time>2019-08-13T12:04:29Z</time></trkpt><trkpt lat="42.681235" lon="1.394514"><ele>2467.408</ele><time>2019-08-13T12:04:32Z</time></trkpt><trkpt lat="42.681351" lon="1.394542"><ele>2466.989</ele><time>2019-08-13T12:04:47Z</time></trkpt><trkpt lat="42.681405" lon="1.394531"><ele>2464.065</ele><time>2019-08-13T12:04:59Z</time></trkpt><trkpt lat="42.681457" lon="1.394542"><ele>2466.925</ele><time>2019-08-13T12:05:12Z</time></trkpt><trkpt lat="42.681514" lon="1.394540"><ele>2461.143</ele><time>2019-08-13T12:05:25Z</time></trkpt><trkpt lat="42.681594" lon="1.394520"><ele>2458.771</ele><time>2019-08-13T12:05:38Z</time></trkpt><trkpt lat="42.681669" lon="1.394490"><ele>2456.320</ele><time>2019-08-13T12:05:52Z</time></trkpt><trkpt lat="42.681737" lon="1.394456"><ele>2451.575</ele><time>2019-08-13T12:06:07Z</time></trkpt><trkpt lat="42.681799" lon="1.394440"><ele>2449.134</ele><time>2019-08-13T12:06:21Z</time></trkpt><trkpt lat="42.681861" lon="1.394432"><ele>2448.149</ele><time>2019-08-13T12:06:31Z</time></trkpt><trkpt lat="42.681912" lon="1.394396"><ele>2445.302</ele><time>2019-08-13T12:06:43Z</time></trkpt><trkpt lat="42.681978" lon="1.394335"><ele>2444.322</ele><time>2019-08-13T12:06:55Z</time></trkpt><trkpt lat="42.682005" lon="1.394299"><ele>2441.408</ele><time>2019-08-13T12:07:08Z</time></trkpt><trkpt lat="42.682049" lon="1.394226"><ele>2440.078</ele><time>2019-08-13T12:07:20Z</time></trkpt><trkpt lat="42.682018" lon="1.394154"><ele>2436.634</ele><time>2019-08-13T12:07:33Z</time></trkpt><trkpt lat="42.682041" lon="1.394079"><ele>2433.714</ele><time>2019-08-13T12:07:47Z</time></trkpt><trkpt lat="42.682091" lon="1.393985"><ele>2433.262</ele><time>2019-08-13T12:08:02Z</time></trkpt><trkpt lat="42.682114" lon="1.393972"><ele>2433.720</ele><time>2019-08-13T12:08:15Z</time></trkpt><trkpt lat="42.682148" lon="1.393996"><ele>2430.829</ele><time>2019-08-13T12:08:30Z</time></trkpt><trkpt lat="42.682233" lon="1.393922"><ele>2428.474</ele><time>2019-08-13T12:08:44Z</time></trkpt><trkpt lat="42.682262" lon="1.393917"><ele>2424.193</ele><time>2019-08-13T12:08:58Z</time></trkpt><trkpt lat="42.682364" lon="1.393922"><ele>2424.178</ele><time>2019-08-13T12:09:09Z</time></trkpt><trkpt lat="42.682382" lon="1.393957"><ele>2424.133</ele><time>2019-08-13T12:09:12Z</time></trkpt><trkpt lat="42.682393" lon="1.394080"><ele>2422.226</ele><time>2019-08-13T12:09:24Z</time></trkpt><trkpt lat="42.682409" lon="1.394121"><ele>2421.708</ele><time>2019-08-13T12:09:27Z</time></trkpt><trkpt lat="42.682484" lon="1.394201"><ele>2418.391</ele><time>2019-08-13T12:09:37Z</time></trkpt><trkpt lat="42.682605" lon="1.394261"><ele>2418.367</ele><time>2019-08-13T12:09:52Z</time></trkpt><trkpt lat="42.682736" lon="1.394306"><ele>2415.097</ele><time>2019-08-13T12:10:08Z</time></trkpt><trkpt lat="42.682757" lon="1.394314"><ele>2415.085</ele><time>2019-08-13T12:10:10Z</time></trkpt><trkpt lat="42.682864" lon="1.394373"><ele>2412.123</ele><time>2019-08-13T12:10:25Z</time></trkpt><trkpt lat="42.682952" lon="1.394409"><ele>2411.652</ele><time>2019-08-13T12:10:37Z</time></trkpt><trkpt lat="42.683013" lon="1.394426"><ele>2409.227</ele><time>2019-08-13T12:10:47Z</time></trkpt><trkpt lat="42.683038" lon="1.394463"><ele>2407.346</ele><time>2019-08-13T12:10:52Z</time></trkpt><trkpt lat="42.683064" lon="1.394449"><ele>2406.868</ele><time>2019-08-13T12:10:55Z</time></trkpt><trkpt lat="42.683212" lon="1.394517"><ele>2401.542</ele><time>2019-08-13T12:11:10Z</time></trkpt><trkpt lat="42.683242" lon="1.394556"><ele>2401.526</ele><time>2019-08-13T12:11:14Z</time></trkpt><trkpt lat="42.683391" lon="1.394536"><ele>2399.108</ele><time>2019-08-13T12:11:29Z</time></trkpt><trkpt lat="42.683530" lon="1.394580"><ele>2394.860</ele><time>2019-08-13T12:11:44Z</time></trkpt><trkpt lat="42.683592" lon="1.394597"><ele>2392.426</ele><time>2019-08-13T12:11:58Z</time></trkpt><trkpt lat="42.683685" lon="1.394614"><ele>2384.796</ele><time>2019-08-13T12:15:35Z</time></trkpt><trkpt lat="42.683712" lon="1.394605"><ele>2384.764</ele><time>2019-08-13T12:15:55Z</time></trkpt><trkpt lat="42.683757" lon="1.394531"><ele>2379.932</ele><time>2019-08-13T12:16:09Z</time></trkpt><trkpt lat="42.683857" lon="1.394575"><ele>2382.381</ele><time>2019-08-13T12:16:23Z</time></trkpt><trkpt lat="42.683959" lon="1.394571"><ele>2381.856</ele><time>2019-08-13T12:16:37Z</time></trkpt><trkpt lat="42.684049" lon="1.394628"><ele>2382.365</ele><time>2019-08-13T12:16:50Z</time></trkpt><trkpt lat="42.684086" lon="1.394629"><ele>2382.349</ele><time>2019-08-13T12:16:55Z</time></trkpt><trkpt lat="42.684207" lon="1.394654"><ele>2378.402</ele><time>2019-08-13T12:17:10Z</time></trkpt><trkpt lat="42.684262" lon="1.394731"><ele>2379.422</ele><time>2019-08-13T12:17:23Z</time></trkpt><trkpt lat="42.684299" lon="1.394773"><ele>2379.408</ele><time>2019-08-13T12:17:29Z</time></trkpt><trkpt lat="42.684419" lon="1.394836"><ele>2380.828</ele><time>2019-08-13T12:17:43Z</time></trkpt><trkpt lat="42.684445" lon="1.394844"><ele>2381.844</ele><time>2019-08-13T12:17:46Z</time></trkpt><trkpt lat="42.684518" lon="1.394894"><ele>2383.334</ele><time>2019-08-13T12:17:55Z</time></trkpt><trkpt lat="42.684628" lon="1.394955"><ele>2383.352</ele><time>2019-08-13T12:18:08Z</time></trkpt><trkpt lat="42.684729" lon="1.395046"><ele>2382.860</ele><time>2019-08-13T12:18:22Z</time></trkpt><trkpt lat="42.684784" lon="1.395095"><ele>2384.249</ele><time>2019-08-13T12:18:38Z</time></trkpt><trkpt lat="42.684862" lon="1.395163"><ele>2384.764</ele><time>2019-08-13T12:18:52Z</time></trkpt><trkpt lat="42.684873" lon="1.395175"><ele>2384.733</ele><time>2019-08-13T12:18:54Z</time></trkpt><trkpt lat="42.684984" lon="1.395199"><ele>2383.719</ele><time>2019-08-13T12:19:09Z</time></trkpt><trkpt lat="42.685108" lon="1.395225"><ele>2383.309</ele><time>2019-08-13T12:19:22Z</time></trkpt><trkpt lat="42.685152" lon="1.395256"><ele>2382.319</ele><time>2019-08-13T12:19:28Z</time></trkpt><trkpt lat="42.685224" lon="1.395337"><ele>2384.708</ele><time>2019-08-13T12:19:43Z</time></trkpt><trkpt lat="42.685260" lon="1.395358"><ele>2385.255</ele><time>2019-08-13T12:19:49Z</time></trkpt><trkpt lat="42.685313" lon="1.395409"><ele>2386.191</ele><time>2019-08-13T12:19:56Z</time></trkpt><trkpt lat="42.685432" lon="1.395481"><ele>2384.291</ele><time>2019-08-13T12:20:09Z</time></trkpt><trkpt lat="42.685508" lon="1.395512"><ele>2384.729</ele><time>2019-08-13T12:20:19Z</time></trkpt><trkpt lat="42.685527" lon="1.395507"><ele>2384.757</ele><time>2019-08-13T12:20:21Z</time></trkpt><trkpt lat="42.685550" lon="1.395520"><ele>2385.286</ele><time>2019-08-13T12:20:24Z</time></trkpt><trkpt lat="42.685609" lon="1.395593"><ele>2385.221</ele><time>2019-08-13T12:20:32Z</time></trkpt><trkpt lat="42.685717" lon="1.395725"><ele>2386.180</ele><time>2019-08-13T12:20:49Z</time></trkpt><trkpt lat="42.685820" lon="1.395794"><ele>2388.178</ele><time>2019-08-13T12:21:05Z</time></trkpt><trkpt lat="42.685955" lon="1.395847"><ele>2386.633</ele><time>2019-08-13T12:21:20Z</time></trkpt><trkpt lat="42.686038" lon="1.395837"><ele>2385.626</ele><time>2019-08-13T12:21:31Z</time></trkpt><trkpt lat="42.686075" lon="1.395861"><ele>2386.108</ele><time>2019-08-13T12:21:36Z</time></trkpt><trkpt lat="42.686093" lon="1.395873"><ele>2386.131</ele><time>2019-08-13T12:21:38Z</time></trkpt><trkpt lat="42.686170" lon="1.395935"><ele>2385.287</ele><time>2019-08-13T12:21:49Z</time></trkpt><trkpt lat="42.686231" lon="1.395972"><ele>2383.777</ele><time>2019-08-13T12:21:57Z</time></trkpt><trkpt lat="42.686274" lon="1.395954"><ele>2382.325</ele><time>2019-08-13T12:22:02Z</time></trkpt><trkpt lat="42.686312" lon="1.395954"><ele>2382.383</ele><time>2019-08-13T12:22:05Z</time></trkpt><trkpt lat="42.686363" lon="1.395935"><ele>2380.892</ele><time>2019-08-13T12:22:11Z</time></trkpt><trkpt lat="42.686393" lon="1.395929"><ele>2380.417</ele><time>2019-08-13T12:22:14Z</time></trkpt><trkpt lat="42.686447" lon="1.395918"><ele>2378.916</ele><time>2019-08-13T12:22:20Z</time></trkpt><trkpt lat="42.686506" lon="1.395970"><ele>2378.945</ele><time>2019-08-13T12:22:28Z</time></trkpt><trkpt lat="42.686541" lon="1.396008"><ele>2378.947</ele><time>2019-08-13T12:22:32Z</time></trkpt><trkpt lat="42.686646" lon="1.396094"><ele>2378.411</ele><time>2019-08-13T12:22:45Z</time></trkpt><trkpt lat="42.686689" lon="1.396118"><ele>2378.908</ele><time>2019-08-13T12:22:50Z</time></trkpt><trkpt lat="42.686768" lon="1.396142"><ele>2381.338</ele><time>2019-08-13T12:22:59Z</time></trkpt><trkpt lat="42.686879" lon="1.396115"><ele>2380.434</ele><time>2019-08-13T12:23:14Z</time></trkpt><trkpt lat="42.686902" lon="1.396113"><ele>2381.384</ele><time>2019-08-13T12:23:17Z</time></trkpt><trkpt lat="42.686948" lon="1.396136"><ele>2381.372</ele><time>2019-08-13T12:23:23Z</time></trkpt><trkpt lat="42.687022" lon="1.396162"><ele>2380.460</ele><time>2019-08-13T12:23:36Z</time></trkpt><trkpt lat="42.687034" lon="1.396153"><ele>2379.479</ele><time>2019-08-13T12:23:38Z</time></trkpt><trkpt lat="42.687128" lon="1.396185"><ele>2376.054</ele><time>2019-08-13T12:23:51Z</time></trkpt><trkpt lat="42.687192" lon="1.396135"><ele>2372.793</ele><time>2019-08-13T12:24:05Z</time></trkpt><trkpt lat="42.687243" lon="1.396105"><ele>2369.327</ele><time>2019-08-13T12:24:17Z</time></trkpt><trkpt lat="42.687319" lon="1.396085"><ele>2365.068</ele><time>2019-08-13T12:24:31Z</time></trkpt><trkpt lat="42.687411" lon="1.396089"><ele>2364.514</ele><time>2019-08-13T12:24:45Z</time></trkpt><trkpt lat="42.687497" lon="1.396111"><ele>2360.608</ele><time>2019-08-13T12:24:57Z</time></trkpt><trkpt lat="42.687512" lon="1.396102"><ele>2360.226</ele><time>2019-08-13T12:24:59Z</time></trkpt><trkpt lat="42.687558" lon="1.396060"><ele>2358.792</ele><time>2019-08-13T12:25:06Z</time></trkpt><trkpt lat="42.687669" lon="1.396102"><ele>2354.962</ele><time>2019-08-13T12:25:21Z</time></trkpt><trkpt lat="42.687719" lon="1.396104"><ele>2352.510</ele><time>2019-08-13T12:25:32Z</time></trkpt><trkpt lat="42.687780" lon="1.396050"><ele>2351.088</ele><time>2019-08-13T12:25:43Z</time></trkpt><trkpt lat="42.687820" lon="1.395977"><ele>2348.227</ele><time>2019-08-13T12:25:55Z</time></trkpt><trkpt lat="42.687875" lon="1.395970"><ele>2345.322</ele><time>2019-08-13T12:26:07Z</time></trkpt><trkpt lat="42.687945" lon="1.395944"><ele>2342.941</ele><time>2019-08-13T12:26:19Z</time></trkpt><trkpt lat="42.688033" lon="1.395976"><ele>2340.565</ele><time>2019-08-13T12:26:31Z</time></trkpt><trkpt lat="42.688156" lon="1.395953"><ele>2340.568</ele><time>2019-08-13T12:26:45Z</time></trkpt><trkpt lat="42.688253" lon="1.395959"><ele>2343.814</ele><time>2019-08-13T12:26:58Z</time></trkpt><trkpt lat="42.688328" lon="1.395987"><ele>2345.308</ele><time>2019-08-13T12:27:09Z</time></trkpt><trkpt lat="42.688411" lon="1.396029"><ele>2343.420</ele><time>2019-08-13T12:27:23Z</time></trkpt><trkpt lat="42.688456" lon="1.396060"><ele>2341.956</ele><time>2019-08-13T12:27:34Z</time></trkpt><trkpt lat="42.688484" lon="1.395988"><ele>2337.686</ele><time>2019-08-13T12:27:47Z</time></trkpt><trkpt lat="42.688530" lon="1.395935"><ele>2335.254</ele><time>2019-08-13T12:27:56Z</time></trkpt><trkpt lat="42.688580" lon="1.395848"><ele>2329.982</ele><time>2019-08-13T12:28:08Z</time></trkpt><trkpt lat="42.688642" lon="1.395751"><ele>2325.691</ele><time>2019-08-13T12:28:23Z</time></trkpt><trkpt lat="42.688682" lon="1.395652"><ele>2323.696</ele><time>2019-08-13T12:28:43Z</time></trkpt><trkpt lat="42.688690" lon="1.395646"><ele>2323.235</ele><time>2019-08-13T12:28:44Z</time></trkpt><trkpt lat="42.688790" lon="1.395674"><ele>2324.133</ele><time>2019-08-13T12:28:58Z</time></trkpt><trkpt lat="42.688849" lon="1.395708"><ele>2321.223</ele><time>2019-08-13T12:29:10Z</time></trkpt><trkpt lat="42.688899" lon="1.395656"><ele>2316.915</ele><time>2019-08-13T12:29:22Z</time></trkpt><trkpt lat="42.688943" lon="1.395603"><ele>2316.408</ele><time>2019-08-13T12:29:29Z</time></trkpt><trkpt lat="42.689006" lon="1.395614"><ele>2314.587</ele><time>2019-08-13T12:29:39Z</time></trkpt><trkpt lat="42.689065" lon="1.395630"><ele>2312.163</ele><time>2019-08-13T12:29:50Z</time></trkpt><trkpt lat="42.689103" lon="1.395635"><ele>2311.183</ele><time>2019-08-13T12:29:55Z</time></trkpt><trkpt lat="42.689161" lon="1.395528"><ele>2306.851</ele><time>2019-08-13T12:30:09Z</time></trkpt><trkpt lat="42.689177" lon="1.395519"><ele>2305.989</ele><time>2019-08-13T12:30:12Z</time></trkpt><trkpt lat="42.689247" lon="1.395531"><ele>2303.998</ele><time>2019-08-13T12:30:24Z</time></trkpt><trkpt lat="42.689330" lon="1.395625"><ele>2301.143</ele><time>2019-08-13T12:30:39Z</time></trkpt><trkpt lat="42.689420" lon="1.395693"><ele>2297.732</ele><time>2019-08-13T12:30:51Z</time></trkpt><trkpt lat="42.689440" lon="1.395620"><ele>2294.889</ele><time>2019-08-13T12:31:01Z</time></trkpt><trkpt lat="42.689475" lon="1.395488"><ele>2293.806</ele><time>2019-08-13T12:31:15Z</time></trkpt><trkpt lat="42.689507" lon="1.395453"><ele>2292.426</ele><time>2019-08-13T12:31:22Z</time></trkpt><trkpt lat="42.689494" lon="1.395388"><ele>2291.408</ele><time>2019-08-13T12:31:29Z</time></trkpt><trkpt lat="42.689588" lon="1.395375"><ele>2288.682</ele><time>2019-08-13T12:31:41Z</time></trkpt><trkpt lat="42.689704" lon="1.395404"><ele>2287.188</ele><time>2019-08-13T12:31:55Z</time></trkpt><trkpt lat="42.689805" lon="1.395387"><ele>2284.758</ele><time>2019-08-13T12:32:07Z</time></trkpt><trkpt lat="42.689881" lon="1.395437"><ele>2282.876</ele><time>2019-08-13T12:32:21Z</time></trkpt><trkpt lat="42.689918" lon="1.395460"><ele>2278.534</ele><time>2019-08-13T12:32:34Z</time></trkpt><trkpt lat="42.689939" lon="1.395382"><ele>2275.143</ele><time>2019-08-13T12:32:50Z</time></trkpt><trkpt lat="42.689985" lon="1.395320"><ele>2273.298</ele><time>2019-08-13T12:33:02Z</time></trkpt><trkpt lat="42.690023" lon="1.395254"><ele>2271.327</ele><time>2019-08-13T12:33:13Z</time></trkpt><trkpt lat="42.690040" lon="1.395225"><ele>2270.881</ele><time>2019-08-13T12:33:16Z</time></trkpt><trkpt lat="42.690121" lon="1.395177"><ele>2268.461</ele><time>2019-08-13T12:33:27Z</time></trkpt><trkpt lat="42.690209" lon="1.395068"><ele>2264.017</ele><time>2019-08-13T12:33:41Z</time></trkpt><trkpt lat="42.690312" lon="1.395022"><ele>2260.708</ele><time>2019-08-13T12:33:56Z</time></trkpt><trkpt lat="42.690372" lon="1.395061"><ele>2257.342</ele><time>2019-08-13T12:34:09Z</time></trkpt><trkpt lat="42.690380" lon="1.395062"><ele>2256.818</ele><time>2019-08-13T12:34:10Z</time></trkpt><trkpt lat="42.690407" lon="1.395080"><ele>2255.978</ele><time>2019-08-13T12:34:13Z</time></trkpt><trkpt lat="42.690433" lon="1.395112"><ele>2255.426</ele><time>2019-08-13T12:34:17Z</time></trkpt><trkpt lat="42.690460" lon="1.395071"><ele>2255.484</ele><time>2019-08-13T12:34:22Z</time></trkpt><trkpt lat="42.690480" lon="1.395010"><ele>2254.493</ele><time>2019-08-13T12:34:28Z</time></trkpt><trkpt lat="42.690495" lon="1.394894"><ele>2250.198</ele><time>2019-08-13T12:34:41Z</time></trkpt><trkpt lat="42.690516" lon="1.394851"><ele>2248.717</ele><time>2019-08-13T12:34:48Z</time></trkpt><trkpt lat="42.690533" lon="1.394845"><ele>2248.242</ele><time>2019-08-13T12:34:50Z</time></trkpt><trkpt lat="42.690625" lon="1.394999"><ele>2244.322</ele><time>2019-08-13T12:35:05Z</time></trkpt><trkpt lat="42.690661" lon="1.395146"><ele>2240.514</ele><time>2019-08-13T12:35:21Z</time></trkpt><trkpt lat="42.690693" lon="1.395195"><ele>2237.608</ele><time>2019-08-13T12:35:34Z</time></trkpt><trkpt lat="42.690793" lon="1.395145"><ele>2236.638</ele><time>2019-08-13T12:35:48Z</time></trkpt><trkpt lat="42.690868" lon="1.395161"><ele>2235.224</ele><time>2019-08-13T12:36:00Z</time></trkpt><trkpt lat="42.690926" lon="1.395239"><ele>2232.814</ele><time>2019-08-13T12:36:11Z</time></trkpt><trkpt lat="42.690938" lon="1.395250"><ele>2232.832</ele><time>2019-08-13T12:36:13Z</time></trkpt><trkpt lat="42.691024" lon="1.395196"><ele>2234.280</ele><time>2019-08-13T12:36:26Z</time></trkpt><trkpt lat="42.691062" lon="1.395325"><ele>2233.319</ele><time>2019-08-13T12:36:37Z</time></trkpt><trkpt lat="42.691064" lon="1.395359"><ele>2232.354</ele><time>2019-08-13T12:36:40Z</time></trkpt><trkpt lat="42.691102" lon="1.395461"><ele>2230.413</ele><time>2019-08-13T12:36:53Z</time></trkpt><trkpt lat="42.691135" lon="1.395566"><ele>2229.464</ele><time>2019-08-13T12:37:04Z</time></trkpt><trkpt lat="42.691153" lon="1.395599"><ele>2228.906</ele><time>2019-08-13T12:37:07Z</time></trkpt><trkpt lat="42.691244" lon="1.395657"><ele>2226.116</ele><time>2019-08-13T12:38:55Z</time></trkpt><trkpt lat="42.691299" lon="1.395722"><ele>2225.108</ele><time>2019-08-13T12:41:38Z</time></trkpt><trkpt lat="42.691361" lon="1.395762"><ele>2222.710</ele><time>2019-08-13T12:41:51Z</time></trkpt><trkpt lat="42.691444" lon="1.395730"><ele>2221.756</ele><time>2019-08-13T12:42:04Z</time></trkpt><trkpt lat="42.691533" lon="1.395670"><ele>2221.766</ele><time>2019-08-13T12:42:18Z</time></trkpt><trkpt lat="42.691612" lon="1.395583"><ele>2220.374</ele><time>2019-08-13T12:42:33Z</time></trkpt><trkpt lat="42.691696" lon="1.395647"><ele>2217.462</ele><time>2019-08-13T12:42:46Z</time></trkpt><trkpt lat="42.691799" lon="1.395642"><ele>2213.681</ele><time>2019-08-13T12:43:01Z</time></trkpt><trkpt lat="42.691870" lon="1.395619"><ele>2212.146</ele><time>2019-08-13T12:43:12Z</time></trkpt><trkpt lat="42.691994" lon="1.395671"><ele>2207.335</ele><time>2019-08-13T12:43:27Z</time></trkpt><trkpt lat="42.692012" lon="1.395677"><ele>2207.365</ele><time>2019-08-13T12:43:29Z</time></trkpt><trkpt lat="42.692107" lon="1.395610"><ele>2203.568</ele><time>2019-08-13T12:43:44Z</time></trkpt><trkpt lat="42.692140" lon="1.395549"><ele>2201.614</ele><time>2019-08-13T12:43:56Z</time></trkpt><trkpt lat="42.692197" lon="1.395577"><ele>2199.608</ele><time>2019-08-13T12:44:07Z</time></trkpt><trkpt lat="42.692225" lon="1.395601"><ele>2197.710</ele><time>2019-08-13T12:44:19Z</time></trkpt><trkpt lat="42.692308" lon="1.395667"><ele>2194.846</ele><time>2019-08-13T12:44:32Z</time></trkpt><trkpt lat="42.692374" lon="1.395669"><ele>2191.966</ele><time>2019-08-13T12:44:45Z</time></trkpt><trkpt lat="42.692436" lon="1.395706"><ele>2190.574</ele><time>2019-08-13T12:44:53Z</time></trkpt><trkpt lat="42.692468" lon="1.395795"><ele>2188.642</ele><time>2019-08-13T12:45:06Z</time></trkpt><trkpt lat="42.692516" lon="1.395853"><ele>2186.751</ele><time>2019-08-13T12:45:18Z</time></trkpt><trkpt lat="42.692578" lon="1.395907"><ele>2183.386</ele><time>2019-08-13T12:45:30Z</time></trkpt><trkpt lat="42.692642" lon="1.395914"><ele>2179.475</ele><time>2019-08-13T12:45:42Z</time></trkpt><trkpt lat="42.692686" lon="1.395983"><ele>2175.633</ele><time>2019-08-13T12:45:55Z</time></trkpt><trkpt lat="42.692723" lon="1.395988"><ele>2173.723</ele><time>2019-08-13T12:46:06Z</time></trkpt><trkpt lat="42.692782" lon="1.395972"><ele>2169.815</ele><time>2019-08-13T12:46:20Z</time></trkpt><trkpt lat="42.692829" lon="1.395968"><ele>2166.508</ele><time>2019-08-13T12:46:33Z</time></trkpt><trkpt lat="42.692879" lon="1.396001"><ele>2163.637</ele><time>2019-08-13T12:46:45Z</time></trkpt><trkpt lat="42.692945" lon="1.396021"><ele>2162.673</ele><time>2019-08-13T12:46:58Z</time></trkpt><trkpt lat="42.692927" lon="1.396075"><ele>2161.243</ele><time>2019-08-13T12:47:11Z</time></trkpt><trkpt lat="42.692961" lon="1.396111"><ele>2159.311</ele><time>2019-08-13T12:47:23Z</time></trkpt><trkpt lat="42.692983" lon="1.396218"><ele>2155.939</ele><time>2019-08-13T12:47:37Z</time></trkpt><trkpt lat="42.692989" lon="1.396292"><ele>2152.568</ele><time>2019-08-13T12:47:49Z</time></trkpt><trkpt lat="42.693018" lon="1.396363"><ele>2147.753</ele><time>2019-08-13T12:48:03Z</time></trkpt><trkpt lat="42.693048" lon="1.396324"><ele>2145.332</ele><time>2019-08-13T12:48:16Z</time></trkpt><trkpt lat="42.693058" lon="1.396271"><ele>2141.564</ele><time>2019-08-13T12:48:32Z</time></trkpt><trkpt lat="42.693080" lon="1.396258"><ele>2140.006</ele><time>2019-08-13T12:48:47Z</time></trkpt><trkpt lat="42.693104" lon="1.396234"><ele>2139.616</ele><time>2019-08-13T12:49:00Z</time></trkpt><trkpt lat="42.693117" lon="1.396251"><ele>2137.608</ele><time>2019-08-13T12:49:12Z</time></trkpt><trkpt lat="42.693140" lon="1.396296"><ele>2136.280</ele><time>2019-08-13T12:49:24Z</time></trkpt><trkpt lat="42.693151" lon="1.396365"><ele>2133.866</ele><time>2019-08-13T12:49:35Z</time></trkpt><trkpt lat="42.693178" lon="1.396352"><ele>2130.986</ele><time>2019-08-13T12:49:47Z</time></trkpt><trkpt lat="42.693243" lon="1.396300"><ele>2127.524</ele><time>2019-08-13T12:50:00Z</time></trkpt><trkpt lat="42.693308" lon="1.396259"><ele>2123.722</ele><time>2019-08-13T12:50:15Z</time></trkpt><trkpt lat="42.693351" lon="1.396322"><ele>2119.861</ele><time>2019-08-13T12:50:26Z</time></trkpt><trkpt lat="42.693414" lon="1.396372"><ele>2117.026</ele><time>2019-08-13T12:50:40Z</time></trkpt><trkpt lat="42.693454" lon="1.396443"><ele>2115.015</ele><time>2019-08-13T12:50:52Z</time></trkpt><trkpt lat="42.693499" lon="1.396415"><ele>2111.213</ele><time>2019-08-13T12:51:05Z</time></trkpt><trkpt lat="42.693553" lon="1.396372"><ele>2108.343</ele><time>2019-08-13T12:51:18Z</time></trkpt><trkpt lat="42.693585" lon="1.396269"><ele>2106.907</ele><time>2019-08-13T12:51:32Z</time></trkpt><trkpt lat="42.693671" lon="1.396271"><ele>2104.008</ele><time>2019-08-13T12:51:46Z</time></trkpt><trkpt lat="42.693702" lon="1.396249"><ele>2101.665</ele><time>2019-08-13T12:52:00Z</time></trkpt><trkpt lat="42.693736" lon="1.396232"><ele>2099.741</ele><time>2019-08-13T12:52:07Z</time></trkpt><trkpt lat="42.693793" lon="1.396255"><ele>2097.391</ele><time>2019-08-13T12:52:20Z</time></trkpt><trkpt lat="42.693794" lon="1.396249"><ele>2096.859</ele><time>2019-08-13T12:52:43Z</time></trkpt><trkpt lat="42.693802" lon="1.396233"><ele>2096.817</ele><time>2019-08-13T12:53:02Z</time></trkpt><trkpt lat="42.693869" lon="1.396200"><ele>2094.956</ele><time>2019-08-13T12:53:14Z</time></trkpt><trkpt lat="42.693900" lon="1.396143"><ele>2093.471</ele><time>2019-08-13T12:53:30Z</time></trkpt><trkpt lat="42.693957" lon="1.396122"><ele>2090.520</ele><time>2019-08-13T12:53:42Z</time></trkpt><trkpt lat="42.693970" lon="1.396117"><ele>2090.025</ele><time>2019-08-13T12:53:45Z</time></trkpt><trkpt lat="42.694054" lon="1.396145"><ele>2086.726</ele><time>2019-08-13T12:54:00Z</time></trkpt><trkpt lat="42.694057" lon="1.396137"><ele>2086.208</ele><time>2019-08-13T12:54:01Z</time></trkpt><trkpt lat="42.694129" lon="1.396084"><ele>2084.308</ele><time>2019-08-13T12:54:14Z</time></trkpt><trkpt lat="42.694201" lon="1.395993"><ele>2080.496</ele><time>2019-08-13T12:54:27Z</time></trkpt><trkpt lat="42.694229" lon="1.395959"><ele>2080.482</ele><time>2019-08-13T12:54:31Z</time></trkpt><trkpt lat="42.694325" lon="1.395928"><ele>2078.552</ele><time>2019-08-13T12:54:42Z</time></trkpt><trkpt lat="42.694378" lon="1.395918"><ele>2077.160</ele><time>2019-08-13T12:54:48Z</time></trkpt><trkpt lat="42.694439" lon="1.395875"><ele>2073.788</ele><time>2019-08-13T12:55:00Z</time></trkpt><trkpt lat="42.694500" lon="1.395879"><ele>2072.367</ele><time>2019-08-13T12:55:11Z</time></trkpt><trkpt lat="42.694562" lon="1.395949"><ele>2068.412</ele><time>2019-08-13T12:55:24Z</time></trkpt><trkpt lat="42.694617" lon="1.395990"><ele>2065.591</ele><time>2019-08-13T12:55:37Z</time></trkpt><trkpt lat="42.694661" lon="1.396006"><ele>2063.189</ele><time>2019-08-13T12:55:48Z</time></trkpt><trkpt lat="42.694694" lon="1.396068"><ele>2060.706</ele><time>2019-08-13T12:55:59Z</time></trkpt><trkpt lat="42.694752" lon="1.396135"><ele>2056.926</ele><time>2019-08-13T12:56:11Z</time></trkpt><trkpt lat="42.694773" lon="1.396162"><ele>2056.408</ele><time>2019-08-13T12:56:14Z</time></trkpt><trkpt lat="42.694876" lon="1.396139"><ele>2053.072</ele><time>2019-08-13T12:56:29Z</time></trkpt><trkpt lat="42.694893" lon="1.396162"><ele>2052.198</ele><time>2019-08-13T12:56:32Z</time></trkpt><trkpt lat="42.694952" lon="1.396222"><ele>2050.138</ele><time>2019-08-13T12:56:45Z</time></trkpt><trkpt lat="42.694990" lon="1.396191"><ele>2048.236</ele><time>2019-08-13T12:56:56Z</time></trkpt><trkpt lat="42.695052" lon="1.396175"><ele>2044.434</ele><time>2019-08-13T12:57:08Z</time></trkpt><trkpt lat="42.695066" lon="1.396100"><ele>2042.963</ele><time>2019-08-13T12:57:18Z</time></trkpt><trkpt lat="42.695105" lon="1.396052"><ele>2039.168</ele><time>2019-08-13T12:57:30Z</time></trkpt><trkpt lat="42.695145" lon="1.396041"><ele>2037.287</ele><time>2019-08-13T12:57:42Z</time></trkpt><trkpt lat="42.695175" lon="1.396029"><ele>2035.223</ele><time>2019-08-13T12:57:54Z</time></trkpt><trkpt lat="42.695209" lon="1.396033"><ele>2032.883</ele><time>2019-08-13T12:58:06Z</time></trkpt><trkpt lat="42.695245" lon="1.396000"><ele>2030.411</ele><time>2019-08-13T12:58:17Z</time></trkpt><trkpt lat="42.695287" lon="1.396000"><ele>2028.008</ele><time>2019-08-13T12:58:28Z</time></trkpt><trkpt lat="42.695334" lon="1.396025"><ele>2025.256</ele><time>2019-08-13T12:58:38Z</time></trkpt><trkpt lat="42.695390" lon="1.396087"><ele>2021.822</ele><time>2019-08-13T12:58:51Z</time></trkpt><trkpt lat="42.695432" lon="1.396148"><ele>2017.952</ele><time>2019-08-13T12:59:03Z</time></trkpt><trkpt lat="42.695453" lon="1.396129"><ele>2017.030</ele><time>2019-08-13T12:59:07Z</time></trkpt><trkpt lat="42.695513" lon="1.396134"><ele>2014.628</ele><time>2019-08-13T12:59:19Z</time></trkpt><trkpt lat="42.695571" lon="1.396185"><ele>2011.737</ele><time>2019-08-13T12:59:32Z</time></trkpt><trkpt lat="42.695620" lon="1.396227"><ele>2008.342</ele><time>2019-08-13T12:59:44Z</time></trkpt><trkpt lat="42.695668" lon="1.396305"><ele>2006.461</ele><time>2019-08-13T12:59:56Z</time></trkpt><trkpt lat="42.695732" lon="1.396344"><ele>2002.659</ele><time>2019-08-13T13:00:10Z</time></trkpt><trkpt lat="42.695783" lon="1.396383"><ele>2000.203</ele><time>2019-08-13T13:00:22Z</time></trkpt><trkpt lat="42.695844" lon="1.396357"><ele>1997.323</ele><time>2019-08-13T13:00:33Z</time></trkpt><trkpt lat="42.695868" lon="1.396394"><ele>1996.308</ele><time>2019-08-13T13:00:37Z</time></trkpt><trkpt lat="42.695922" lon="1.396386"><ele>1994.479</ele><time>2019-08-13T13:00:51Z</time></trkpt><trkpt lat="42.695958" lon="1.396304"><ele>1994.435</ele><time>2019-08-13T13:01:06Z</time></trkpt><trkpt lat="42.695957" lon="1.396412"><ele>1994.955</ele><time>2019-08-13T13:01:19Z</time></trkpt><trkpt lat="42.695963" lon="1.396432"><ele>1994.443</ele><time>2019-08-13T13:01:21Z</time></trkpt><trkpt lat="42.696043" lon="1.396503"><ele>1992.561</ele><time>2019-08-13T13:01:36Z</time></trkpt><trkpt lat="42.696082" lon="1.396522"><ele>1991.050</ele><time>2019-08-13T13:01:41Z</time></trkpt><trkpt lat="42.696183" lon="1.396622"><ele>1988.125</ele><time>2019-08-13T13:01:57Z</time></trkpt><trkpt lat="42.696240" lon="1.396686"><ele>1984.884</ele><time>2019-08-13T13:02:10Z</time></trkpt><trkpt lat="42.696275" lon="1.396718"><ele>1983.871</ele><time>2019-08-13T13:02:21Z</time></trkpt><trkpt lat="42.696303" lon="1.396651"><ele>1980.441</ele><time>2019-08-13T13:02:33Z</time></trkpt><trkpt lat="42.696338" lon="1.396713"><ele>1978.115</ele><time>2019-08-13T13:02:44Z</time></trkpt><trkpt lat="42.696381" lon="1.396737"><ele>1974.708</ele><time>2019-08-13T13:02:57Z</time></trkpt><trkpt lat="42.696427" lon="1.396782"><ele>1971.321</ele><time>2019-08-13T13:03:10Z</time></trkpt><trkpt lat="42.696423" lon="1.396891"><ele>1968.067</ele><time>2019-08-13T13:03:22Z</time></trkpt><trkpt lat="42.696467" lon="1.396929"><ele>1964.117</ele><time>2019-08-13T13:03:36Z</time></trkpt><trkpt lat="42.696511" lon="1.396957"><ele>1962.755</ele><time>2019-08-13T13:03:51Z</time></trkpt><trkpt lat="42.696559" lon="1.396965"><ele>1959.343</ele><time>2019-08-13T13:04:03Z</time></trkpt><trkpt lat="42.696590" lon="1.397012"><ele>1955.582</ele><time>2019-08-13T13:04:15Z</time></trkpt><trkpt lat="42.696633" lon="1.397049"><ele>1952.627</ele><time>2019-08-13T13:04:27Z</time></trkpt><trkpt lat="42.696687" lon="1.397032"><ele>1949.276</ele><time>2019-08-13T13:04:42Z</time></trkpt><trkpt lat="42.696738" lon="1.397077"><ele>1946.895</ele><time>2019-08-13T13:04:54Z</time></trkpt><trkpt lat="42.696818" lon="1.397062"><ele>1943.949</ele><time>2019-08-13T13:05:08Z</time></trkpt><trkpt lat="42.696897" lon="1.397133"><ele>1941.023</ele><time>2019-08-13T13:05:22Z</time></trkpt><trkpt lat="42.696906" lon="1.397217"><ele>1937.708</ele><time>2019-08-13T13:05:33Z</time></trkpt><trkpt lat="42.696939" lon="1.397288"><ele>1936.263</ele><time>2019-08-13T13:05:41Z</time></trkpt><trkpt lat="42.697011" lon="1.397422"><ele>1935.369</ele><time>2019-08-13T13:05:55Z</time></trkpt><trkpt lat="42.697023" lon="1.397436"><ele>1934.889</ele><time>2019-08-13T13:05:57Z</time></trkpt><trkpt lat="42.697049" lon="1.397578"><ele>1932.477</ele><time>2019-08-13T13:06:11Z</time></trkpt><trkpt lat="42.697051" lon="1.397587"><ele>1932.495</ele><time>2019-08-13T13:06:12Z</time></trkpt><trkpt lat="42.697036" lon="1.397707"><ele>1930.984</ele><time>2019-08-13T13:06:25Z</time></trkpt><trkpt lat="42.697039" lon="1.397770"><ele>1929.529</ele><time>2019-08-13T13:06:32Z</time></trkpt><trkpt lat="42.697057" lon="1.397872"><ele>1927.128</ele><time>2019-08-13T13:06:40Z</time></trkpt><trkpt lat="42.697058" lon="1.397900"><ele>1927.177</ele><time>2019-08-13T13:06:43Z</time></trkpt><trkpt lat="42.697068" lon="1.397954"><ele>1926.161</ele><time>2019-08-13T13:06:50Z</time></trkpt><trkpt lat="42.697090" lon="1.398072"><ele>1923.727</ele><time>2019-08-13T13:07:02Z</time></trkpt><trkpt lat="42.697070" lon="1.398115"><ele>1923.208</ele><time>2019-08-13T13:07:08Z</time></trkpt><trkpt lat="42.697063" lon="1.398175"><ele>1922.841</ele><time>2019-08-13T13:07:12Z</time></trkpt><trkpt lat="42.697036" lon="1.398263"><ele>1921.877</ele><time>2019-08-13T13:07:19Z</time></trkpt><trkpt lat="42.697055" lon="1.398374"><ele>1919.927</ele><time>2019-08-13T13:07:27Z</time></trkpt><trkpt lat="42.697012" lon="1.398463"><ele>1918.915</ele><time>2019-08-13T13:07:34Z</time></trkpt><trkpt lat="42.696976" lon="1.398556"><ele>1919.493</ele><time>2019-08-13T13:07:41Z</time></trkpt><trkpt lat="42.696874" lon="1.398620"><ele>1916.512</ele><time>2019-08-13T13:07:57Z</time></trkpt><trkpt lat="42.696886" lon="1.398659"><ele>1914.657</ele><time>2019-08-13T13:08:10Z</time></trkpt><trkpt lat="42.696917" lon="1.398682"><ele>1913.616</ele><time>2019-08-13T13:08:22Z</time></trkpt><trkpt lat="42.696874" lon="1.398716"><ele>1911.753</ele><time>2019-08-13T13:08:51Z</time></trkpt><trkpt lat="42.696837" lon="1.398751"><ele>1909.304</ele><time>2019-08-13T13:09:07Z</time></trkpt><trkpt lat="42.696854" lon="1.398789"><ele>1906.914</ele><time>2019-08-13T13:09:18Z</time></trkpt><trkpt lat="42.696892" lon="1.398837"><ele>1905.508</ele><time>2019-08-13T13:09:31Z</time></trkpt><trkpt lat="42.696886" lon="1.398913"><ele>1901.129</ele><time>2019-08-13T13:09:44Z</time></trkpt><trkpt lat="42.696949" lon="1.398981"><ele>1897.855</ele><time>2019-08-13T13:09:59Z</time></trkpt><trkpt lat="42.696949" lon="1.399022"><ele>1897.875</ele><time>2019-08-13T13:10:16Z</time></trkpt><trkpt lat="42.696951" lon="1.399071"><ele>1895.913</ele><time>2019-08-13T13:10:34Z</time></trkpt><trkpt lat="42.696941" lon="1.399128"><ele>1894.961</ele><time>2019-08-13T13:10:47Z</time></trkpt><trkpt lat="42.696950" lon="1.399173"><ele>1892.090</ele><time>2019-08-13T13:10:57Z</time></trkpt><trkpt lat="42.696944" lon="1.399238"><ele>1890.125</ele><time>2019-08-13T13:11:09Z</time></trkpt><trkpt lat="42.696938" lon="1.399339"><ele>1888.744</ele><time>2019-08-13T13:11:20Z</time></trkpt><trkpt lat="42.696960" lon="1.399409"><ele>1885.354</ele><time>2019-08-13T13:11:32Z</time></trkpt><trkpt lat="42.696955" lon="1.399450"><ele>1882.456</ele><time>2019-08-13T13:11:55Z</time></trkpt><trkpt lat="42.696953" lon="1.399510"><ele>1880.511</ele><time>2019-08-13T13:12:02Z</time></trkpt><trkpt lat="42.696972" lon="1.399605"><ele>1878.608</ele><time>2019-08-13T13:12:14Z</time></trkpt><trkpt lat="42.696945" lon="1.399685"><ele>1876.219</ele><time>2019-08-13T13:12:26Z</time></trkpt><trkpt lat="42.696896" lon="1.399777"><ele>1872.375</ele><time>2019-08-13T13:12:39Z</time></trkpt><trkpt lat="42.696864" lon="1.399867"><ele>1869.995</ele><time>2019-08-13T13:12:51Z</time></trkpt><trkpt lat="42.696868" lon="1.399874"><ele>1869.483</ele><time>2019-08-13T13:12:52Z</time></trkpt><trkpt lat="42.696865" lon="1.399981"><ele>1866.121</ele><time>2019-08-13T13:13:04Z</time></trkpt><trkpt lat="42.696867" lon="1.400007"><ele>1866.120</ele><time>2019-08-13T13:13:06Z</time></trkpt><trkpt lat="42.696887" lon="1.400061"><ele>1865.165</ele><time>2019-08-13T13:13:13Z</time></trkpt><trkpt lat="42.696928" lon="1.400146"><ele>1863.734</ele><time>2019-08-13T13:13:23Z</time></trkpt><trkpt lat="42.697011" lon="1.400179"><ele>1860.343</ele><time>2019-08-13T13:13:36Z</time></trkpt><trkpt lat="42.697095" lon="1.400222"><ele>1856.964</ele><time>2019-08-13T13:13:51Z</time></trkpt><trkpt lat="42.697199" lon="1.400270"><ele>1853.610</ele><time>2019-08-13T13:14:06Z</time></trkpt><trkpt lat="42.697262" lon="1.400301"><ele>1850.708</ele><time>2019-08-13T13:14:17Z</time></trkpt><trkpt lat="42.697330" lon="1.400345"><ele>1847.358</ele><time>2019-08-13T13:14:29Z</time></trkpt><trkpt lat="42.697424" lon="1.400491"><ele>1843.594</ele><time>2019-08-13T13:14:44Z</time></trkpt><trkpt lat="42.697516" lon="1.400555"><ele>1840.684</ele><time>2019-08-13T13:14:57Z</time></trkpt><trkpt lat="42.697618" lon="1.400653"><ele>1837.212</ele><time>2019-08-13T13:15:12Z</time></trkpt><trkpt lat="42.697727" lon="1.400705"><ele>1833.870</ele><time>2019-08-13T13:15:25Z</time></trkpt><trkpt lat="42.697777" lon="1.400848"><ele>1830.059</ele><time>2019-08-13T13:15:39Z</time></trkpt><trkpt lat="42.697792" lon="1.401029"><ele>1826.274</ele><time>2019-08-13T13:15:56Z</time></trkpt><trkpt lat="42.697801" lon="1.401054"><ele>1827.673</ele><time>2019-08-13T13:16:19Z</time></trkpt><trkpt lat="42.697808" lon="1.401155"><ele>1826.659</ele><time>2019-08-13T13:16:33Z</time></trkpt><trkpt lat="42.697844" lon="1.401315"><ele>1826.603</ele><time>2019-08-13T13:16:47Z</time></trkpt><trkpt lat="42.697928" lon="1.401430"><ele>1824.223</ele><time>2019-08-13T13:17:02Z</time></trkpt><trkpt lat="42.698033" lon="1.401525"><ele>1822.808</ele><time>2019-08-13T13:17:15Z</time></trkpt><trkpt lat="42.698079" lon="1.401621"><ele>1822.859</ele><time>2019-08-13T13:17:24Z</time></trkpt><trkpt lat="42.698173" lon="1.401762"><ele>1819.485</ele><time>2019-08-13T13:17:41Z</time></trkpt><trkpt lat="42.698185" lon="1.401787"><ele>1819.455</ele><time>2019-08-13T13:17:43Z</time></trkpt><trkpt lat="42.698284" lon="1.401824"><ele>1817.563</ele><time>2019-08-13T13:17:57Z</time></trkpt><trkpt lat="42.698359" lon="1.401777"><ele>1815.631</ele><time>2019-08-13T13:18:12Z</time></trkpt><trkpt lat="42.698366" lon="1.401783"><ele>1815.680</ele><time>2019-08-13T13:18:39Z</time></trkpt><trkpt lat="42.698379" lon="1.401799"><ele>1814.625</ele><time>2019-08-13T13:19:02Z</time></trkpt><trkpt lat="42.698412" lon="1.401851"><ele>1813.284</ele><time>2019-08-13T13:19:15Z</time></trkpt><trkpt lat="42.698472" lon="1.401818"><ele>1809.815</ele><time>2019-08-13T13:19:27Z</time></trkpt><trkpt lat="42.698526" lon="1.401753"><ele>1806.065</ele><time>2019-08-13T13:19:39Z</time></trkpt><trkpt lat="42.698567" lon="1.401734"><ele>1804.511</ele><time>2019-08-13T13:19:47Z</time></trkpt><trkpt lat="42.698606" lon="1.401718"><ele>1803.608</ele><time>2019-08-13T13:19:52Z</time></trkpt><trkpt lat="42.698621" lon="1.401700"><ele>1803.145</ele><time>2019-08-13T13:19:54Z</time></trkpt><trkpt lat="42.698687" lon="1.401689"><ele>1802.111</ele><time>2019-08-13T13:20:01Z</time></trkpt><trkpt lat="42.698847" lon="1.401732"><ele>1799.241</ele><time>2019-08-13T13:20:17Z</time></trkpt><trkpt lat="42.698883" lon="1.401746"><ele>1798.859</ele><time>2019-08-13T13:20:20Z</time></trkpt><trkpt lat="42.698907" lon="1.401753"><ele>1798.357</ele><time>2019-08-13T13:20:22Z</time></trkpt><trkpt lat="42.698992" lon="1.401802"><ele>1797.326</ele><time>2019-08-13T13:20:31Z</time></trkpt><trkpt lat="42.699031" lon="1.401803"><ele>1795.941</ele><time>2019-08-13T13:20:35Z</time></trkpt><trkpt lat="42.699169" lon="1.401900"><ele>1792.060</ele><time>2019-08-13T13:20:53Z</time></trkpt><trkpt lat="42.699279" lon="1.401968"><ele>1789.217</ele><time>2019-08-13T13:21:08Z</time></trkpt><trkpt lat="42.699379" lon="1.402044"><ele>1784.887</ele><time>2019-08-13T13:21:23Z</time></trkpt><trkpt lat="42.699433" lon="1.402208"><ele>1781.515</ele><time>2019-08-13T13:21:38Z</time></trkpt><trkpt lat="42.699448" lon="1.402212"><ele>1781.008</ele><time>2019-08-13T13:21:40Z</time></trkpt><trkpt lat="42.699477" lon="1.402266"><ele>1780.025</ele><time>2019-08-13T13:21:45Z</time></trkpt><trkpt lat="42.699527" lon="1.402493"><ele>1776.761</ele><time>2019-08-13T13:22:01Z</time></trkpt><trkpt lat="42.699585" lon="1.402619"><ele>1771.841</ele><time>2019-08-13T13:22:15Z</time></trkpt><trkpt lat="42.699607" lon="1.402712"><ele>1769.479</ele><time>2019-08-13T13:22:30Z</time></trkpt><trkpt lat="42.699642" lon="1.402799"><ele>1768.067</ele><time>2019-08-13T13:22:36Z</time></trkpt><trkpt lat="42.699696" lon="1.402920"><ele>1766.176</ele><time>2019-08-13T13:22:48Z</time></trkpt><trkpt lat="42.699756" lon="1.403041"><ele>1762.781</ele><time>2019-08-13T13:23:00Z</time></trkpt><trkpt lat="42.699776" lon="1.403075"><ele>1761.750</ele><time>2019-08-13T13:23:04Z</time></trkpt><trkpt lat="42.699819" lon="1.403093"><ele>1760.896</ele><time>2019-08-13T13:23:08Z</time></trkpt><trkpt lat="42.699855" lon="1.403146"><ele>1759.831</ele><time>2019-08-13T13:23:14Z</time></trkpt><trkpt lat="42.699885" lon="1.403191"><ele>1759.824</ele><time>2019-08-13T13:23:18Z</time></trkpt><trkpt lat="42.699970" lon="1.403317"><ele>1756.908</ele><time>2019-08-13T13:23:29Z</time></trkpt><trkpt lat="42.699986" lon="1.403372"><ele>1756.953</ele><time>2019-08-13T13:23:33Z</time></trkpt><trkpt lat="42.700037" lon="1.403436"><ele>1756.059</ele><time>2019-08-13T13:23:39Z</time></trkpt><trkpt lat="42.700136" lon="1.403590"><ele>1752.169</ele><time>2019-08-13T13:23:55Z</time></trkpt><trkpt lat="42.700144" lon="1.403594"><ele>1752.117</ele><time>2019-08-13T13:23:56Z</time></trkpt><trkpt lat="42.700191" lon="1.403693"><ele>1750.755</ele><time>2019-08-13T13:24:05Z</time></trkpt><trkpt lat="42.700249" lon="1.403760"><ele>1749.334</ele><time>2019-08-13T13:24:12Z</time></trkpt><trkpt lat="42.700269" lon="1.403804"><ele>1748.829</ele><time>2019-08-13T13:24:16Z</time></trkpt><trkpt lat="42.700334" lon="1.403938"><ele>1745.438</ele><time>2019-08-13T13:24:30Z</time></trkpt><trkpt lat="42.700398" lon="1.403961"><ele>1743.019</ele><time>2019-08-13T13:24:41Z</time></trkpt><trkpt lat="42.700451" lon="1.403982"><ele>1741.109</ele><time>2019-08-13T13:24:51Z</time></trkpt><trkpt lat="42.700536" lon="1.404099"><ele>1737.719</ele><time>2019-08-13T13:25:07Z</time></trkpt><trkpt lat="42.700543" lon="1.404119"><ele>1737.708</ele><time>2019-08-13T13:25:09Z</time></trkpt><trkpt lat="42.700573" lon="1.404206"><ele>1736.385</ele><time>2019-08-13T13:25:17Z</time></trkpt><trkpt lat="42.700637" lon="1.404337"><ele>1732.911</ele><time>2019-08-13T13:25:32Z</time></trkpt><trkpt lat="42.700709" lon="1.404311"><ele>1729.141</ele><time>2019-08-13T13:25:45Z</time></trkpt><trkpt lat="42.700758" lon="1.404370"><ele>1726.719</ele><time>2019-08-13T13:25:53Z</time></trkpt><trkpt lat="42.700794" lon="1.404506"><ele>1725.287</ele><time>2019-08-13T13:26:06Z</time></trkpt><trkpt lat="42.700840" lon="1.404564"><ele>1723.836</ele><time>2019-08-13T13:26:13Z</time></trkpt><trkpt lat="42.700874" lon="1.404618"><ele>1723.331</ele><time>2019-08-13T13:26:19Z</time></trkpt><trkpt lat="42.700953" lon="1.404672"><ele>1721.920</ele><time>2019-08-13T13:26:32Z</time></trkpt><trkpt lat="42.700983" lon="1.404655"><ele>1720.998</ele><time>2019-08-13T13:26:46Z</time></trkpt><trkpt lat="42.701004" lon="1.404634"><ele>1719.015</ele><time>2019-08-13T13:27:01Z</time></trkpt><trkpt lat="42.701024" lon="1.404637"><ele>1719.926</ele><time>2019-08-13T13:27:14Z</time></trkpt><trkpt lat="42.701048" lon="1.404672"><ele>1719.008</ele><time>2019-08-13T13:27:19Z</time></trkpt><trkpt lat="42.701118" lon="1.404823"><ele>1716.693</ele><time>2019-08-13T13:27:34Z</time></trkpt><trkpt lat="42.701164" lon="1.404899"><ele>1713.769</ele><time>2019-08-13T13:27:48Z</time></trkpt><trkpt lat="42.701202" lon="1.404955"><ele>1713.249</ele><time>2019-08-13T13:27:54Z</time></trkpt><trkpt lat="42.701253" lon="1.405016"><ele>1711.317</ele><time>2019-08-13T13:28:06Z</time></trkpt><trkpt lat="42.701306" lon="1.405079"><ele>1709.455</ele><time>2019-08-13T13:28:20Z</time></trkpt><trkpt lat="42.701328" lon="1.405104"><ele>1707.984</ele><time>2019-08-13T13:28:32Z</time></trkpt><trkpt lat="42.701337" lon="1.405146"><ele>1706.579</ele><time>2019-08-13T13:28:44Z</time></trkpt><trkpt lat="42.701372" lon="1.405154"><ele>1705.068</ele><time>2019-08-13T13:28:56Z</time></trkpt><trkpt lat="42.701379" lon="1.405160"><ele>1704.657</ele><time>2019-08-13T13:28:57Z</time></trkpt><trkpt lat="42.701368" lon="1.405228"><ele>1699.700</ele><time>2019-08-13T13:29:10Z</time></trkpt><trkpt lat="42.701398" lon="1.405243"><ele>1697.820</ele><time>2019-08-13T13:29:23Z</time></trkpt><trkpt lat="42.701475" lon="1.405279"><ele>1695.908</ele><time>2019-08-13T13:29:37Z</time></trkpt><trkpt lat="42.701582" lon="1.405372"><ele>1693.599</ele><time>2019-08-13T13:29:52Z</time></trkpt><trkpt lat="42.701637" lon="1.405413"><ele>1691.635</ele><time>2019-08-13T13:30:06Z</time></trkpt><trkpt lat="42.701705" lon="1.405435"><ele>1689.215</ele><time>2019-08-13T13:30:17Z</time></trkpt><trkpt lat="42.701763" lon="1.405475"><ele>1686.343</ele><time>2019-08-13T13:30:30Z</time></trkpt><trkpt lat="42.701840" lon="1.405505"><ele>1683.981</ele><time>2019-08-13T13:30:43Z</time></trkpt><trkpt lat="42.701948" lon="1.405517"><ele>1682.070</ele><time>2019-08-13T13:30:55Z</time></trkpt><trkpt lat="42.701967" lon="1.405517"><ele>1681.535</ele><time>2019-08-13T13:30:57Z</time></trkpt><trkpt lat="42.702057" lon="1.405537"><ele>1679.684</ele><time>2019-08-13T13:31:06Z</time></trkpt><trkpt lat="42.702205" lon="1.405536"><ele>1676.739</ele><time>2019-08-13T13:31:21Z</time></trkpt><trkpt lat="42.702362" lon="1.405569"><ele>1674.701</ele><time>2019-08-13T13:31:36Z</time></trkpt><trkpt lat="42.702405" lon="1.405593"><ele>1674.721</ele><time>2019-08-13T13:31:41Z</time></trkpt><trkpt lat="42.702492" lon="1.405697"><ele>1671.408</ele><time>2019-08-13T13:31:57Z</time></trkpt><trkpt lat="42.702596" lon="1.405776"><ele>1667.577</ele><time>2019-08-13T13:32:12Z</time></trkpt><trkpt lat="42.702712" lon="1.405851"><ele>1666.123</ele><time>2019-08-13T13:32:27Z</time></trkpt><trkpt lat="42.702719" lon="1.405847"><ele>1665.673</ele><time>2019-08-13T13:32:28Z</time></trkpt><trkpt lat="42.702769" lon="1.405821"><ele>1665.121</ele><time>2019-08-13T13:32:35Z</time></trkpt><trkpt lat="42.702804" lon="1.405810"><ele>1664.749</ele><time>2019-08-13T13:32:39Z</time></trkpt><trkpt lat="42.702928" lon="1.405844"><ele>1662.388</ele><time>2019-08-13T13:32:52Z</time></trkpt><trkpt lat="42.703019" lon="1.405822"><ele>1659.473</ele><time>2019-08-13T13:33:05Z</time></trkpt><trkpt lat="42.703126" lon="1.405812"><ele>1657.052</ele><time>2019-08-13T13:33:19Z</time></trkpt><trkpt lat="42.703243" lon="1.405785"><ele>1652.696</ele><time>2019-08-13T13:33:34Z</time></trkpt><trkpt lat="42.703264" lon="1.405805"><ele>1651.731</ele><time>2019-08-13T13:33:38Z</time></trkpt><trkpt lat="42.703386" lon="1.405863"><ele>1647.824</ele><time>2019-08-13T13:33:54Z</time></trkpt><trkpt lat="42.703444" lon="1.405858"><ele>1645.408</ele><time>2019-08-13T13:34:08Z</time></trkpt><trkpt lat="42.703500" lon="1.405909"><ele>1643.063</ele><time>2019-08-13T13:34:20Z</time></trkpt><trkpt lat="42.703583" lon="1.405948"><ele>1639.789</ele><time>2019-08-13T13:34:32Z</time></trkpt><trkpt lat="42.703627" lon="1.405970"><ele>1639.259</ele><time>2019-08-13T13:34:37Z</time></trkpt><trkpt lat="42.703672" lon="1.406033"><ele>1637.787</ele><time>2019-08-13T13:44:38Z</time></trkpt><trkpt lat="42.703762" lon="1.406076"><ele>1636.355</ele><time>2019-08-13T13:44:52Z</time></trkpt><trkpt lat="42.703840" lon="1.406108"><ele>1633.474</ele><time>2019-08-13T13:45:06Z</time></trkpt><trkpt lat="42.703907" lon="1.406171"><ele>1631.059</ele><time>2019-08-13T13:45:19Z</time></trkpt><trkpt lat="42.703923" lon="1.406260"><ele>1627.218</ele><time>2019-08-13T13:45:31Z</time></trkpt><trkpt lat="42.703956" lon="1.406325"><ele>1623.846</ele><time>2019-08-13T13:45:43Z</time></trkpt><trkpt lat="42.704011" lon="1.406297"><ele>1621.988</ele><time>2019-08-13T13:45:54Z</time></trkpt><trkpt lat="42.704111" lon="1.406358"><ele>1617.616</ele><time>2019-08-13T13:46:08Z</time></trkpt><trkpt lat="42.704189" lon="1.406336"><ele>1614.208</ele><time>2019-08-13T13:46:22Z</time></trkpt><trkpt lat="42.704247" lon="1.406404"><ele>1609.488</ele><time>2019-08-13T13:46:36Z</time></trkpt><trkpt lat="42.704292" lon="1.406544"><ele>1605.144</ele><time>2019-08-13T13:46:50Z</time></trkpt><trkpt lat="42.704359" lon="1.406536"><ele>1601.744</ele><time>2019-08-13T13:47:04Z</time></trkpt><trkpt lat="42.704432" lon="1.406474"><ele>1599.872</ele><time>2019-08-13T13:47:16Z</time></trkpt><trkpt lat="42.704486" lon="1.406566"><ele>1593.530</ele><time>2019-08-13T13:47:32Z</time></trkpt><trkpt lat="42.704555" lon="1.406472"><ele>1591.649</ele><time>2019-08-13T13:47:47Z</time></trkpt><trkpt lat="42.704616" lon="1.406422"><ele>1586.854</ele><time>2019-08-13T13:48:02Z</time></trkpt><trkpt lat="42.704696" lon="1.406339"><ele>1585.893</ele><time>2019-08-13T13:48:16Z</time></trkpt><trkpt lat="42.704737" lon="1.406461"><ele>1582.019</ele><time>2019-08-13T13:48:30Z</time></trkpt><trkpt lat="42.704803" lon="1.406517"><ele>1578.609</ele><time>2019-08-13T13:48:45Z</time></trkpt><trkpt lat="42.704823" lon="1.406496"><ele>1579.119</ele><time>2019-08-13T13:48:49Z</time></trkpt><trkpt lat="42.704910" lon="1.406481"><ele>1575.708</ele><time>2019-08-13T13:49:01Z</time></trkpt><trkpt lat="42.704966" lon="1.406540"><ele>1572.845</ele><time>2019-08-13T13:49:13Z</time></trkpt><trkpt lat="42.704950" lon="1.406604"><ele>1567.641</ele><time>2019-08-13T13:49:28Z</time></trkpt><trkpt lat="42.704952" lon="1.406659"><ele>1566.671</ele><time>2019-08-13T13:49:47Z</time></trkpt><trkpt lat="42.704980" lon="1.406671"><ele>1568.169</ele><time>2019-08-13T13:50:12Z</time></trkpt><trkpt lat="42.705014" lon="1.406676"><ele>1567.197</ele><time>2019-08-13T13:50:30Z</time></trkpt><trkpt lat="42.705088" lon="1.406602"><ele>1565.616</ele><time>2019-08-13T13:50:47Z</time></trkpt><trkpt lat="42.705137" lon="1.406529"><ele>1560.461</ele><time>2019-08-13T13:51:01Z</time></trkpt><trkpt lat="42.705171" lon="1.406567"><ele>1555.180</ele><time>2019-08-13T13:51:14Z</time></trkpt><trkpt lat="42.705197" lon="1.406670"><ele>1552.768</ele><time>2019-08-13T13:51:26Z</time></trkpt><trkpt lat="42.705231" lon="1.406779"><ele>1550.342</ele><time>2019-08-13T13:51:40Z</time></trkpt><trkpt lat="42.705265" lon="1.406836"><ele>1548.326</ele><time>2019-08-13T13:51:53Z</time></trkpt><trkpt lat="42.705308" lon="1.406894"><ele>1543.108</ele><time>2019-08-13T13:52:07Z</time></trkpt><trkpt lat="42.705337" lon="1.407056"><ele>1538.220</ele><time>2019-08-13T13:52:26Z</time></trkpt><trkpt lat="42.705346" lon="1.407174"><ele>1534.456</ele><time>2019-08-13T13:52:40Z</time></trkpt><trkpt lat="42.705366" lon="1.407301"><ele>1532.016</ele><time>2019-08-13T13:52:54Z</time></trkpt><trkpt lat="42.705411" lon="1.407309"><ele>1529.164</ele><time>2019-08-13T13:53:10Z</time></trkpt><trkpt lat="42.705466" lon="1.407244"><ele>1527.752</ele><time>2019-08-13T13:53:39Z</time></trkpt><trkpt lat="42.705500" lon="1.407310"><ele>1530.661</ele><time>2019-08-13T13:54:03Z</time></trkpt><trkpt lat="42.705563" lon="1.407288"><ele>1530.126</ele><time>2019-08-13T13:54:17Z</time></trkpt><trkpt lat="42.705581" lon="1.407381"><ele>1524.885</ele><time>2019-08-13T13:54:29Z</time></trkpt><trkpt lat="42.705594" lon="1.407466"><ele>1521.447</ele><time>2019-08-13T13:54:41Z</time></trkpt><trkpt lat="42.705597" lon="1.407594"><ele>1516.129</ele><time>2019-08-13T13:54:55Z</time></trkpt><trkpt lat="42.705621" lon="1.407725"><ele>1513.221</ele><time>2019-08-13T13:55:10Z</time></trkpt><trkpt lat="42.705639" lon="1.407859"><ele>1508.908</ele><time>2019-08-13T13:55:24Z</time></trkpt><trkpt lat="42.705657" lon="1.407965"><ele>1504.658</ele><time>2019-08-13T13:55:37Z</time></trkpt><trkpt lat="42.705730" lon="1.408050"><ele>1502.794</ele><time>2019-08-13T13:55:51Z</time></trkpt><trkpt lat="42.705828" lon="1.408039"><ele>1500.314</ele><time>2019-08-13T13:56:08Z</time></trkpt><trkpt lat="42.705890" lon="1.407993"><ele>1498.342</ele><time>2019-08-13T13:56:21Z</time></trkpt><trkpt lat="42.705986" lon="1.407895"><ele>1498.350</ele><time>2019-08-13T13:56:35Z</time></trkpt><trkpt lat="42.706050" lon="1.407909"><ele>1499.359</ele><time>2019-08-13T13:56:42Z</time></trkpt><trkpt lat="42.706095" lon="1.407763"><ele>1495.964</ele><time>2019-08-13T13:56:59Z</time></trkpt><trkpt lat="42.706170" lon="1.407884"><ele>1490.273</ele><time>2019-08-13T13:57:13Z</time></trkpt><trkpt lat="42.706209" lon="1.407966"><ele>1486.862</ele><time>2019-08-13T13:57:26Z</time></trkpt><trkpt lat="42.706279" lon="1.407998"><ele>1484.483</ele><time>2019-08-13T13:57:40Z</time></trkpt><trkpt lat="42.706342" lon="1.408034"><ele>1482.011</ele><time>2019-08-13T13:57:55Z</time></trkpt><trkpt lat="42.706415" lon="1.408154"><ele>1479.108</ele><time>2019-08-13T13:58:10Z</time></trkpt><trkpt lat="42.706437" lon="1.408307"><ele>1474.890</ele><time>2019-08-13T13:58:26Z</time></trkpt><trkpt lat="42.706489" lon="1.408467"><ele>1471.436</ele><time>2019-08-13T13:58:42Z</time></trkpt><trkpt lat="42.706493" lon="1.408630"><ele>1467.626</ele><time>2019-08-13T13:58:56Z</time></trkpt><trkpt lat="42.706485" lon="1.408831"><ele>1464.224</ele><time>2019-08-13T13:59:12Z</time></trkpt><trkpt lat="42.706491" lon="1.408976"><ele>1461.862</ele><time>2019-08-13T13:59:26Z</time></trkpt><trkpt lat="42.706506" lon="1.409174"><ele>1461.311</ele><time>2019-08-13T13:59:40Z</time></trkpt><trkpt lat="42.706492" lon="1.409412"><ele>1463.396</ele><time>2019-08-13T13:59:57Z</time></trkpt><trkpt lat="42.706465" lon="1.409563"><ele>1459.985</ele><time>2019-08-13T14:00:11Z</time></trkpt><trkpt lat="42.706485" lon="1.409670"><ele>1456.548</ele><time>2019-08-13T14:00:23Z</time></trkpt><trkpt lat="42.706518" lon="1.409677"><ele>1453.761</ele><time>2019-08-13T14:00:41Z</time></trkpt><trkpt lat="42.706504" lon="1.409717"><ele>1451.717</ele><time>2019-08-13T14:01:00Z</time></trkpt><trkpt lat="42.706512" lon="1.409874"><ele>1450.308</ele><time>2019-08-13T14:01:14Z</time></trkpt><trkpt lat="42.706496" lon="1.410022"><ele>1449.868</ele><time>2019-08-13T14:01:28Z</time></trkpt><trkpt lat="42.706530" lon="1.410170"><ele>1446.964</ele><time>2019-08-13T14:01:41Z</time></trkpt><trkpt lat="42.706565" lon="1.410331"><ele>1446.024</ele><time>2019-08-13T14:01:54Z</time></trkpt><trkpt lat="42.706603" lon="1.410405"><ele>1444.572</ele><time>2019-08-13T14:02:07Z</time></trkpt><trkpt lat="42.706658" lon="1.410217"><ele>1441.690</ele><time>2019-08-13T14:02:22Z</time></trkpt><trkpt lat="42.706718" lon="1.410158"><ele>1439.759</ele><time>2019-08-13T14:02:36Z</time></trkpt><trkpt lat="42.706740" lon="1.410291"><ele>1435.984</ele><time>2019-08-13T14:02:50Z</time></trkpt><trkpt lat="42.706762" lon="1.410453"><ele>1431.543</ele><time>2019-08-13T14:03:05Z</time></trkpt><trkpt lat="42.706808" lon="1.410593"><ele>1426.795</ele><time>2019-08-13T14:03:20Z</time></trkpt><trkpt lat="42.706877" lon="1.410786"><ele>1422.949</ele><time>2019-08-13T14:03:36Z</time></trkpt><trkpt lat="42.706911" lon="1.410971"><ele>1420.523</ele><time>2019-08-13T14:03:50Z</time></trkpt><trkpt lat="42.706958" lon="1.411116"><ele>1417.108</ele><time>2019-08-13T14:04:04Z</time></trkpt><trkpt lat="42.706966" lon="1.411280"><ele>1412.363</ele><time>2019-08-13T14:04:17Z</time></trkpt><trkpt lat="42.706986" lon="1.411445"><ele>1410.479</ele><time>2019-08-13T14:04:31Z</time></trkpt><trkpt lat="42.707007" lon="1.411573"><ele>1408.589</ele><time>2019-08-13T14:04:45Z</time></trkpt><trkpt lat="42.707001" lon="1.411745"><ele>1407.057</ele><time>2019-08-13T14:04:59Z</time></trkpt><trkpt lat="42.706979" lon="1.411927"><ele>1406.655</ele><time>2019-08-13T14:05:13Z</time></trkpt><trkpt lat="42.706955" lon="1.412148"><ele>1406.674</ele><time>2019-08-13T14:05:29Z</time></trkpt><trkpt lat="42.706943" lon="1.412240"><ele>1405.129</ele><time>2019-08-13T14:05:45Z</time></trkpt><trkpt lat="42.706916" lon="1.412356"><ele>1403.768</ele><time>2019-08-13T14:05:59Z</time></trkpt><trkpt lat="42.706904" lon="1.412523"><ele>1407.563</ele><time>2019-08-13T14:06:11Z</time></trkpt><trkpt lat="42.706893" lon="1.412627"><ele>1404.644</ele><time>2019-08-13T14:06:25Z</time></trkpt><trkpt lat="42.706863" lon="1.412761"><ele>1401.318</ele><time>2019-08-13T14:06:40Z</time></trkpt><trkpt lat="42.706817" lon="1.412932"><ele>1397.908</ele><time>2019-08-13T14:06:54Z</time></trkpt><trkpt lat="42.706827" lon="1.413078"><ele>1396.910</ele><time>2019-08-13T14:07:07Z</time></trkpt><trkpt lat="42.706830" lon="1.413243"><ele>1394.156</ele><time>2019-08-13T14:07:19Z</time></trkpt><trkpt lat="42.706815" lon="1.413365"><ele>1394.116</ele><time>2019-08-13T14:07:27Z</time></trkpt><trkpt lat="42.706818" lon="1.413530"><ele>1391.244</ele><time>2019-08-13T14:07:42Z</time></trkpt><trkpt lat="42.706801" lon="1.413715"><ele>1391.282</ele><time>2019-08-13T14:07:56Z</time></trkpt><trkpt lat="42.706821" lon="1.413924"><ele>1390.711</ele><time>2019-08-13T14:08:09Z</time></trkpt><trkpt lat="42.706792" lon="1.414043"><ele>1385.986</ele><time>2019-08-13T14:08:23Z</time></trkpt><trkpt lat="42.706767" lon="1.414229"><ele>1385.445</ele><time>2019-08-13T14:08:38Z</time></trkpt><trkpt lat="42.706720" lon="1.414373"><ele>1384.955</ele><time>2019-08-13T14:08:51Z</time></trkpt><trkpt lat="42.706729" lon="1.414556"><ele>1384.007</ele><time>2019-08-13T14:09:04Z</time></trkpt><trkpt lat="42.706716" lon="1.414652"><ele>1383.517</ele><time>2019-08-13T14:09:13Z</time></trkpt><trkpt lat="42.706739" lon="1.414813"><ele>1384.008</ele><time>2019-08-13T14:09:28Z</time></trkpt><trkpt lat="42.706760" lon="1.414948"><ele>1380.679</ele><time>2019-08-13T14:09:42Z</time></trkpt><trkpt lat="42.706721" lon="1.415121"><ele>1379.645</ele><time>2019-08-13T14:09:57Z</time></trkpt><trkpt lat="42.706625" lon="1.415198"><ele>1378.715</ele><time>2019-08-13T14:10:11Z</time></trkpt><trkpt lat="42.706581" lon="1.415196"><ele>1380.643</ele><time>2019-08-13T14:10:31Z</time></trkpt><trkpt lat="42.706583" lon="1.415245"><ele>1380.161</ele><time>2019-08-13T14:10:43Z</time></trkpt><trkpt lat="42.706585" lon="1.415330"><ele>1375.870</ele><time>2019-08-13T14:10:58Z</time></trkpt><trkpt lat="42.706573" lon="1.415433"><ele>1371.565</ele><time>2019-08-13T14:11:10Z</time></trkpt><trkpt lat="42.706617" lon="1.415570"><ele>1367.184</ele><time>2019-08-13T14:11:25Z</time></trkpt><trkpt lat="42.706646" lon="1.415686"><ele>1362.898</ele><time>2019-08-13T14:11:40Z</time></trkpt><trkpt lat="42.706705" lon="1.415763"><ele>1358.515</ele><time>2019-08-13T14:11:53Z</time></trkpt><trkpt lat="42.706752" lon="1.415854"><ele>1356.126</ele><time>2019-08-13T14:12:05Z</time></trkpt><trkpt lat="42.706814" lon="1.415973"><ele>1355.608</ele><time>2019-08-13T14:12:15Z</time></trkpt><trkpt lat="42.706839" lon="1.416110"><ele>1355.193</ele><time>2019-08-13T14:12:26Z</time></trkpt><trkpt lat="42.706860" lon="1.416285"><ele>1352.739</ele><time>2019-08-13T14:12:40Z</time></trkpt><trkpt lat="42.706838" lon="1.416403"><ele>1347.499</ele><time>2019-08-13T14:12:53Z</time></trkpt><trkpt lat="42.706884" lon="1.416565"><ele>1342.187</ele><time>2019-08-13T14:13:08Z</time></trkpt><trkpt lat="42.706965" lon="1.416684"><ele>1337.395</ele><time>2019-08-13T14:13:21Z</time></trkpt><trkpt lat="42.706967" lon="1.416820"><ele>1334.084</ele><time>2019-08-13T14:13:34Z</time></trkpt><trkpt lat="42.706985" lon="1.416928"><ele>1329.229</ele><time>2019-08-13T14:13:47Z</time></trkpt><trkpt lat="42.706994" lon="1.417004"><ele>1322.928</ele><time>2019-08-13T14:14:00Z</time></trkpt><trkpt lat="42.706988" lon="1.417057"><ele>1320.087</ele><time>2019-08-13T14:14:20Z</time></trkpt><trkpt lat="42.707078" lon="1.417168"><ele>1328.242</ele><time>2019-08-13T14:14:39Z</time></trkpt><trkpt lat="42.707110" lon="1.417079"><ele>1328.226</ele><time>2019-08-13T14:14:59Z</time></trkpt><trkpt lat="42.707154" lon="1.416916"><ele>1326.308</ele><time>2019-08-13T14:15:18Z</time></trkpt><trkpt lat="42.707224" lon="1.416784"><ele>1326.862</ele><time>2019-08-13T14:15:33Z</time></trkpt><trkpt lat="42.707273" lon="1.416657"><ele>1322.918</ele><time>2019-08-13T14:15:50Z</time></trkpt><trkpt lat="42.707343" lon="1.416593"><ele>1318.668</ele><time>2019-08-13T14:16:05Z</time></trkpt><trkpt lat="42.707427" lon="1.416530"><ele>1313.846</ele><time>2019-08-13T14:16:22Z</time></trkpt><trkpt lat="42.707490" lon="1.416415"><ele>1309.484</ele><time>2019-08-13T14:16:38Z</time></trkpt><trkpt lat="42.707548" lon="1.416324"><ele>1307.543</ele><time>2019-08-13T14:16:54Z</time></trkpt><trkpt lat="42.707627" lon="1.416295"><ele>1305.148</ele><time>2019-08-13T14:17:08Z</time></trkpt><trkpt lat="42.707700" lon="1.416223"><ele>1300.857</ele><time>2019-08-13T14:17:24Z</time></trkpt><trkpt lat="42.707765" lon="1.416161"><ele>1297.974</ele><time>2019-08-13T14:17:38Z</time></trkpt><trkpt lat="42.707810" lon="1.416081"><ele>1295.056</ele><time>2019-08-13T14:17:54Z</time></trkpt><trkpt lat="42.707878" lon="1.416066"><ele>1291.221</ele><time>2019-08-13T14:18:07Z</time></trkpt><trkpt lat="42.707941" lon="1.416066"><ele>1286.908</ele><time>2019-08-13T14:18:22Z</time></trkpt><trkpt lat="42.707926" lon="1.416014"><ele>1284.591</ele><time>2019-08-13T14:18:36Z</time></trkpt><trkpt lat="42.707965" lon="1.416043"><ele>1281.637</ele><time>2019-08-13T14:18:49Z</time></trkpt><trkpt lat="42.708010" lon="1.416002"><ele>1278.757</ele><time>2019-08-13T14:19:03Z</time></trkpt><trkpt lat="42.708053" lon="1.415951"><ele>1277.295</ele><time>2019-08-13T14:19:15Z</time></trkpt><trkpt lat="42.708060" lon="1.415893"><ele>1275.813</ele><time>2019-08-13T14:19:35Z</time></trkpt><trkpt lat="42.708095" lon="1.415795"><ele>1272.012</ele><time>2019-08-13T14:19:49Z</time></trkpt><trkpt lat="42.708167" lon="1.415804"><ele>1268.687</ele><time>2019-08-13T14:20:01Z</time></trkpt><trkpt lat="42.708205" lon="1.415761"><ele>1265.726</ele><time>2019-08-13T14:20:14Z</time></trkpt><trkpt lat="42.708222" lon="1.415638"><ele>1262.896</ele><time>2019-08-13T14:20:29Z</time></trkpt><trkpt lat="42.708214" lon="1.415668"><ele>1258.531</ele><time>2019-08-13T14:20:46Z</time></trkpt><trkpt lat="42.708207" lon="1.415676"><ele>1258.524</ele><time>2019-08-13T14:21:10Z</time></trkpt><trkpt lat="42.708270" lon="1.415628"><ele>1257.108</ele><time>2019-08-13T14:21:25Z</time></trkpt><trkpt lat="42.708269" lon="1.415568"><ele>1254.223</ele><time>2019-08-13T14:21:39Z</time></trkpt><trkpt lat="42.708316" lon="1.415506"><ele>1251.319</ele><time>2019-08-13T14:21:52Z</time></trkpt><trkpt lat="42.708311" lon="1.415356"><ele>1249.489</ele><time>2019-08-13T14:22:06Z</time></trkpt><trkpt lat="42.708396" lon="1.415316"><ele>1246.067</ele><time>2019-08-13T14:22:21Z</time></trkpt><trkpt lat="42.708452" lon="1.415300"><ele>1247.085</ele><time>2019-08-13T14:22:40Z</time></trkpt><trkpt lat="42.708520" lon="1.415340"><ele>1247.014</ele><time>2019-08-13T14:22:54Z</time></trkpt><trkpt lat="42.708632" lon="1.415308"><ele>1245.049</ele><time>2019-08-13T14:23:08Z</time></trkpt><trkpt lat="42.708715" lon="1.415232"><ele>1240.768</ele><time>2019-08-13T14:23:23Z</time></trkpt><trkpt lat="42.708809" lon="1.415257"><ele>1235.946</ele><time>2019-08-13T14:23:37Z</time></trkpt><trkpt lat="42.708868" lon="1.415248"><ele>1231.688</ele><time>2019-08-13T14:23:50Z</time></trkpt><trkpt lat="42.708944" lon="1.415268"><ele>1230.616</ele><time>2019-08-13T14:24:03Z</time></trkpt><trkpt lat="42.708981" lon="1.415425"><ele>1228.208</ele><time>2019-08-13T14:24:17Z</time></trkpt><trkpt lat="42.708955" lon="1.415551"><ele>1224.498</ele><time>2019-08-13T14:24:30Z</time></trkpt><trkpt lat="42.708878" lon="1.415707"><ele>1222.424</ele><time>2019-08-13T14:24:42Z</time></trkpt><trkpt lat="42.708877" lon="1.415717"><ele>1222.424</ele><time>2019-08-13T14:24:43Z</time></trkpt><trkpt lat="42.708871" lon="1.415872"><ele>1217.252</ele><time>2019-08-13T14:24:56Z</time></trkpt><trkpt lat="42.708873" lon="1.415910"><ele>1216.240</ele><time>2019-08-13T14:24:59Z</time></trkpt><trkpt lat="42.708880" lon="1.416101"><ele>1212.499</ele><time>2019-08-13T14:25:14Z</time></trkpt><trkpt lat="42.708901" lon="1.416230"><ele>1209.574</ele><time>2019-08-13T14:25:25Z</time></trkpt><trkpt lat="42.708890" lon="1.416386"><ele>1205.673</ele><time>2019-08-13T14:25:38Z</time></trkpt><trkpt lat="42.708865" lon="1.416472"><ele>1208.088</ele><time>2019-08-13T14:25:58Z</time></trkpt><trkpt lat="42.708920" lon="1.416630"><ele>1206.624</ele><time>2019-08-13T14:26:12Z</time></trkpt><trkpt lat="42.708918" lon="1.416715"><ele>1203.726</ele><time>2019-08-13T14:26:19Z</time></trkpt><trkpt lat="42.708932" lon="1.416909"><ele>1197.008</ele><time>2019-08-13T14:26:34Z</time></trkpt><trkpt lat="42.708933" lon="1.417037"><ele>1190.242</ele><time>2019-08-13T14:26:46Z</time></trkpt><trkpt lat="42.708963" lon="1.417161"><ele>1183.538</ele><time>2019-08-13T14:26:58Z</time></trkpt><trkpt lat="42.709082" lon="1.417384"><ele>1181.188</ele><time>2019-08-13T14:27:13Z</time></trkpt><trkpt lat="42.709215" lon="1.417593"><ele>1188.876</ele><time>2019-08-13T14:27:27Z</time></trkpt><trkpt lat="42.709282" lon="1.417777"><ele>1188.364</ele><time>2019-08-13T14:27:41Z</time></trkpt><trkpt lat="42.709295" lon="1.418015"><ele>1189.353</ele><time>2019-08-13T14:27:55Z</time></trkpt><trkpt lat="42.709299" lon="1.418037"><ele>1189.318</ele><time>2019-08-13T14:27:56Z</time></trkpt><trkpt lat="42.709324" lon="1.418292"><ele>1194.127</ele><time>2019-08-13T14:28:10Z</time></trkpt><trkpt lat="42.709347" lon="1.418479"><ele>1195.582</ele><time>2019-08-13T14:28:21Z</time></trkpt><trkpt lat="42.709330" lon="1.418549"><ele>1195.143</ele><time>2019-08-13T14:28:25Z</time></trkpt><trkpt lat="42.709339" lon="1.418723"><ele>1196.517</ele><time>2019-08-13T14:28:41Z</time></trkpt><trkpt lat="42.709391" lon="1.418876"><ele>1195.508</ele><time>2019-08-13T14:28:56Z</time></trkpt><trkpt lat="42.709424" lon="1.419073"><ele>1197.012</ele><time>2019-08-13T14:29:11Z</time></trkpt><trkpt lat="42.709406" lon="1.419232"><ele>1200.338</ele><time>2019-08-13T14:29:26Z</time></trkpt><trkpt lat="42.709386" lon="1.419331"><ele>1200.828</ele><time>2019-08-13T14:29:40Z</time></trkpt><trkpt lat="42.709394" lon="1.419280"><ele>1202.346</ele><time>2019-08-13T14:30:01Z</time></trkpt><trkpt lat="42.709342" lon="1.419514"><ele>1200.844</ele><time>2019-08-13T14:30:17Z</time></trkpt><trkpt lat="42.709289" lon="1.419687"><ele>1200.343</ele><time>2019-08-13T14:30:30Z</time></trkpt><trkpt lat="42.709250" lon="1.419875"><ele>1194.648</ele><time>2019-08-13T14:30:47Z</time></trkpt><trkpt lat="42.709212" lon="1.420073"><ele>1190.247</ele><time>2019-08-13T14:31:03Z</time></trkpt><trkpt lat="42.709200" lon="1.420311"><ele>1190.746</ele><time>2019-08-13T14:31:16Z</time></trkpt><trkpt lat="42.709183" lon="1.420469"><ele>1189.388</ele><time>2019-08-13T14:31:30Z</time></trkpt><trkpt lat="42.709213" lon="1.420592"><ele>1185.916</ele><time>2019-08-13T14:31:42Z</time></trkpt><trkpt lat="42.709288" lon="1.420746"><ele>1181.608</ele><time>2019-08-13T14:31:56Z</time></trkpt><trkpt lat="42.709321" lon="1.420870"><ele>1181.118</ele><time>2019-08-13T14:32:08Z</time></trkpt><trkpt lat="42.709349" lon="1.421051"><ele>1180.214</ele><time>2019-08-13T14:32:25Z</time></trkpt><trkpt lat="42.709402" lon="1.421234"><ele>1177.374</ele><time>2019-08-13T14:32:41Z</time></trkpt><trkpt lat="42.709424" lon="1.421395"><ele>1177.372</ele><time>2019-08-13T14:32:54Z</time></trkpt><trkpt lat="42.709465" lon="1.421653"><ele>1175.340</ele><time>2019-08-13T14:33:10Z</time></trkpt><trkpt lat="42.709509" lon="1.421838"><ele>1178.749</ele><time>2019-08-13T14:33:23Z</time></trkpt><trkpt lat="42.709529" lon="1.422079"><ele>1180.674</ele><time>2019-08-13T14:33:38Z</time></trkpt><trkpt lat="42.709541" lon="1.422280"><ele>1178.793</ele><time>2019-08-13T14:33:53Z</time></trkpt><trkpt lat="42.709561" lon="1.422367"><ele>1176.383</ele><time>2019-08-13T14:34:01Z</time></trkpt><trkpt lat="42.709613" lon="1.422559"><ele>1173.925</ele><time>2019-08-13T14:34:17Z</time></trkpt><trkpt lat="42.709610" lon="1.422782"><ele>1177.717</ele><time>2019-08-13T14:34:30Z</time></trkpt><trkpt lat="42.709615" lon="1.422963"><ele>1177.308</ele><time>2019-08-13T14:34:43Z</time></trkpt><trkpt lat="42.709625" lon="1.423100"><ele>1175.872</ele><time>2019-08-13T14:34:56Z</time></trkpt><trkpt lat="42.709635" lon="1.423186"><ele>1173.918</ele><time>2019-08-13T14:35:03Z</time></trkpt><trkpt lat="42.709708" lon="1.423348"><ele>1171.538</ele><time>2019-08-13T14:35:16Z</time></trkpt><trkpt lat="42.709830" lon="1.423558"><ele>1172.066</ele><time>2019-08-13T14:35:34Z</time></trkpt><trkpt lat="42.709837" lon="1.423702"><ele>1172.554</ele><time>2019-08-13T14:35:44Z</time></trkpt><trkpt lat="42.709870" lon="1.423903"><ele>1173.433</ele><time>2019-08-13T14:35:59Z</time></trkpt><trkpt lat="42.709929" lon="1.424095"><ele>1173.978</ele><time>2019-08-13T14:36:14Z</time></trkpt><trkpt lat="42.709981" lon="1.424235"><ele>1172.977</ele><time>2019-08-13T14:36:28Z</time></trkpt><trkpt lat="42.710035" lon="1.424407"><ele>1170.588</ele><time>2019-08-13T14:36:42Z</time></trkpt><trkpt lat="42.710100" lon="1.424605"><ele>1168.624</ele><time>2019-08-13T14:36:57Z</time></trkpt><trkpt lat="42.710172" lon="1.424781"><ele>1171.026</ele><time>2019-08-13T14:40:20Z</time></trkpt><trkpt lat="42.710267" lon="1.425028"><ele>1172.008</ele><time>2019-08-13T14:40:36Z</time></trkpt><trkpt lat="42.710377" lon="1.425285"><ele>1169.622</ele><time>2019-08-13T14:41:07Z</time></trkpt><trkpt lat="42.710388" lon="1.425273"><ele>1168.178</ele><time>2019-08-13T14:41:43Z</time></trkpt><trkpt lat="42.710318" lon="1.425317"><ele>1169.668</ele><time>2019-08-13T14:41:57Z</time></trkpt><trkpt lat="42.710336" lon="1.425390"><ele>1164.336</ele><time>2019-08-13T14:42:13Z</time></trkpt><trkpt lat="42.710287" lon="1.425506"><ele>1160.014</ele><time>2019-08-13T14:42:27Z</time></trkpt><trkpt lat="42.710196" lon="1.425520"><ele>1155.663</ele><time>2019-08-13T14:42:39Z</time></trkpt><trkpt lat="42.710130" lon="1.425589"><ele>1153.798</ele><time>2019-08-13T14:42:46Z</time></trkpt><trkpt lat="42.710073" lon="1.425645"><ele>1155.667</ele><time>2019-08-13T14:42:58Z</time></trkpt></trkseg></trk></gpx>