<?xml version="1.0" encoding="UTF-8"?><gpx creator="Wikiloc - https://www.wikiloc.com" version="1.1" xmlns="http://www.topografix.com/GPX/1/1" xmlns:xsi="http://www.w3.org/2001/XMLSchema-instance" xsi:schemaLocation="http://www.topografix.com/GPX/1/1 http://www.topografix.com/GPX/1/1/gpx.xsd"><metadata><name>Wikiloc - Tossa d'Alp</name><author><name>alfe71</name><link href="https://www.wikiloc.com/wikiloc/user.do?id=218531"><text>alfe71 on Wikiloc</text></link></author><link href="https://www.wikiloc.com/mountaineering-trails/tossa-dalp-30487760"><text>Tossa d'Alp on Wikiloc</text></link><time>2018-11-10T14:17:39Z</time></metadata><trk><name>Tossa d'Alp</name><cmt></cmt><desc></desc><trkseg><trkpt lat="42.334520" lon="1.932844"><ele>1666.569</ele><time>2018-11-10T10:15:19Z</time></trkpt><trkpt lat="42.334467" lon="1.932847"><ele>1666.504</ele><time>2018-11-10T10:17:22Z</time></trkpt><trkpt lat="42.334418" lon="1.932825"><ele>1666.524</ele><time>2018-11-10T10:17:26Z</time></trkpt><trkpt lat="42.334369" lon="1.932806"><ele>1666.508</ele><time>2018-11-10T10:17:30Z</time></trkpt><trkpt lat="42.334316" lon="1.932793"><ele>1666.579</ele><time>2018-11-10T10:17:34Z</time></trkpt><trkpt lat="42.334268" lon="1.932757"><ele>1666.526</ele><time>2018-11-10T10:17:56Z</time></trkpt><trkpt lat="42.334323" lon="1.932783"><ele>1666.570</ele><time>2018-11-10T10:18:02Z</time></trkpt><trkpt lat="42.334364" lon="1.932821"><ele>1666.584</ele><time>2018-11-10T10:18:05Z</time></trkpt><trkpt lat="42.334404" lon="1.932851"><ele>1666.583</ele><time>2018-11-10T10:18:08Z</time></trkpt><trkpt lat="42.334454" lon="1.932872"><ele>1666.583</ele><time>2018-11-10T10:18:11Z</time></trkpt><trkpt lat="42.334504" lon="1.932870"><ele>1666.512</ele><time>2018-11-10T10:18:15Z</time></trkpt><trkpt lat="42.334469" lon="1.932920"><ele>1666.596</ele><time>2018-11-10T10:20:28Z</time></trkpt><trkpt lat="42.334420" lon="1.932944"><ele>1666.529</ele><time>2018-11-10T10:20:33Z</time></trkpt><trkpt lat="42.334376" lon="1.932990"><ele>1666.500</ele><time>2018-11-10T10:20:38Z</time></trkpt><trkpt lat="42.334328" lon="1.933011"><ele>1666.520</ele><time>2018-11-10T10:20:43Z</time></trkpt><trkpt lat="42.334283" lon="1.932992"><ele>1667.008</ele><time>2018-11-10T10:20:48Z</time></trkpt><trkpt lat="42.334239" lon="1.932967"><ele>1667.785</ele><time>2018-11-10T10:20:55Z</time></trkpt><trkpt lat="42.334194" lon="1.932967"><ele>1667.862</ele><time>2018-11-10T10:21:00Z</time></trkpt><trkpt lat="42.334140" lon="1.932972"><ele>1668.796</ele><time>2018-11-10T10:21:05Z</time></trkpt><trkpt lat="42.334087" lon="1.932981"><ele>1669.690</ele><time>2018-11-10T10:21:10Z</time></trkpt><trkpt lat="42.334041" lon="1.932988"><ele>1670.129</ele><time>2018-11-10T10:21:15Z</time></trkpt><trkpt lat="42.333995" lon="1.932992"><ele>1671.179</ele><time>2018-11-10T10:21:21Z</time></trkpt><trkpt lat="42.333949" lon="1.932998"><ele>1673.048</ele><time>2018-11-10T10:21:31Z</time></trkpt><trkpt lat="42.333903" lon="1.932993"><ele>1673.872</ele><time>2018-11-10T10:21:37Z</time></trkpt><trkpt lat="42.333857" lon="1.932971"><ele>1674.392</ele><time>2018-11-10T10:21:43Z</time></trkpt><trkpt lat="42.333806" lon="1.932955"><ele>1674.873</ele><time>2018-11-10T10:21:49Z</time></trkpt><trkpt lat="42.333758" lon="1.932958"><ele>1675.320</ele><time>2018-11-10T10:21:54Z</time></trkpt><trkpt lat="42.333710" lon="1.932945"><ele>1676.308</ele><time>2018-11-10T10:22:00Z</time></trkpt><trkpt lat="42.333673" lon="1.932994"><ele>1676.782</ele><time>2018-11-10T10:22:05Z</time></trkpt><trkpt lat="42.333656" lon="1.933062"><ele>1678.039</ele><time>2018-11-10T10:22:12Z</time></trkpt><trkpt lat="42.333630" lon="1.933119"><ele>1678.223</ele><time>2018-11-10T10:22:19Z</time></trkpt><trkpt lat="42.333602" lon="1.933207"><ele>1679.227</ele><time>2018-11-10T10:22:26Z</time></trkpt><trkpt lat="42.333579" lon="1.933271"><ele>1679.866</ele><time>2018-11-10T10:22:33Z</time></trkpt><trkpt lat="42.333566" lon="1.933333"><ele>1680.086</ele><time>2018-11-10T10:22:40Z</time></trkpt><trkpt lat="42.333560" lon="1.933399"><ele>1680.425</ele><time>2018-11-10T10:22:46Z</time></trkpt><trkpt lat="42.333526" lon="1.933449"><ele>1681.049</ele><time>2018-11-10T10:22:50Z</time></trkpt><trkpt lat="42.333487" lon="1.933524"><ele>1681.343</ele><time>2018-11-10T10:22:59Z</time></trkpt><trkpt lat="42.333442" lon="1.933568"><ele>1682.264</ele><time>2018-11-10T10:23:06Z</time></trkpt><trkpt lat="42.333397" lon="1.933606"><ele>1683.610</ele><time>2018-11-10T10:23:11Z</time></trkpt><trkpt lat="42.333347" lon="1.933625"><ele>1683.908</ele><time>2018-11-10T10:23:17Z</time></trkpt><trkpt lat="42.333302" lon="1.933629"><ele>1684.917</ele><time>2018-11-10T10:23:23Z</time></trkpt><trkpt lat="42.333265" lon="1.933580"><ele>1686.114</ele><time>2018-11-10T10:23:30Z</time></trkpt><trkpt lat="42.333235" lon="1.933526"><ele>1686.358</ele><time>2018-11-10T10:23:37Z</time></trkpt><trkpt lat="42.333212" lon="1.933470"><ele>1686.882</ele><time>2018-11-10T10:23:44Z</time></trkpt><trkpt lat="42.333173" lon="1.933411"><ele>1687.321</ele><time>2018-11-10T10:23:49Z</time></trkpt><trkpt lat="42.333139" lon="1.933358"><ele>1687.931</ele><time>2018-11-10T10:23:54Z</time></trkpt><trkpt lat="42.333107" lon="1.933308"><ele>1688.380</ele><time>2018-11-10T10:23:58Z</time></trkpt><trkpt lat="42.333069" lon="1.933262"><ele>1688.854</ele><time>2018-11-10T10:24:02Z</time></trkpt><trkpt lat="42.333033" lon="1.933211"><ele>1689.079</ele><time>2018-11-10T10:24:07Z</time></trkpt><trkpt lat="42.333010" lon="1.933156"><ele>1689.005</ele><time>2018-11-10T10:24:12Z</time></trkpt><trkpt lat="42.332980" lon="1.933109"><ele>1689.725</ele><time>2018-11-10T10:24:16Z</time></trkpt><trkpt lat="42.332948" lon="1.933063"><ele>1689.808</ele><time>2018-11-10T10:24:20Z</time></trkpt><trkpt lat="42.332917" lon="1.933012"><ele>1690.460</ele><time>2018-11-10T10:24:24Z</time></trkpt><trkpt lat="42.332886" lon="1.932967"><ele>1690.757</ele><time>2018-11-10T10:24:29Z</time></trkpt><trkpt lat="42.332850" lon="1.932927"><ele>1691.131</ele><time>2018-11-10T10:24:34Z</time></trkpt><trkpt lat="42.332812" lon="1.932890"><ele>1691.535</ele><time>2018-11-10T10:24:39Z</time></trkpt><trkpt lat="42.332784" lon="1.932841"><ele>1692.344</ele><time>2018-11-10T10:24:48Z</time></trkpt><trkpt lat="42.332744" lon="1.932801"><ele>1692.674</ele><time>2018-11-10T10:24:54Z</time></trkpt><trkpt lat="42.332694" lon="1.932778"><ele>1693.133</ele><time>2018-11-10T10:25:01Z</time></trkpt><trkpt lat="42.332654" lon="1.932741"><ele>1693.327</ele><time>2018-11-10T10:25:06Z</time></trkpt><trkpt lat="42.332602" lon="1.932689"><ele>1693.714</ele><time>2018-11-10T10:25:16Z</time></trkpt><trkpt lat="42.332562" lon="1.932639"><ele>1694.354</ele><time>2018-11-10T10:25:24Z</time></trkpt><trkpt lat="42.332518" lon="1.932604"><ele>1694.909</ele><time>2018-11-10T10:25:29Z</time></trkpt><trkpt lat="42.332475" lon="1.932554"><ele>1694.908</ele><time>2018-11-10T10:25:34Z</time></trkpt><trkpt lat="42.332439" lon="1.932502"><ele>1695.734</ele><time>2018-11-10T10:25:39Z</time></trkpt><trkpt lat="42.332400" lon="1.932461"><ele>1696.211</ele><time>2018-11-10T10:25:44Z</time></trkpt><trkpt lat="42.332365" lon="1.932418"><ele>1696.775</ele><time>2018-11-10T10:25:48Z</time></trkpt><trkpt lat="42.332330" lon="1.932361"><ele>1697.339</ele><time>2018-11-10T10:25:53Z</time></trkpt><trkpt lat="42.332302" lon="1.932311"><ele>1698.238</ele><time>2018-11-10T10:25:59Z</time></trkpt><trkpt lat="42.332275" lon="1.932242"><ele>1699.288</ele><time>2018-11-10T10:26:16Z</time></trkpt><trkpt lat="42.332242" lon="1.932188"><ele>1699.817</ele><time>2018-11-10T10:26:22Z</time></trkpt><trkpt lat="42.332222" lon="1.932122"><ele>1700.161</ele><time>2018-11-10T10:26:26Z</time></trkpt><trkpt lat="42.332210" lon="1.932052"><ele>1700.793</ele><time>2018-11-10T10:26:30Z</time></trkpt><trkpt lat="42.332193" lon="1.931983"><ele>1700.765</ele><time>2018-11-10T10:26:34Z</time></trkpt><trkpt lat="42.332168" lon="1.931922"><ele>1701.121</ele><time>2018-11-10T10:26:38Z</time></trkpt><trkpt lat="42.332137" lon="1.931873"><ele>1701.808</ele><time>2018-11-10T10:26:42Z</time></trkpt><trkpt lat="42.332108" lon="1.931815"><ele>1702.232</ele><time>2018-11-10T10:26:47Z</time></trkpt><trkpt lat="42.332094" lon="1.931747"><ele>1703.169</ele><time>2018-11-10T10:26:52Z</time></trkpt><trkpt lat="42.332085" lon="1.931685"><ele>1703.573</ele><time>2018-11-10T10:26:58Z</time></trkpt><trkpt lat="42.332062" lon="1.931624"><ele>1704.827</ele><time>2018-11-10T10:27:09Z</time></trkpt><trkpt lat="42.332022" lon="1.931591"><ele>1704.946</ele><time>2018-11-10T10:27:13Z</time></trkpt><trkpt lat="42.331980" lon="1.931556"><ele>1705.336</ele><time>2018-11-10T10:27:17Z</time></trkpt><trkpt lat="42.331946" lon="1.931502"><ele>1705.945</ele><time>2018-11-10T10:27:22Z</time></trkpt><trkpt lat="42.331911" lon="1.931451"><ele>1706.099</ele><time>2018-11-10T10:27:26Z</time></trkpt><trkpt lat="42.331876" lon="1.931410"><ele>1706.587</ele><time>2018-11-10T10:27:30Z</time></trkpt><trkpt lat="42.331828" lon="1.931369"><ele>1706.942</ele><time>2018-11-10T10:27:35Z</time></trkpt><trkpt lat="42.331785" lon="1.931345"><ele>1707.226</ele><time>2018-11-10T10:27:39Z</time></trkpt><trkpt lat="42.331737" lon="1.931307"><ele>1707.508</ele><time>2018-11-10T10:27:44Z</time></trkpt><trkpt lat="42.331697" lon="1.931268"><ele>1707.771</ele><time>2018-11-10T10:27:48Z</time></trkpt><trkpt lat="42.331648" lon="1.931233"><ele>1708.228</ele><time>2018-11-10T10:27:52Z</time></trkpt><trkpt lat="42.331602" lon="1.931219"><ele>1708.692</ele><time>2018-11-10T10:27:57Z</time></trkpt><trkpt lat="42.331547" lon="1.931214"><ele>1708.986</ele><time>2018-11-10T10:28:03Z</time></trkpt><trkpt lat="42.331496" lon="1.931188"><ele>1709.135</ele><time>2018-11-10T10:28:07Z</time></trkpt><trkpt lat="42.331441" lon="1.931163"><ele>1709.825</ele><time>2018-11-10T10:28:12Z</time></trkpt><trkpt lat="42.331386" lon="1.931135"><ele>1710.444</ele><time>2018-11-10T10:28:17Z</time></trkpt><trkpt lat="42.331334" lon="1.931120"><ele>1711.028</ele><time>2018-11-10T10:28:22Z</time></trkpt><trkpt lat="42.331290" lon="1.931108"><ele>1711.087</ele><time>2018-11-10T10:28:27Z</time></trkpt><trkpt lat="42.331238" lon="1.931100"><ele>1711.342</ele><time>2018-11-10T10:28:32Z</time></trkpt><trkpt lat="42.331187" lon="1.931091"><ele>1711.526</ele><time>2018-11-10T10:28:36Z</time></trkpt><trkpt lat="42.331143" lon="1.931073"><ele>1711.508</ele><time>2018-11-10T10:28:41Z</time></trkpt><trkpt lat="42.331093" lon="1.931077"><ele>1712.221</ele><time>2018-11-10T10:28:47Z</time></trkpt><trkpt lat="42.331044" lon="1.931084"><ele>1712.148</ele><time>2018-11-10T10:28:52Z</time></trkpt><trkpt lat="42.330991" lon="1.931096"><ele>1712.522</ele><time>2018-11-10T10:28:57Z</time></trkpt><trkpt lat="42.330945" lon="1.931108"><ele>1712.456</ele><time>2018-11-10T10:29:01Z</time></trkpt><trkpt lat="42.330898" lon="1.931118"><ele>1713.235</ele><time>2018-11-10T10:29:05Z</time></trkpt><trkpt lat="42.330852" lon="1.931126"><ele>1713.235</ele><time>2018-11-10T10:29:09Z</time></trkpt><trkpt lat="42.330798" lon="1.931145"><ele>1713.594</ele><time>2018-11-10T10:29:14Z</time></trkpt><trkpt lat="42.330750" lon="1.931174"><ele>1713.638</ele><time>2018-11-10T10:29:18Z</time></trkpt><trkpt lat="42.330701" lon="1.931189"><ele>1713.843</ele><time>2018-11-10T10:29:22Z</time></trkpt><trkpt lat="42.330656" lon="1.931167"><ele>1713.964</ele><time>2018-11-10T10:29:26Z</time></trkpt><trkpt lat="42.330621" lon="1.931113"><ele>1714.610</ele><time>2018-11-10T10:29:31Z</time></trkpt><trkpt lat="42.330584" lon="1.931065"><ele>1714.508</ele><time>2018-11-10T10:29:47Z</time></trkpt><trkpt lat="42.330533" lon="1.931065"><ele>1714.997</ele><time>2018-11-10T10:29:52Z</time></trkpt><trkpt lat="42.330485" lon="1.931049"><ele>1715.334</ele><time>2018-11-10T10:29:57Z</time></trkpt><trkpt lat="42.330430" lon="1.931069"><ele>1715.118</ele><time>2018-11-10T10:30:05Z</time></trkpt><trkpt lat="42.330381" lon="1.931078"><ele>1716.012</ele><time>2018-11-10T10:30:11Z</time></trkpt><trkpt lat="42.330332" lon="1.931084"><ele>1716.131</ele><time>2018-11-10T10:30:15Z</time></trkpt><trkpt lat="42.330278" lon="1.931089"><ele>1716.431</ele><time>2018-11-10T10:30:19Z</time></trkpt><trkpt lat="42.330225" lon="1.931102"><ele>1716.420</ele><time>2018-11-10T10:30:23Z</time></trkpt><trkpt lat="42.330175" lon="1.931114"><ele>1717.074</ele><time>2018-11-10T10:30:27Z</time></trkpt><trkpt lat="42.330129" lon="1.931115"><ele>1717.357</ele><time>2018-11-10T10:30:31Z</time></trkpt><trkpt lat="42.330081" lon="1.931121"><ele>1717.400</ele><time>2018-11-10T10:30:35Z</time></trkpt><trkpt lat="42.330027" lon="1.931115"><ele>1717.520</ele><time>2018-11-10T10:30:40Z</time></trkpt><trkpt lat="42.329970" lon="1.931106"><ele>1717.608</ele><time>2018-11-10T10:30:45Z</time></trkpt><trkpt lat="42.329922" lon="1.931100"><ele>1718.058</ele><time>2018-11-10T10:30:49Z</time></trkpt><trkpt lat="42.329873" lon="1.931101"><ele>1718.275</ele><time>2018-11-10T10:30:55Z</time></trkpt><trkpt lat="42.329828" lon="1.931092"><ele>1718.189</ele><time>2018-11-10T10:31:00Z</time></trkpt><trkpt lat="42.329780" lon="1.931084"><ele>1718.693</ele><time>2018-11-10T10:31:04Z</time></trkpt><trkpt lat="42.329739" lon="1.931051"><ele>1719.322</ele><time>2018-11-10T10:31:10Z</time></trkpt><trkpt lat="42.329698" lon="1.931015"><ele>1719.322</ele><time>2018-11-10T10:31:15Z</time></trkpt><trkpt lat="42.329645" lon="1.930993"><ele>1719.691</ele><time>2018-11-10T10:31:19Z</time></trkpt><trkpt lat="42.329600" lon="1.930984"><ele>1720.375</ele><time>2018-11-10T10:31:23Z</time></trkpt><trkpt lat="42.329547" lon="1.930972"><ele>1720.989</ele><time>2018-11-10T10:31:33Z</time></trkpt><trkpt lat="42.329509" lon="1.930927"><ele>1720.906</ele><time>2018-11-10T10:31:39Z</time></trkpt><trkpt lat="42.329462" lon="1.930896"><ele>1721.126</ele><time>2018-11-10T10:31:43Z</time></trkpt><trkpt lat="42.329411" lon="1.930864"><ele>1721.608</ele><time>2018-11-10T10:31:47Z</time></trkpt><trkpt lat="42.329364" lon="1.930834"><ele>1721.621</ele><time>2018-11-10T10:31:51Z</time></trkpt><trkpt lat="42.329321" lon="1.930802"><ele>1721.768</ele><time>2018-11-10T10:31:57Z</time></trkpt><trkpt lat="42.329275" lon="1.930770"><ele>1722.262</ele><time>2018-11-10T10:32:02Z</time></trkpt><trkpt lat="42.329237" lon="1.930736"><ele>1722.726</ele><time>2018-11-10T10:32:07Z</time></trkpt><trkpt lat="42.329197" lon="1.930686"><ele>1723.375</ele><time>2018-11-10T10:32:13Z</time></trkpt><trkpt lat="42.329157" lon="1.930630"><ele>1723.735</ele><time>2018-11-10T10:32:18Z</time></trkpt><trkpt lat="42.329116" lon="1.930582"><ele>1724.054</ele><time>2018-11-10T10:32:22Z</time></trkpt><trkpt lat="42.329069" lon="1.930538"><ele>1724.198</ele><time>2018-11-10T10:32:26Z</time></trkpt><trkpt lat="42.329028" lon="1.930494"><ele>1723.997</ele><time>2018-11-10T10:32:30Z</time></trkpt><trkpt lat="42.328990" lon="1.930447"><ele>1724.523</ele><time>2018-11-10T10:32:35Z</time></trkpt><trkpt lat="42.328948" lon="1.930411"><ele>1724.825</ele><time>2018-11-10T10:32:41Z</time></trkpt><trkpt lat="42.328906" lon="1.930388"><ele>1725.408</ele><time>2018-11-10T10:32:50Z</time></trkpt><trkpt lat="42.328864" lon="1.930360"><ele>1725.752</ele><time>2018-11-10T10:32:56Z</time></trkpt><trkpt lat="42.328820" lon="1.930326"><ele>1725.679</ele><time>2018-11-10T10:33:00Z</time></trkpt><trkpt lat="42.328779" lon="1.930300"><ele>1725.913</ele><time>2018-11-10T10:33:04Z</time></trkpt><trkpt lat="42.328725" lon="1.930291"><ele>1726.177</ele><time>2018-11-10T10:33:09Z</time></trkpt><trkpt lat="42.328677" lon="1.930254"><ele>1726.536</ele><time>2018-11-10T10:33:14Z</time></trkpt><trkpt lat="42.328641" lon="1.930210"><ele>1726.556</ele><time>2018-11-10T10:33:18Z</time></trkpt><trkpt lat="42.328608" lon="1.930153"><ele>1727.135</ele><time>2018-11-10T10:33:23Z</time></trkpt><trkpt lat="42.328579" lon="1.930106"><ele>1727.199</ele><time>2018-11-10T10:33:27Z</time></trkpt><trkpt lat="42.328549" lon="1.930055"><ele>1727.289</ele><time>2018-11-10T10:33:31Z</time></trkpt><trkpt lat="42.328522" lon="1.929998"><ele>1727.606</ele><time>2018-11-10T10:33:36Z</time></trkpt><trkpt lat="42.328499" lon="1.929944"><ele>1728.026</ele><time>2018-11-10T10:33:41Z</time></trkpt><trkpt lat="42.328471" lon="1.929879"><ele>1728.208</ele><time>2018-11-10T10:33:46Z</time></trkpt><trkpt lat="42.328439" lon="1.929820"><ele>1729.021</ele><time>2018-11-10T10:33:51Z</time></trkpt><trkpt lat="42.328413" lon="1.929753"><ele>1728.978</ele><time>2018-11-10T10:33:56Z</time></trkpt><trkpt lat="42.328403" lon="1.929692"><ele>1729.142</ele><time>2018-11-10T10:34:00Z</time></trkpt><trkpt lat="42.328389" lon="1.929622"><ele>1729.736</ele><time>2018-11-10T10:34:04Z</time></trkpt><trkpt lat="42.328364" lon="1.929561"><ele>1729.945</ele><time>2018-11-10T10:34:09Z</time></trkpt><trkpt lat="42.328348" lon="1.929501"><ele>1730.055</ele><time>2018-11-10T10:34:13Z</time></trkpt><trkpt lat="42.328333" lon="1.929438"><ele>1730.794</ele><time>2018-11-10T10:34:19Z</time></trkpt><trkpt lat="42.328315" lon="1.929372"><ele>1731.038</ele><time>2018-11-10T10:34:25Z</time></trkpt><trkpt lat="42.328279" lon="1.929313"><ele>1731.423</ele><time>2018-11-10T10:34:29Z</time></trkpt><trkpt lat="42.328248" lon="1.929259"><ele>1731.783</ele><time>2018-11-10T10:34:33Z</time></trkpt><trkpt lat="42.328228" lon="1.929203"><ele>1731.811</ele><time>2018-11-10T10:34:37Z</time></trkpt><trkpt lat="42.328187" lon="1.929147"><ele>1731.908</ele><time>2018-11-10T10:34:41Z</time></trkpt><trkpt lat="42.328145" lon="1.929107"><ele>1732.365</ele><time>2018-11-10T10:34:45Z</time></trkpt><trkpt lat="42.328121" lon="1.929052"><ele>1732.422</ele><time>2018-11-10T10:34:50Z</time></trkpt><trkpt lat="42.328117" lon="1.928982"><ele>1732.416</ele><time>2018-11-10T10:34:54Z</time></trkpt><trkpt lat="42.328100" lon="1.928923"><ele>1732.880</ele><time>2018-11-10T10:34:58Z</time></trkpt><trkpt lat="42.328066" lon="1.928876"><ele>1733.079</ele><time>2018-11-10T10:35:02Z</time></trkpt><trkpt lat="42.328027" lon="1.928839"><ele>1733.069</ele><time>2018-11-10T10:35:05Z</time></trkpt><trkpt lat="42.327985" lon="1.928784"><ele>1733.348</ele><time>2018-11-10T10:35:08Z</time></trkpt><trkpt lat="42.327976" lon="1.928717"><ele>1733.672</ele><time>2018-11-10T10:35:12Z</time></trkpt><trkpt lat="42.328013" lon="1.928658"><ele>1734.015</ele><time>2018-11-10T10:35:17Z</time></trkpt><trkpt lat="42.328052" lon="1.928606"><ele>1734.065</ele><time>2018-11-10T10:35:20Z</time></trkpt><trkpt lat="42.328068" lon="1.928541"><ele>1734.311</ele><time>2018-11-10T10:35:24Z</time></trkpt><trkpt lat="42.328088" lon="1.928474"><ele>1734.608</ele><time>2018-11-10T10:35:28Z</time></trkpt><trkpt lat="42.328114" lon="1.928419"><ele>1734.954</ele><time>2018-11-10T10:35:33Z</time></trkpt><trkpt lat="42.328074" lon="1.928373"><ele>1735.231</ele><time>2018-11-10T10:35:39Z</time></trkpt><trkpt lat="42.328033" lon="1.928340"><ele>1735.795</ele><time>2018-11-10T10:35:46Z</time></trkpt><trkpt lat="42.328033" lon="1.928277"><ele>1736.029</ele><time>2018-11-10T10:35:53Z</time></trkpt><trkpt lat="42.328017" lon="1.928214"><ele>1736.568</ele><time>2018-11-10T10:36:01Z</time></trkpt><trkpt lat="42.327968" lon="1.928184"><ele>1736.798</ele><time>2018-11-10T10:36:06Z</time></trkpt><trkpt lat="42.327922" lon="1.928149"><ele>1736.677</ele><time>2018-11-10T10:36:11Z</time></trkpt><trkpt lat="42.327879" lon="1.928118"><ele>1736.991</ele><time>2018-11-10T10:36:16Z</time></trkpt><trkpt lat="42.327835" lon="1.928083"><ele>1737.274</ele><time>2018-11-10T10:36:29Z</time></trkpt><trkpt lat="42.327791" lon="1.928049"><ele>1737.256</ele><time>2018-11-10T10:36:34Z</time></trkpt><trkpt lat="42.327755" lon="1.927999"><ele>1737.521</ele><time>2018-11-10T10:36:39Z</time></trkpt><trkpt lat="42.327727" lon="1.927949"><ele>1737.908</ele><time>2018-11-10T10:36:44Z</time></trkpt><trkpt lat="42.327700" lon="1.927888"><ele>1737.710</ele><time>2018-11-10T10:36:49Z</time></trkpt><trkpt lat="42.327679" lon="1.927817"><ele>1738.687</ele><time>2018-11-10T10:36:54Z</time></trkpt><trkpt lat="42.327647" lon="1.927758"><ele>1738.971</ele><time>2018-11-10T10:36:59Z</time></trkpt><trkpt lat="42.327625" lon="1.927701"><ele>1739.185</ele><time>2018-11-10T10:37:05Z</time></trkpt><trkpt lat="42.327600" lon="1.927648"><ele>1739.554</ele><time>2018-11-10T10:37:11Z</time></trkpt><trkpt lat="42.327564" lon="1.927585"><ele>1739.774</ele><time>2018-11-10T10:37:17Z</time></trkpt><trkpt lat="42.327543" lon="1.927528"><ele>1740.173</ele><time>2018-11-10T10:37:21Z</time></trkpt><trkpt lat="42.327528" lon="1.927457"><ele>1740.617</ele><time>2018-11-10T10:37:26Z</time></trkpt><trkpt lat="42.327517" lon="1.927395"><ele>1741.368</ele><time>2018-11-10T10:37:31Z</time></trkpt><trkpt lat="42.327494" lon="1.927331"><ele>1741.642</ele><time>2018-11-10T10:37:36Z</time></trkpt><trkpt lat="42.327469" lon="1.927269"><ele>1741.926</ele><time>2018-11-10T10:37:43Z</time></trkpt><trkpt lat="42.327442" lon="1.927207"><ele>1741.908</ele><time>2018-11-10T10:37:48Z</time></trkpt><trkpt lat="42.327418" lon="1.927152"><ele>1742.129</ele><time>2018-11-10T10:37:52Z</time></trkpt><trkpt lat="42.327395" lon="1.927088"><ele>1741.936</ele><time>2018-11-10T10:37:58Z</time></trkpt><trkpt lat="42.327371" lon="1.927027"><ele>1742.070</ele><time>2018-11-10T10:38:04Z</time></trkpt><trkpt lat="42.327356" lon="1.926967"><ele>1742.494</ele><time>2018-11-10T10:38:10Z</time></trkpt><trkpt lat="42.327357" lon="1.926902"><ele>1743.263</ele><time>2018-11-10T10:38:17Z</time></trkpt><trkpt lat="42.327373" lon="1.926839"><ele>1744.063</ele><time>2018-11-10T10:38:23Z</time></trkpt><trkpt lat="42.327394" lon="1.926774"><ele>1744.052</ele><time>2018-11-10T10:38:28Z</time></trkpt><trkpt lat="42.327422" lon="1.926702"><ele>1744.446</ele><time>2018-11-10T10:38:32Z</time></trkpt><trkpt lat="42.327452" lon="1.926644"><ele>1744.935</ele><time>2018-11-10T10:38:36Z</time></trkpt><trkpt lat="42.327469" lon="1.926586"><ele>1745.386</ele><time>2018-11-10T10:38:39Z</time></trkpt><trkpt lat="42.327479" lon="1.926525"><ele>1745.814</ele><time>2018-11-10T10:38:43Z</time></trkpt><trkpt lat="42.327489" lon="1.926451"><ele>1746.108</ele><time>2018-11-10T10:38:49Z</time></trkpt><trkpt lat="42.327491" lon="1.926383"><ele>1747.186</ele><time>2018-11-10T10:38:56Z</time></trkpt><trkpt lat="42.327486" lon="1.926310"><ele>1747.443</ele><time>2018-11-10T10:39:04Z</time></trkpt><trkpt lat="42.327494" lon="1.926240"><ele>1748.357</ele><time>2018-11-10T10:39:11Z</time></trkpt><trkpt lat="42.327512" lon="1.926180"><ele>1749.181</ele><time>2018-11-10T10:39:19Z</time></trkpt><trkpt lat="42.327522" lon="1.926112"><ele>1749.760</ele><time>2018-11-10T10:39:24Z</time></trkpt><trkpt lat="42.327528" lon="1.926043"><ele>1750.410</ele><time>2018-11-10T10:39:30Z</time></trkpt><trkpt lat="42.327543" lon="1.925984"><ele>1750.549</ele><time>2018-11-10T10:39:36Z</time></trkpt><trkpt lat="42.327563" lon="1.925926"><ele>1751.273</ele><time>2018-11-10T10:39:42Z</time></trkpt><trkpt lat="42.327568" lon="1.925857"><ele>1751.686</ele><time>2018-11-10T10:39:48Z</time></trkpt><trkpt lat="42.327574" lon="1.925785"><ele>1752.460</ele><time>2018-11-10T10:39:54Z</time></trkpt><trkpt lat="42.327590" lon="1.925720"><ele>1753.026</ele><time>2018-11-10T10:40:00Z</time></trkpt><trkpt lat="42.327597" lon="1.925657"><ele>1753.008</ele><time>2018-11-10T10:40:05Z</time></trkpt><trkpt lat="42.327607" lon="1.925595"><ele>1753.781</ele><time>2018-11-10T10:40:10Z</time></trkpt><trkpt lat="42.327620" lon="1.925530"><ele>1753.778</ele><time>2018-11-10T10:40:16Z</time></trkpt><trkpt lat="42.327630" lon="1.925470"><ele>1754.342</ele><time>2018-11-10T10:40:21Z</time></trkpt><trkpt lat="42.327663" lon="1.925450"><ele>1754.376</ele><time>2018-11-10T10:47:11Z</time></trkpt><trkpt lat="42.327690" lon="1.925393"><ele>1754.485</ele><time>2018-11-10T10:47:33Z</time></trkpt><trkpt lat="42.327715" lon="1.925333"><ele>1754.455</ele><time>2018-11-10T10:47:38Z</time></trkpt><trkpt lat="42.327731" lon="1.925276"><ele>1754.524</ele><time>2018-11-10T10:47:42Z</time></trkpt><trkpt lat="42.327741" lon="1.925217"><ele>1754.918</ele><time>2018-11-10T10:47:46Z</time></trkpt><trkpt lat="42.327759" lon="1.925153"><ele>1755.312</ele><time>2018-11-10T10:47:50Z</time></trkpt><trkpt lat="42.327769" lon="1.925092"><ele>1755.832</ele><time>2018-11-10T10:47:54Z</time></trkpt><trkpt lat="42.327784" lon="1.925032"><ele>1756.305</ele><time>2018-11-10T10:47:59Z</time></trkpt><trkpt lat="42.327770" lon="1.924974"><ele>1756.208</ele><time>2018-11-10T10:48:04Z</time></trkpt><trkpt lat="42.327773" lon="1.924904"><ele>1757.354</ele><time>2018-11-10T10:48:11Z</time></trkpt><trkpt lat="42.327767" lon="1.924838"><ele>1757.791</ele><time>2018-11-10T10:48:18Z</time></trkpt><trkpt lat="42.327764" lon="1.924776"><ele>1758.925</ele><time>2018-11-10T10:48:26Z</time></trkpt><trkpt lat="42.327773" lon="1.924707"><ele>1759.559</ele><time>2018-11-10T10:48:33Z</time></trkpt><trkpt lat="42.327778" lon="1.924646"><ele>1760.048</ele><time>2018-11-10T10:48:38Z</time></trkpt><trkpt lat="42.327770" lon="1.924578"><ele>1760.038</ele><time>2018-11-10T10:48:45Z</time></trkpt><trkpt lat="42.327780" lon="1.924506"><ele>1761.717</ele><time>2018-11-10T10:48:52Z</time></trkpt><trkpt lat="42.327791" lon="1.924432"><ele>1762.141</ele><time>2018-11-10T10:48:58Z</time></trkpt><trkpt lat="42.327791" lon="1.924360"><ele>1762.692</ele><time>2018-11-10T10:49:02Z</time></trkpt><trkpt lat="42.327771" lon="1.924296"><ele>1763.173</ele><time>2018-11-10T10:49:07Z</time></trkpt><trkpt lat="42.327794" lon="1.924234"><ele>1764.220</ele><time>2018-11-10T10:49:15Z</time></trkpt><trkpt lat="42.327786" lon="1.924166"><ele>1765.108</ele><time>2018-11-10T10:49:21Z</time></trkpt><trkpt lat="42.327795" lon="1.924100"><ele>1766.382</ele><time>2018-11-10T10:49:30Z</time></trkpt><trkpt lat="42.327824" lon="1.924051"><ele>1766.739</ele><time>2018-11-10T10:49:36Z</time></trkpt><trkpt lat="42.327820" lon="1.923986"><ele>1768.213</ele><time>2018-11-10T10:49:44Z</time></trkpt><trkpt lat="42.327816" lon="1.923916"><ele>1769.137</ele><time>2018-11-10T10:49:50Z</time></trkpt><trkpt lat="42.327782" lon="1.923865"><ele>1769.496</ele><time>2018-11-10T10:49:56Z</time></trkpt><trkpt lat="42.327790" lon="1.923804"><ele>1771.696</ele><time>2018-11-10T10:50:12Z</time></trkpt><trkpt lat="42.327792" lon="1.923743"><ele>1772.825</ele><time>2018-11-10T10:50:20Z</time></trkpt><trkpt lat="42.327756" lon="1.923684"><ele>1773.699</ele><time>2018-11-10T10:50:25Z</time></trkpt><trkpt lat="42.327761" lon="1.923598"><ele>1774.722</ele><time>2018-11-10T10:50:30Z</time></trkpt><trkpt lat="42.327752" lon="1.923538"><ele>1775.262</ele><time>2018-11-10T10:50:37Z</time></trkpt><trkpt lat="42.327719" lon="1.923485"><ele>1776.608</ele><time>2018-11-10T10:50:46Z</time></trkpt><trkpt lat="42.327699" lon="1.923426"><ele>1776.908</ele><time>2018-11-10T10:50:53Z</time></trkpt><trkpt lat="42.327681" lon="1.923369"><ele>1777.915</ele><time>2018-11-10T10:51:01Z</time></trkpt><trkpt lat="42.327664" lon="1.923307"><ele>1779.082</ele><time>2018-11-10T10:51:08Z</time></trkpt><trkpt lat="42.327664" lon="1.923240"><ele>1781.796</ele><time>2018-11-10T10:51:36Z</time></trkpt><trkpt lat="42.327634" lon="1.923177"><ele>1783.570</ele><time>2018-11-10T10:51:42Z</time></trkpt><trkpt lat="42.327624" lon="1.923107"><ele>1783.679</ele><time>2018-11-10T10:51:48Z</time></trkpt><trkpt lat="42.327644" lon="1.923042"><ele>1785.159</ele><time>2018-11-10T10:51:53Z</time></trkpt><trkpt lat="42.327672" lon="1.922977"><ele>1785.388</ele><time>2018-11-10T10:51:58Z</time></trkpt><trkpt lat="42.327666" lon="1.922911"><ele>1786.422</ele><time>2018-11-10T10:52:03Z</time></trkpt><trkpt lat="42.327638" lon="1.922857"><ele>1786.781</ele><time>2018-11-10T10:52:07Z</time></trkpt><trkpt lat="42.327633" lon="1.922794"><ele>1788.461</ele><time>2018-11-10T10:52:17Z</time></trkpt><trkpt lat="42.327609" lon="1.922736"><ele>1789.917</ele><time>2018-11-10T10:52:26Z</time></trkpt><trkpt lat="42.327581" lon="1.922681"><ele>1791.208</ele><time>2018-11-10T10:52:42Z</time></trkpt><trkpt lat="42.327520" lon="1.922605"><ele>1795.341</ele><time>2018-11-10T10:53:22Z</time></trkpt><trkpt lat="42.327457" lon="1.922530"><ele>1796.058</ele><time>2018-11-10T10:53:31Z</time></trkpt><trkpt lat="42.327440" lon="1.922466"><ele>1798.012</ele><time>2018-11-10T10:53:38Z</time></trkpt><trkpt lat="42.327412" lon="1.922397"><ele>1798.946</ele><time>2018-11-10T10:54:02Z</time></trkpt><trkpt lat="42.327437" lon="1.922323"><ele>1801.465</ele><time>2018-11-10T10:54:40Z</time></trkpt><trkpt lat="42.327425" lon="1.922256"><ele>1802.125</ele><time>2018-11-10T10:54:48Z</time></trkpt><trkpt lat="42.327397" lon="1.922203"><ele>1803.364</ele><time>2018-11-10T10:54:55Z</time></trkpt><trkpt lat="42.327394" lon="1.922135"><ele>1805.888</ele><time>2018-11-10T10:55:07Z</time></trkpt><trkpt lat="42.327384" lon="1.922069"><ele>1805.018</ele><time>2018-11-10T10:55:13Z</time></trkpt><trkpt lat="42.327354" lon="1.922038"><ele>1805.898</ele><time>2018-11-10T11:00:22Z</time></trkpt><trkpt lat="42.327306" lon="1.922026"><ele>1806.917</ele><time>2018-11-10T11:01:00Z</time></trkpt><trkpt lat="42.327259" lon="1.922031"><ele>1807.908</ele><time>2018-11-10T11:01:07Z</time></trkpt><trkpt lat="42.327213" lon="1.922033"><ele>1809.224</ele><time>2018-11-10T11:01:14Z</time></trkpt><trkpt lat="42.327172" lon="1.921977"><ele>1811.931</ele><time>2018-11-10T11:01:28Z</time></trkpt><trkpt lat="42.327130" lon="1.921950"><ele>1812.475</ele><time>2018-11-10T11:01:38Z</time></trkpt><trkpt lat="42.327086" lon="1.921928"><ele>1813.529</ele><time>2018-11-10T11:01:48Z</time></trkpt><trkpt lat="42.327039" lon="1.921906"><ele>1815.078</ele><time>2018-11-10T11:01:57Z</time></trkpt><trkpt lat="42.327003" lon="1.921861"><ele>1816.958</ele><time>2018-11-10T11:02:06Z</time></trkpt><trkpt lat="42.326970" lon="1.921816"><ele>1818.027</ele><time>2018-11-10T11:02:14Z</time></trkpt><trkpt lat="42.326927" lon="1.921794"><ele>1821.141</ele><time>2018-11-10T11:02:24Z</time></trkpt><trkpt lat="42.326914" lon="1.921733"><ele>1821.761</ele><time>2018-11-10T11:02:35Z</time></trkpt><trkpt lat="42.326858" lon="1.921637"><ele>1825.021</ele><time>2018-11-10T11:02:58Z</time></trkpt><trkpt lat="42.326813" lon="1.921583"><ele>1825.613</ele><time>2018-11-10T11:03:06Z</time></trkpt><trkpt lat="42.326782" lon="1.921539"><ele>1827.108</ele><time>2018-11-10T11:03:11Z</time></trkpt><trkpt lat="42.326729" lon="1.921476"><ele>1830.499</ele><time>2018-11-10T11:03:33Z</time></trkpt><trkpt lat="42.326697" lon="1.921427"><ele>1832.386</ele><time>2018-11-10T11:03:40Z</time></trkpt><trkpt lat="42.326658" lon="1.921382"><ele>1832.790</ele><time>2018-11-10T11:03:43Z</time></trkpt><trkpt lat="42.326623" lon="1.921336"><ele>1834.244</ele><time>2018-11-10T11:03:50Z</time></trkpt><trkpt lat="42.326588" lon="1.921297"><ele>1835.583</ele><time>2018-11-10T11:03:59Z</time></trkpt><trkpt lat="42.326523" lon="1.921268"><ele>1841.253</ele><time>2018-11-10T11:04:36Z</time></trkpt><trkpt lat="42.326481" lon="1.921227"><ele>1842.682</ele><time>2018-11-10T11:04:41Z</time></trkpt><trkpt lat="42.326440" lon="1.921193"><ele>1842.446</ele><time>2018-11-10T11:04:44Z</time></trkpt><trkpt lat="42.326400" lon="1.921153"><ele>1842.958</ele><time>2018-11-10T11:04:48Z</time></trkpt><trkpt lat="42.326379" lon="1.921095"><ele>1844.652</ele><time>2018-11-10T11:04:57Z</time></trkpt><trkpt lat="42.326298" lon="1.921026"><ele>1849.417</ele><time>2018-11-10T11:05:27Z</time></trkpt><trkpt lat="42.326232" lon="1.920955"><ele>1854.708</ele><time>2018-11-10T11:05:58Z</time></trkpt><trkpt lat="42.326170" lon="1.920864"><ele>1856.648</ele><time>2018-11-10T11:06:42Z</time></trkpt><trkpt lat="42.326174" lon="1.920803"><ele>1858.315</ele><time>2018-11-10T11:06:49Z</time></trkpt><trkpt lat="42.326165" lon="1.920741"><ele>1858.829</ele><time>2018-11-10T11:06:55Z</time></trkpt><trkpt lat="42.326176" lon="1.920678"><ele>1859.513</ele><time>2018-11-10T11:07:01Z</time></trkpt><trkpt lat="42.326177" lon="1.920616"><ele>1860.072</ele><time>2018-11-10T11:07:09Z</time></trkpt><trkpt lat="42.326180" lon="1.920551"><ele>1862.882</ele><time>2018-11-10T11:07:21Z</time></trkpt><trkpt lat="42.326190" lon="1.920485"><ele>1864.321</ele><time>2018-11-10T11:07:29Z</time></trkpt><trkpt lat="42.326168" lon="1.920431"><ele>1865.885</ele><time>2018-11-10T11:07:36Z</time></trkpt><trkpt lat="42.326176" lon="1.920369"><ele>1869.128</ele><time>2018-11-10T11:07:52Z</time></trkpt><trkpt lat="42.326130" lon="1.920351"><ele>1870.489</ele><time>2018-11-10T11:08:01Z</time></trkpt><trkpt lat="42.326068" lon="1.920347"><ele>1870.717</ele><time>2018-11-10T11:08:20Z</time></trkpt><trkpt lat="42.326075" lon="1.920281"><ele>1873.308</ele><time>2018-11-10T11:08:36Z</time></trkpt><trkpt lat="42.326038" lon="1.920112"><ele>1879.195</ele><time>2018-11-10T11:09:52Z</time></trkpt><trkpt lat="42.325995" lon="1.920081"><ele>1880.982</ele><time>2018-11-10T11:09:57Z</time></trkpt><trkpt lat="42.325954" lon="1.920049"><ele>1881.826</ele><time>2018-11-10T11:10:02Z</time></trkpt><trkpt lat="42.325910" lon="1.920019"><ele>1882.830</ele><time>2018-11-10T11:10:10Z</time></trkpt><trkpt lat="42.325863" lon="1.920006"><ele>1884.199</ele><time>2018-11-10T11:10:23Z</time></trkpt><trkpt lat="42.325840" lon="1.919949"><ele>1887.359</ele><time>2018-11-10T11:10:39Z</time></trkpt><trkpt lat="42.325815" lon="1.919883"><ele>1891.038</ele><time>2018-11-10T11:10:57Z</time></trkpt><trkpt lat="42.325769" lon="1.919862"><ele>1891.972</ele><time>2018-11-10T11:11:05Z</time></trkpt><trkpt lat="42.325735" lon="1.919821"><ele>1894.476</ele><time>2018-11-10T11:11:17Z</time></trkpt><trkpt lat="42.325737" lon="1.919755"><ele>1894.790</ele><time>2018-11-10T11:11:26Z</time></trkpt><trkpt lat="42.325735" lon="1.919692"><ele>1897.019</ele><time>2018-11-10T11:11:32Z</time></trkpt><trkpt lat="42.325737" lon="1.919617"><ele>1900.708</ele><time>2018-11-10T11:12:06Z</time></trkpt><trkpt lat="42.325737" lon="1.919555"><ele>1902.520</ele><time>2018-11-10T11:12:17Z</time></trkpt><trkpt lat="42.325740" lon="1.919489"><ele>1903.517</ele><time>2018-11-10T11:12:26Z</time></trkpt><trkpt lat="42.325698" lon="1.919451"><ele>1905.081</ele><time>2018-11-10T11:12:35Z</time></trkpt><trkpt lat="42.325654" lon="1.919429"><ele>1905.895</ele><time>2018-11-10T11:12:41Z</time></trkpt><trkpt lat="42.325580" lon="1.919366"><ele>1913.514</ele><time>2018-11-10T11:13:30Z</time></trkpt><trkpt lat="42.325555" lon="1.919301"><ele>1915.124</ele><time>2018-11-10T11:13:37Z</time></trkpt><trkpt lat="42.325533" lon="1.919196"><ele>1919.153</ele><time>2018-11-10T11:14:02Z</time></trkpt><trkpt lat="42.325489" lon="1.919172"><ele>1920.167</ele><time>2018-11-10T11:14:11Z</time></trkpt><trkpt lat="42.325450" lon="1.919130"><ele>1921.958</ele><time>2018-11-10T11:14:20Z</time></trkpt><trkpt lat="42.325447" lon="1.919055"><ele>1926.152</ele><time>2018-11-10T11:14:49Z</time></trkpt><trkpt lat="42.325412" lon="1.919013"><ele>1928.417</ele><time>2018-11-10T11:15:00Z</time></trkpt><trkpt lat="42.325358" lon="1.918958"><ele>1930.608</ele><time>2018-11-10T11:15:10Z</time></trkpt><trkpt lat="42.325342" lon="1.918895"><ele>1933.318</ele><time>2018-11-10T11:15:35Z</time></trkpt><trkpt lat="42.325333" lon="1.918813"><ele>1934.735</ele><time>2018-11-10T11:16:38Z</time></trkpt><trkpt lat="42.325299" lon="1.918771"><ele>1938.019</ele><time>2018-11-10T11:16:56Z</time></trkpt><trkpt lat="42.325259" lon="1.918732"><ele>1939.533</ele><time>2018-11-10T11:17:03Z</time></trkpt><trkpt lat="42.325181" lon="1.918642"><ele>1948.682</ele><time>2018-11-10T11:17:52Z</time></trkpt><trkpt lat="42.325152" lon="1.918581"><ele>1950.712</ele><time>2018-11-10T11:18:00Z</time></trkpt><trkpt lat="42.325133" lon="1.918523"><ele>1951.411</ele><time>2018-11-10T11:18:04Z</time></trkpt><trkpt lat="42.325124" lon="1.918463"><ele>1951.515</ele><time>2018-11-10T11:18:10Z</time></trkpt><trkpt lat="42.325095" lon="1.918405"><ele>1953.036</ele><time>2018-11-10T11:18:17Z</time></trkpt><trkpt lat="42.325086" lon="1.918345"><ele>1954.417</ele><time>2018-11-10T11:18:27Z</time></trkpt><trkpt lat="42.325072" lon="1.918286"><ele>1958.918</ele><time>2018-11-10T11:19:05Z</time></trkpt><trkpt lat="42.325054" lon="1.918229"><ele>1959.608</ele><time>2018-11-10T11:19:12Z</time></trkpt><trkpt lat="42.325082" lon="1.918174"><ele>1962.226</ele><time>2018-11-10T11:19:22Z</time></trkpt><trkpt lat="42.325123" lon="1.918129"><ele>1963.933</ele><time>2018-11-10T11:19:34Z</time></trkpt><trkpt lat="42.325139" lon="1.918067"><ele>1965.987</ele><time>2018-11-10T11:20:06Z</time></trkpt><trkpt lat="42.325160" lon="1.918011"><ele>1967.051</ele><time>2018-11-10T11:20:15Z</time></trkpt><trkpt lat="42.325165" lon="1.917948"><ele>1968.750</ele><time>2018-11-10T11:20:26Z</time></trkpt><trkpt lat="42.325187" lon="1.917893"><ele>1969.860</ele><time>2018-11-10T11:20:38Z</time></trkpt><trkpt lat="42.325224" lon="1.917843"><ele>1972.659</ele><time>2018-11-10T11:20:46Z</time></trkpt><trkpt lat="42.325272" lon="1.917817"><ele>1973.613</ele><time>2018-11-10T11:21:44Z</time></trkpt><trkpt lat="42.325292" lon="1.917758"><ele>1974.177</ele><time>2018-11-10T11:21:52Z</time></trkpt><trkpt lat="42.325321" lon="1.917702"><ele>1974.861</ele><time>2018-11-10T11:21:59Z</time></trkpt><trkpt lat="42.325351" lon="1.917651"><ele>1976.127</ele><time>2018-11-10T11:22:06Z</time></trkpt><trkpt lat="42.325380" lon="1.917599"><ele>1976.708</ele><time>2018-11-10T11:22:11Z</time></trkpt><trkpt lat="42.325412" lon="1.917545"><ele>1976.790</ele><time>2018-11-10T11:22:18Z</time></trkpt><trkpt lat="42.325443" lon="1.917498"><ele>1978.817</ele><time>2018-11-10T11:22:27Z</time></trkpt><trkpt lat="42.325457" lon="1.917426"><ele>1978.261</ele><time>2018-11-10T11:22:35Z</time></trkpt><trkpt lat="42.325479" lon="1.917372"><ele>1979.055</ele><time>2018-11-10T11:22:42Z</time></trkpt><trkpt lat="42.325489" lon="1.917309"><ele>1979.094</ele><time>2018-11-10T11:22:50Z</time></trkpt><trkpt lat="42.325487" lon="1.917244"><ele>1980.384</ele><time>2018-11-10T11:22:57Z</time></trkpt><trkpt lat="42.325528" lon="1.917211"><ele>1980.743</ele><time>2018-11-10T11:23:20Z</time></trkpt><trkpt lat="42.325550" lon="1.917154"><ele>1981.057</ele><time>2018-11-10T11:23:26Z</time></trkpt><trkpt lat="42.325562" lon="1.917089"><ele>1982.613</ele><time>2018-11-10T11:23:32Z</time></trkpt><trkpt lat="42.325577" lon="1.917028"><ele>1982.243</ele><time>2018-11-10T11:23:40Z</time></trkpt><trkpt lat="42.325598" lon="1.916974"><ele>1983.007</ele><time>2018-11-10T11:23:52Z</time></trkpt><trkpt lat="42.325621" lon="1.916916"><ele>1982.908</ele><time>2018-11-10T11:23:59Z</time></trkpt><trkpt lat="42.325657" lon="1.916869"><ele>1984.294</ele><time>2018-11-10T11:24:06Z</time></trkpt><trkpt lat="42.325696" lon="1.916833"><ele>1985.381</ele><time>2018-11-10T11:24:11Z</time></trkpt><trkpt lat="42.325733" lon="1.916798"><ele>1984.555</ele><time>2018-11-10T11:24:16Z</time></trkpt><trkpt lat="42.325785" lon="1.916772"><ele>1987.029</ele><time>2018-11-10T11:24:21Z</time></trkpt><trkpt lat="42.325829" lon="1.916750"><ele>1987.228</ele><time>2018-11-10T11:24:31Z</time></trkpt><trkpt lat="42.325864" lon="1.916708"><ele>1986.648</ele><time>2018-11-10T11:24:40Z</time></trkpt><trkpt lat="42.325903" lon="1.916674"><ele>1988.367</ele><time>2018-11-10T11:24:48Z</time></trkpt><trkpt lat="42.325937" lon="1.916624"><ele>1989.371</ele><time>2018-11-10T11:24:56Z</time></trkpt><trkpt lat="42.325980" lon="1.916586"><ele>1989.942</ele><time>2018-11-10T11:25:05Z</time></trkpt><trkpt lat="42.326022" lon="1.916563"><ele>1990.122</ele><time>2018-11-10T11:25:11Z</time></trkpt><trkpt lat="42.326066" lon="1.916542"><ele>1990.414</ele><time>2018-11-10T11:25:19Z</time></trkpt><trkpt lat="42.326106" lon="1.916515"><ele>1991.308</ele><time>2018-11-10T11:25:27Z</time></trkpt><trkpt lat="42.326157" lon="1.916502"><ele>1991.617</ele><time>2018-11-10T11:25:37Z</time></trkpt><trkpt lat="42.326194" lon="1.916459"><ele>1993.484</ele><time>2018-11-10T11:26:09Z</time></trkpt><trkpt lat="42.326256" lon="1.916425"><ele>1994.518</ele><time>2018-11-10T11:26:26Z</time></trkpt><trkpt lat="42.326324" lon="1.916421"><ele>1997.372</ele><time>2018-11-10T11:26:46Z</time></trkpt><trkpt lat="42.326368" lon="1.916396"><ele>1999.371</ele><time>2018-11-10T11:27:00Z</time></trkpt><trkpt lat="42.326412" lon="1.916383"><ele>1999.981</ele><time>2018-11-10T11:27:11Z</time></trkpt><trkpt lat="42.326458" lon="1.916364"><ele>2002.920</ele><time>2018-11-10T11:27:22Z</time></trkpt><trkpt lat="42.326504" lon="1.916359"><ele>2004.864</ele><time>2018-11-10T11:27:53Z</time></trkpt><trkpt lat="42.326540" lon="1.916319"><ele>2005.161</ele><time>2018-11-10T11:28:01Z</time></trkpt><trkpt lat="42.326587" lon="1.916274"><ele>2007.521</ele><time>2018-11-10T11:28:17Z</time></trkpt><trkpt lat="42.326621" lon="1.916222"><ele>2008.513</ele><time>2018-11-10T11:28:26Z</time></trkpt><trkpt lat="42.326660" lon="1.916181"><ele>2009.208</ele><time>2018-11-10T11:28:36Z</time></trkpt><trkpt lat="42.326702" lon="1.916151"><ele>2011.619</ele><time>2018-11-10T11:28:45Z</time></trkpt><trkpt lat="42.326727" lon="1.916096"><ele>2012.156</ele><time>2018-11-10T11:28:55Z</time></trkpt><trkpt lat="42.326773" lon="1.916065"><ele>2013.130</ele><time>2018-11-10T11:29:03Z</time></trkpt><trkpt lat="42.326818" lon="1.916045"><ele>2013.734</ele><time>2018-11-10T11:29:08Z</time></trkpt><trkpt lat="42.326860" lon="1.916009"><ele>2014.233</ele><time>2018-11-10T11:29:15Z</time></trkpt><trkpt lat="42.326904" lon="1.915977"><ele>2015.743</ele><time>2018-11-10T11:29:23Z</time></trkpt><trkpt lat="42.326944" lon="1.915940"><ele>2016.932</ele><time>2018-11-10T11:29:33Z</time></trkpt><trkpt lat="42.326991" lon="1.915914"><ele>2017.686</ele><time>2018-11-10T11:29:40Z</time></trkpt><trkpt lat="42.327037" lon="1.915887"><ele>2018.924</ele><time>2018-11-10T11:29:51Z</time></trkpt><trkpt lat="42.327087" lon="1.915863"><ele>2019.504</ele><time>2018-11-10T11:29:57Z</time></trkpt><trkpt lat="42.327133" lon="1.915846"><ele>2020.014</ele><time>2018-11-10T11:30:03Z</time></trkpt><trkpt lat="42.327183" lon="1.915825"><ele>2021.008</ele><time>2018-11-10T11:30:09Z</time></trkpt><trkpt lat="42.327211" lon="1.915776"><ele>2023.395</ele><time>2018-11-10T11:30:25Z</time></trkpt><trkpt lat="42.327247" lon="1.915736"><ele>2024.732</ele><time>2018-11-10T11:30:34Z</time></trkpt><trkpt lat="42.327266" lon="1.915675"><ele>2025.226</ele><time>2018-11-10T11:30:47Z</time></trkpt><trkpt lat="42.327307" lon="1.915642"><ele>2027.510</ele><time>2018-11-10T11:30:58Z</time></trkpt><trkpt lat="42.327345" lon="1.915600"><ele>2027.479</ele><time>2018-11-10T11:31:08Z</time></trkpt><trkpt lat="42.327382" lon="1.915565"><ele>2028.869</ele><time>2018-11-10T11:31:18Z</time></trkpt><trkpt lat="42.327417" lon="1.915520"><ele>2030.798</ele><time>2018-11-10T11:31:29Z</time></trkpt><trkpt lat="42.327450" lon="1.915475"><ele>2031.732</ele><time>2018-11-10T11:31:43Z</time></trkpt><trkpt lat="42.327464" lon="1.915417"><ele>2033.846</ele><time>2018-11-10T11:32:00Z</time></trkpt><trkpt lat="42.327447" lon="1.915356"><ele>2036.488</ele><time>2018-11-10T11:32:10Z</time></trkpt><trkpt lat="42.327468" lon="1.915296"><ele>2036.816</ele><time>2018-11-10T11:32:19Z</time></trkpt><trkpt lat="42.327513" lon="1.915273"><ele>2037.908</ele><time>2018-11-10T11:32:29Z</time></trkpt><trkpt lat="42.327556" lon="1.915238"><ele>2038.217</ele><time>2018-11-10T11:32:36Z</time></trkpt><trkpt lat="42.327582" lon="1.915185"><ele>2038.954</ele><time>2018-11-10T11:32:43Z</time></trkpt><trkpt lat="42.327588" lon="1.915124"><ele>2040.128</ele><time>2018-11-10T11:32:51Z</time></trkpt><trkpt lat="42.327543" lon="1.915084"><ele>2042.172</ele><time>2018-11-10T11:34:21Z</time></trkpt><trkpt lat="42.327565" lon="1.915022"><ele>2043.441</ele><time>2018-11-10T11:34:31Z</time></trkpt><trkpt lat="42.327579" lon="1.914958"><ele>2044.861</ele><time>2018-11-10T11:34:41Z</time></trkpt><trkpt lat="42.327619" lon="1.914925"><ele>2045.840</ele><time>2018-11-10T11:34:47Z</time></trkpt><trkpt lat="42.327657" lon="1.914891"><ele>2046.814</ele><time>2018-11-10T11:34:53Z</time></trkpt><trkpt lat="42.327694" lon="1.914846"><ele>2047.913</ele><time>2018-11-10T11:34:58Z</time></trkpt><trkpt lat="42.327722" lon="1.914798"><ele>2049.643</ele><time>2018-11-10T11:35:07Z</time></trkpt><trkpt lat="42.327745" lon="1.914741"><ele>2052.107</ele><time>2018-11-10T11:35:27Z</time></trkpt><trkpt lat="42.327791" lon="1.914716"><ele>2053.308</ele><time>2018-11-10T11:35:33Z</time></trkpt><trkpt lat="42.327844" lon="1.914667"><ele>2055.544</ele><time>2018-11-10T11:35:53Z</time></trkpt><trkpt lat="42.327892" lon="1.914647"><ele>2056.511</ele><time>2018-11-10T11:36:01Z</time></trkpt><trkpt lat="42.327944" lon="1.914647"><ele>2058.695</ele><time>2018-11-10T11:36:37Z</time></trkpt><trkpt lat="42.327987" lon="1.914613"><ele>2059.519</ele><time>2018-11-10T11:36:42Z</time></trkpt><trkpt lat="42.328027" lon="1.914579"><ele>2060.468</ele><time>2018-11-10T11:36:47Z</time></trkpt><trkpt lat="42.328064" lon="1.914542"><ele>2061.068</ele><time>2018-11-10T11:36:53Z</time></trkpt><trkpt lat="42.328102" lon="1.914509"><ele>2062.337</ele><time>2018-11-10T11:36:58Z</time></trkpt><trkpt lat="42.328145" lon="1.914465"><ele>2064.581</ele><time>2018-11-10T11:37:15Z</time></trkpt><trkpt lat="42.328187" lon="1.914435"><ele>2066.358</ele><time>2018-11-10T11:37:46Z</time></trkpt><trkpt lat="42.328230" lon="1.914417"><ele>2067.352</ele><time>2018-11-10T11:37:55Z</time></trkpt><trkpt lat="42.328283" lon="1.914413"><ele>2068.317</ele><time>2018-11-10T11:38:01Z</time></trkpt><trkpt lat="42.328328" lon="1.914421"><ele>2069.308</ele><time>2018-11-10T11:38:31Z</time></trkpt><trkpt lat="42.328374" lon="1.914398"><ele>2070.538</ele><time>2018-11-10T11:38:38Z</time></trkpt><trkpt lat="42.328420" lon="1.914374"><ele>2072.235</ele><time>2018-11-10T11:38:45Z</time></trkpt><trkpt lat="42.328468" lon="1.914350"><ele>2072.949</ele><time>2018-11-10T11:38:54Z</time></trkpt><trkpt lat="42.328516" lon="1.914326"><ele>2072.493</ele><time>2018-11-10T11:38:59Z</time></trkpt><trkpt lat="42.328562" lon="1.914313"><ele>2074.132</ele><time>2018-11-10T11:39:04Z</time></trkpt><trkpt lat="42.328615" lon="1.914296"><ele>2076.862</ele><time>2018-11-10T11:39:20Z</time></trkpt><trkpt lat="42.328667" lon="1.914310"><ele>2076.261</ele><time>2018-11-10T11:39:25Z</time></trkpt><trkpt lat="42.328713" lon="1.914274"><ele>2077.725</ele><time>2018-11-10T11:39:47Z</time></trkpt><trkpt lat="42.328783" lon="1.914256"><ele>2080.658</ele><time>2018-11-10T11:40:17Z</time></trkpt><trkpt lat="42.328831" lon="1.914242"><ele>2080.252</ele><time>2018-11-10T11:40:23Z</time></trkpt><trkpt lat="42.328884" lon="1.914233"><ele>2081.617</ele><time>2018-11-10T11:40:28Z</time></trkpt><trkpt lat="42.328925" lon="1.914187"><ele>2082.008</ele><time>2018-11-10T11:40:34Z</time></trkpt><trkpt lat="42.328969" lon="1.914162"><ele>2082.098</ele><time>2018-11-10T11:40:37Z</time></trkpt><trkpt lat="42.329015" lon="1.914137"><ele>2083.015</ele><time>2018-11-10T11:40:40Z</time></trkpt><trkpt lat="42.329061" lon="1.914119"><ele>2083.679</ele><time>2018-11-10T11:40:45Z</time></trkpt><trkpt lat="42.329083" lon="1.914060"><ele>2084.533</ele><time>2018-11-10T11:40:53Z</time></trkpt><trkpt lat="42.329121" lon="1.914016"><ele>2084.242</ele><time>2018-11-10T11:41:00Z</time></trkpt><trkpt lat="42.329165" lon="1.913985"><ele>2085.792</ele><time>2018-11-10T11:41:07Z</time></trkpt><trkpt lat="42.329208" lon="1.913956"><ele>2086.771</ele><time>2018-11-10T11:41:13Z</time></trkpt><trkpt lat="42.329242" lon="1.913905"><ele>2086.945</ele><time>2018-11-10T11:41:20Z</time></trkpt><trkpt lat="42.329272" lon="1.913859"><ele>2087.714</ele><time>2018-11-10T11:41:27Z</time></trkpt><trkpt lat="42.329297" lon="1.913804"><ele>2089.054</ele><time>2018-11-10T11:41:36Z</time></trkpt><trkpt lat="42.329311" lon="1.913746"><ele>2088.809</ele><time>2018-11-10T11:41:43Z</time></trkpt><trkpt lat="42.329340" lon="1.913689"><ele>2090.708</ele><time>2018-11-10T11:41:50Z</time></trkpt><trkpt lat="42.329368" lon="1.913634"><ele>2091.434</ele><time>2018-11-10T11:41:56Z</time></trkpt><trkpt lat="42.329408" lon="1.913601"><ele>2092.111</ele><time>2018-11-10T11:42:07Z</time></trkpt><trkpt lat="42.329453" lon="1.913568"><ele>2092.475</ele><time>2018-11-10T11:42:14Z</time></trkpt><trkpt lat="42.329491" lon="1.913531"><ele>2093.049</ele><time>2018-11-10T11:42:20Z</time></trkpt><trkpt lat="42.329530" lon="1.913501"><ele>2095.038</ele><time>2018-11-10T11:42:26Z</time></trkpt><trkpt lat="42.329572" lon="1.913467"><ele>2096.588</ele><time>2018-11-10T11:42:37Z</time></trkpt><trkpt lat="42.329600" lon="1.913415"><ele>2098.367</ele><time>2018-11-10T11:42:47Z</time></trkpt><trkpt lat="42.329640" lon="1.913374"><ele>2100.421</ele><time>2018-11-10T11:42:56Z</time></trkpt><trkpt lat="42.329685" lon="1.913353"><ele>2101.352</ele><time>2018-11-10T11:43:02Z</time></trkpt><trkpt lat="42.329725" lon="1.913320"><ele>2102.753</ele><time>2018-11-10T11:43:10Z</time></trkpt><trkpt lat="42.329760" lon="1.913275"><ele>2103.808</ele><time>2018-11-10T11:43:22Z</time></trkpt><trkpt lat="42.329786" lon="1.913222"><ele>2106.108</ele><time>2018-11-10T11:43:35Z</time></trkpt><trkpt lat="42.329793" lon="1.913161"><ele>2108.998</ele><time>2018-11-10T11:43:50Z</time></trkpt><trkpt lat="42.329827" lon="1.913114"><ele>2110.125</ele><time>2018-11-10T11:44:00Z</time></trkpt><trkpt lat="42.329860" lon="1.913070"><ele>2111.959</ele><time>2018-11-10T11:44:12Z</time></trkpt><trkpt lat="42.329900" lon="1.913038"><ele>2113.973</ele><time>2018-11-10T11:44:24Z</time></trkpt><trkpt lat="42.329945" lon="1.913025"><ele>2114.522</ele><time>2018-11-10T11:44:33Z</time></trkpt><trkpt lat="42.329989" lon="1.913005"><ele>2117.262</ele><time>2018-11-10T11:44:43Z</time></trkpt><trkpt lat="42.330034" lon="1.913005"><ele>2118.221</ele><time>2018-11-10T11:44:50Z</time></trkpt><trkpt lat="42.330082" lon="1.913008"><ele>2119.355</ele><time>2018-11-10T11:44:58Z</time></trkpt><trkpt lat="42.330126" lon="1.913035"><ele>2123.284</ele><time>2018-11-10T11:45:18Z</time></trkpt><trkpt lat="42.330171" lon="1.913058"><ele>2123.407</ele><time>2018-11-10T11:45:28Z</time></trkpt><trkpt lat="42.330212" lon="1.913088"><ele>2124.417</ele><time>2018-11-10T11:45:37Z</time></trkpt><trkpt lat="42.330257" lon="1.913097"><ele>2125.808</ele><time>2018-11-10T11:45:45Z</time></trkpt><trkpt lat="42.330300" lon="1.913122"><ele>2127.481</ele><time>2018-11-10T11:45:55Z</time></trkpt><trkpt lat="42.330344" lon="1.913143"><ele>2128.148</ele><time>2018-11-10T11:46:08Z</time></trkpt><trkpt lat="42.330387" lon="1.913116"><ele>2129.972</ele><time>2018-11-10T11:46:20Z</time></trkpt><trkpt lat="42.330399" lon="1.913055"><ele>2129.286</ele><time>2018-11-10T11:46:36Z</time></trkpt><trkpt lat="42.330431" lon="1.913009"><ele>2128.835</ele><time>2018-11-10T11:47:12Z</time></trkpt><trkpt lat="42.330440" lon="1.912946"><ele>2129.445</ele><time>2018-11-10T11:47:19Z</time></trkpt><trkpt lat="42.330463" lon="1.912892"><ele>2130.854</ele><time>2018-11-10T11:47:27Z</time></trkpt><trkpt lat="42.330470" lon="1.912825"><ele>2130.618</ele><time>2018-11-10T11:47:36Z</time></trkpt><trkpt lat="42.330491" lon="1.912770"><ele>2132.427</ele><time>2018-11-10T11:47:44Z</time></trkpt><trkpt lat="42.330522" lon="1.912719"><ele>2132.468</ele><time>2018-11-10T11:48:04Z</time></trkpt><trkpt lat="42.330494" lon="1.912681"><ele>2131.414</ele><time>2018-11-10T11:52:04Z</time></trkpt><trkpt lat="42.330480" lon="1.912611"><ele>2133.108</ele><time>2018-11-10T11:52:53Z</time></trkpt><trkpt lat="42.330462" lon="1.912553"><ele>2135.095</ele><time>2018-11-10T11:53:03Z</time></trkpt><trkpt lat="42.330437" lon="1.912475"><ele>2137.732</ele><time>2018-11-10T11:53:19Z</time></trkpt><trkpt lat="42.330427" lon="1.912410"><ele>2139.796</ele><time>2018-11-10T11:53:32Z</time></trkpt><trkpt lat="42.330412" lon="1.912352"><ele>2141.130</ele><time>2018-11-10T11:53:42Z</time></trkpt><trkpt lat="42.330397" lon="1.912279"><ele>2143.689</ele><time>2018-11-10T11:54:00Z</time></trkpt><trkpt lat="42.330371" lon="1.912206"><ele>2145.599</ele><time>2018-11-10T11:54:11Z</time></trkpt><trkpt lat="42.330354" lon="1.912149"><ele>2148.078</ele><time>2018-11-10T11:54:26Z</time></trkpt><trkpt lat="42.330329" lon="1.912096"><ele>2148.942</ele><time>2018-11-10T11:54:34Z</time></trkpt><trkpt lat="42.330291" lon="1.912056"><ele>2151.927</ele><time>2018-11-10T11:54:48Z</time></trkpt><trkpt lat="42.330262" lon="1.912009"><ele>2153.268</ele><time>2018-11-10T11:55:01Z</time></trkpt><trkpt lat="42.330215" lon="1.911953"><ele>2156.514</ele><time>2018-11-10T11:55:16Z</time></trkpt><trkpt lat="42.330177" lon="1.911917"><ele>2156.108</ele><time>2018-11-10T11:55:24Z</time></trkpt><trkpt lat="42.330145" lon="1.911868"><ele>2157.425</ele><time>2018-11-10T11:55:34Z</time></trkpt><trkpt lat="42.330104" lon="1.911838"><ele>2158.152</ele><time>2018-11-10T11:55:44Z</time></trkpt><trkpt lat="42.330058" lon="1.911815"><ele>2160.616</ele><time>2018-11-10T11:55:55Z</time></trkpt><trkpt lat="42.330013" lon="1.911788"><ele>2162.530</ele><time>2018-11-10T11:56:04Z</time></trkpt><trkpt lat="42.329969" lon="1.911765"><ele>2164.999</ele><time>2018-11-10T11:56:23Z</time></trkpt><trkpt lat="42.329921" lon="1.911752"><ele>2164.679</ele><time>2018-11-10T11:56:34Z</time></trkpt><trkpt lat="42.329873" lon="1.911737"><ele>2166.188</ele><time>2018-11-10T11:56:43Z</time></trkpt><trkpt lat="42.329824" lon="1.911723"><ele>2168.562</ele><time>2018-11-10T11:56:57Z</time></trkpt><trkpt lat="42.329779" lon="1.911724"><ele>2169.376</ele><time>2018-11-10T11:57:06Z</time></trkpt><trkpt lat="42.329733" lon="1.911728"><ele>2172.390</ele><time>2018-11-10T11:57:19Z</time></trkpt><trkpt lat="42.329684" lon="1.911724"><ele>2172.619</ele><time>2018-11-10T11:57:31Z</time></trkpt><trkpt lat="42.329634" lon="1.911722"><ele>2175.508</ele><time>2018-11-10T11:57:41Z</time></trkpt><trkpt lat="42.329584" lon="1.911727"><ele>2176.460</ele><time>2018-11-10T11:57:49Z</time></trkpt><trkpt lat="42.329524" lon="1.911735"><ele>2178.087</ele><time>2018-11-10T11:58:03Z</time></trkpt><trkpt lat="42.329477" lon="1.911728"><ele>2178.361</ele><time>2018-11-10T11:58:13Z</time></trkpt><trkpt lat="42.329431" lon="1.911740"><ele>2180.215</ele><time>2018-11-10T11:58:21Z</time></trkpt><trkpt lat="42.329378" lon="1.911748"><ele>2182.264</ele><time>2018-11-10T11:58:36Z</time></trkpt><trkpt lat="42.329327" lon="1.911749"><ele>2184.694</ele><time>2018-11-10T11:58:45Z</time></trkpt><trkpt lat="42.329269" lon="1.911757"><ele>2186.123</ele><time>2018-11-10T11:58:54Z</time></trkpt><trkpt lat="42.329222" lon="1.911755"><ele>2186.777</ele><time>2018-11-10T11:59:01Z</time></trkpt><trkpt lat="42.329174" lon="1.911760"><ele>2186.633</ele><time>2018-11-10T12:01:30Z</time></trkpt><trkpt lat="42.329167" lon="1.911693"><ele>2188.523</ele><time>2018-11-10T12:01:36Z</time></trkpt><trkpt lat="42.329151" lon="1.911626"><ele>2189.615</ele><time>2018-11-10T12:01:41Z</time></trkpt><trkpt lat="42.329131" lon="1.911561"><ele>2191.708</ele><time>2018-11-10T12:01:55Z</time></trkpt><trkpt lat="42.329105" lon="1.911510"><ele>2193.786</ele><time>2018-11-10T12:02:05Z</time></trkpt><trkpt lat="42.329109" lon="1.911443"><ele>2194.763</ele><time>2018-11-10T12:02:13Z</time></trkpt><trkpt lat="42.329109" lon="1.911375"><ele>2195.637</ele><time>2018-11-10T12:02:24Z</time></trkpt><trkpt lat="42.329119" lon="1.911312"><ele>2200.641</ele><time>2018-11-10T12:03:16Z</time></trkpt><trkpt lat="42.329135" lon="1.911252"><ele>2202.910</ele><time>2018-11-10T12:03:28Z</time></trkpt><trkpt lat="42.329162" lon="1.911201"><ele>2203.970</ele><time>2018-11-10T12:03:39Z</time></trkpt><trkpt lat="42.329164" lon="1.911138"><ele>2205.189</ele><time>2018-11-10T12:04:03Z</time></trkpt><trkpt lat="42.329181" lon="1.911080"><ele>2207.083</ele><time>2018-11-10T12:04:15Z</time></trkpt><trkpt lat="42.329208" lon="1.911031"><ele>2210.863</ele><time>2018-11-10T12:04:28Z</time></trkpt><trkpt lat="42.329225" lon="1.910972"><ele>2212.144</ele><time>2018-11-10T12:04:40Z</time></trkpt><trkpt lat="42.329240" lon="1.910903"><ele>2214.118</ele><time>2018-11-10T12:04:56Z</time></trkpt><trkpt lat="42.329273" lon="1.910854"><ele>2215.708</ele><time>2018-11-10T12:06:02Z</time></trkpt><trkpt lat="42.329297" lon="1.910795"><ele>2216.119</ele><time>2018-11-10T12:06:17Z</time></trkpt><trkpt lat="42.329330" lon="1.910747"><ele>2218.476</ele><time>2018-11-10T12:06:26Z</time></trkpt><trkpt lat="42.329358" lon="1.910691"><ele>2220.480</ele><time>2018-11-10T12:06:37Z</time></trkpt><trkpt lat="42.329383" lon="1.910632"><ele>2222.094</ele><time>2018-11-10T12:06:45Z</time></trkpt><trkpt lat="42.329408" lon="1.910577"><ele>2221.883</ele><time>2018-11-10T12:06:54Z</time></trkpt><trkpt lat="42.329433" lon="1.910518"><ele>2224.173</ele><time>2018-11-10T12:07:06Z</time></trkpt><trkpt lat="42.329434" lon="1.910454"><ele>2225.082</ele><time>2018-11-10T12:07:18Z</time></trkpt><trkpt lat="42.329477" lon="1.910395"><ele>2225.366</ele><time>2018-11-10T12:07:32Z</time></trkpt><trkpt lat="42.329503" lon="1.910336"><ele>2228.213</ele><time>2018-11-10T12:07:43Z</time></trkpt><trkpt lat="42.329537" lon="1.910257"><ele>2228.743</ele><time>2018-11-10T12:08:30Z</time></trkpt><trkpt lat="42.329576" lon="1.910219"><ele>2230.707</ele><time>2018-11-10T12:08:44Z</time></trkpt><trkpt lat="42.329601" lon="1.910164"><ele>2230.608</ele><time>2018-11-10T12:11:39Z</time></trkpt><trkpt lat="42.329617" lon="1.910107"><ele>2231.064</ele><time>2018-11-10T12:11:46Z</time></trkpt><trkpt lat="42.329637" lon="1.910052"><ele>2232.631</ele><time>2018-11-10T12:11:54Z</time></trkpt><trkpt lat="42.329649" lon="1.909992"><ele>2234.145</ele><time>2018-11-10T12:12:05Z</time></trkpt><trkpt lat="42.329663" lon="1.909931"><ele>2235.239</ele><time>2018-11-10T12:12:15Z</time></trkpt><trkpt lat="42.329673" lon="1.909863"><ele>2236.918</ele><time>2018-11-10T12:12:25Z</time></trkpt><trkpt lat="42.329680" lon="1.909799"><ele>2239.338</ele><time>2018-11-10T12:12:32Z</time></trkpt><trkpt lat="42.329688" lon="1.909735"><ele>2241.827</ele><time>2018-11-10T12:12:47Z</time></trkpt><trkpt lat="42.329685" lon="1.909671"><ele>2243.131</ele><time>2018-11-10T12:12:57Z</time></trkpt><trkpt lat="42.329687" lon="1.909602"><ele>2244.511</ele><time>2018-11-10T12:13:25Z</time></trkpt><trkpt lat="42.329694" lon="1.909539"><ele>2246.021</ele><time>2018-11-10T12:13:36Z</time></trkpt><trkpt lat="42.329704" lon="1.909480"><ele>2247.803</ele><time>2018-11-10T12:13:43Z</time></trkpt><trkpt lat="42.329719" lon="1.909418"><ele>2247.908</ele><time>2018-11-10T12:13:52Z</time></trkpt><trkpt lat="42.329730" lon="1.909352"><ele>2250.524</ele><time>2018-11-10T12:14:01Z</time></trkpt><trkpt lat="42.329721" lon="1.909289"><ele>2253.131</ele><time>2018-11-10T12:14:21Z</time></trkpt><trkpt lat="42.329714" lon="1.909226"><ele>2254.715</ele><time>2018-11-10T12:14:35Z</time></trkpt><trkpt lat="42.329711" lon="1.909164"><ele>2255.619</ele><time>2018-11-10T12:14:42Z</time></trkpt><trkpt lat="42.329714" lon="1.909101"><ele>2257.268</ele><time>2018-11-10T12:14:57Z</time></trkpt><trkpt lat="42.329696" lon="1.909031"><ele>2257.028</ele><time>2018-11-10T12:15:04Z</time></trkpt><trkpt lat="42.329676" lon="1.908972"><ele>2258.887</ele><time>2018-11-10T12:15:09Z</time></trkpt><trkpt lat="42.329668" lon="1.908907"><ele>2259.091</ele><time>2018-11-10T12:15:15Z</time></trkpt><trkpt lat="42.329655" lon="1.908845"><ele>2259.934</ele><time>2018-11-10T12:15:41Z</time></trkpt><trkpt lat="42.329645" lon="1.908777"><ele>2260.655</ele><time>2018-11-10T12:15:48Z</time></trkpt><trkpt lat="42.329633" lon="1.908718"><ele>2261.810</ele><time>2018-11-10T12:15:55Z</time></trkpt><trkpt lat="42.329603" lon="1.908631"><ele>2261.108</ele><time>2018-11-10T12:16:05Z</time></trkpt><trkpt lat="42.329599" lon="1.908566"><ele>2261.486</ele><time>2018-11-10T12:16:11Z</time></trkpt><trkpt lat="42.329600" lon="1.908496"><ele>2263.493</ele><time>2018-11-10T12:16:17Z</time></trkpt><trkpt lat="42.329589" lon="1.908430"><ele>2263.627</ele><time>2018-11-10T12:16:26Z</time></trkpt><trkpt lat="42.329574" lon="1.908365"><ele>2263.931</ele><time>2018-11-10T12:16:36Z</time></trkpt><trkpt lat="42.329554" lon="1.908296"><ele>2267.510</ele><time>2018-11-10T12:16:45Z</time></trkpt><trkpt lat="42.329533" lon="1.908206"><ele>2269.110</ele><time>2018-11-10T12:16:57Z</time></trkpt><trkpt lat="42.329515" lon="1.908148"><ele>2268.729</ele><time>2018-11-10T12:17:03Z</time></trkpt><trkpt lat="42.329494" lon="1.908052"><ele>2269.043</ele><time>2018-11-10T12:17:17Z</time></trkpt><trkpt lat="42.329469" lon="1.908001"><ele>2271.893</ele><time>2018-11-10T12:17:23Z</time></trkpt><trkpt lat="42.329464" lon="1.907924"><ele>2270.965</ele><time>2018-11-10T12:17:31Z</time></trkpt><trkpt lat="42.329451" lon="1.907855"><ele>2271.821</ele><time>2018-11-10T12:17:38Z</time></trkpt><trkpt lat="42.329436" lon="1.907788"><ele>2273.208</ele><time>2018-11-10T12:17:45Z</time></trkpt><trkpt lat="42.329413" lon="1.907730"><ele>2273.692</ele><time>2018-11-10T12:17:53Z</time></trkpt><trkpt lat="42.329390" lon="1.907670"><ele>2275.149</ele><time>2018-11-10T12:18:00Z</time></trkpt><trkpt lat="42.329377" lon="1.907607"><ele>2277.063</ele><time>2018-11-10T12:18:06Z</time></trkpt><trkpt lat="42.329357" lon="1.907552"><ele>2277.977</ele><time>2018-11-10T12:18:14Z</time></trkpt><trkpt lat="42.329333" lon="1.907496"><ele>2278.646</ele><time>2018-11-10T12:18:29Z</time></trkpt><trkpt lat="42.329304" lon="1.907440"><ele>2279.556</ele><time>2018-11-10T12:18:37Z</time></trkpt><trkpt lat="42.329265" lon="1.907390"><ele>2280.575</ele><time>2018-11-10T12:18:46Z</time></trkpt><trkpt lat="42.329238" lon="1.907329"><ele>2282.819</ele><time>2018-11-10T12:18:55Z</time></trkpt><trkpt lat="42.329210" lon="1.907272"><ele>2283.362</ele><time>2018-11-10T12:19:05Z</time></trkpt><trkpt lat="42.329188" lon="1.907209"><ele>2285.383</ele><time>2018-11-10T12:19:13Z</time></trkpt><trkpt lat="42.329161" lon="1.907154"><ele>2285.211</ele><time>2018-11-10T12:19:23Z</time></trkpt><trkpt lat="42.329143" lon="1.907092"><ele>2287.408</ele><time>2018-11-10T12:19:34Z</time></trkpt><trkpt lat="42.329116" lon="1.907038"><ele>2286.879</ele><time>2018-11-10T12:19:42Z</time></trkpt><trkpt lat="42.329092" lon="1.906980"><ele>2289.076</ele><time>2018-11-10T12:19:52Z</time></trkpt><trkpt lat="42.329063" lon="1.906922"><ele>2289.470</ele><time>2018-11-10T12:19:59Z</time></trkpt><trkpt lat="42.329032" lon="1.906866"><ele>2290.554</ele><time>2018-11-10T12:20:05Z</time></trkpt><trkpt lat="42.329008" lon="1.906812"><ele>2291.233</ele><time>2018-11-10T12:20:11Z</time></trkpt><trkpt lat="42.328978" lon="1.906766"><ele>2290.923</ele><time>2018-11-10T12:20:18Z</time></trkpt><trkpt lat="42.328954" lon="1.906713"><ele>2292.132</ele><time>2018-11-10T12:20:25Z</time></trkpt><trkpt lat="42.328929" lon="1.906662"><ele>2293.696</ele><time>2018-11-10T12:20:32Z</time></trkpt><trkpt lat="42.328905" lon="1.906610"><ele>2295.362</ele><time>2018-11-10T12:20:38Z</time></trkpt><trkpt lat="42.328883" lon="1.906550"><ele>2295.383</ele><time>2018-11-10T12:20:47Z</time></trkpt><trkpt lat="42.328863" lon="1.906488"><ele>2296.611</ele><time>2018-11-10T12:20:57Z</time></trkpt><trkpt lat="42.328842" lon="1.906428"><ele>2297.008</ele><time>2018-11-10T12:21:03Z</time></trkpt><trkpt lat="42.328823" lon="1.906364"><ele>2297.069</ele><time>2018-11-10T12:21:16Z</time></trkpt><trkpt lat="42.328801" lon="1.906303"><ele>2298.576</ele><time>2018-11-10T12:21:24Z</time></trkpt><trkpt lat="42.328764" lon="1.906219"><ele>2300.390</ele><time>2018-11-10T12:21:41Z</time></trkpt><trkpt lat="42.328743" lon="1.906159"><ele>2300.224</ele><time>2018-11-10T12:21:47Z</time></trkpt><trkpt lat="42.328718" lon="1.906106"><ele>2300.633</ele><time>2018-11-10T12:21:53Z</time></trkpt><trkpt lat="42.328686" lon="1.906060"><ele>2301.513</ele><time>2018-11-10T12:21:57Z</time></trkpt><trkpt lat="42.328658" lon="1.906012"><ele>2301.712</ele><time>2018-11-10T12:22:01Z</time></trkpt><trkpt lat="42.328629" lon="1.905959"><ele>2301.996</ele><time>2018-11-10T12:22:06Z</time></trkpt><trkpt lat="42.328597" lon="1.905912"><ele>2303.089</ele><time>2018-11-10T12:22:11Z</time></trkpt><trkpt lat="42.328563" lon="1.905860"><ele>2303.606</ele><time>2018-11-10T12:22:16Z</time></trkpt><trkpt lat="42.328528" lon="1.905814"><ele>2304.326</ele><time>2018-11-10T12:22:21Z</time></trkpt><trkpt lat="42.328498" lon="1.905767"><ele>2305.308</ele><time>2018-11-10T12:22:26Z</time></trkpt><trkpt lat="42.328465" lon="1.905719"><ele>2304.991</ele><time>2018-11-10T12:22:33Z</time></trkpt><trkpt lat="42.328428" lon="1.905670"><ele>2305.858</ele><time>2018-11-10T12:22:40Z</time></trkpt><trkpt lat="42.328387" lon="1.905628"><ele>2304.062</ele><time>2018-11-10T12:22:45Z</time></trkpt><trkpt lat="42.328359" lon="1.905578"><ele>2303.966</ele><time>2018-11-10T12:22:52Z</time></trkpt><trkpt lat="42.328321" lon="1.905535"><ele>2306.825</ele><time>2018-11-10T12:23:05Z</time></trkpt><trkpt lat="42.328285" lon="1.905495"><ele>2304.815</ele><time>2018-11-10T12:23:10Z</time></trkpt><trkpt lat="42.328250" lon="1.905449"><ele>2305.634</ele><time>2018-11-10T12:23:14Z</time></trkpt><trkpt lat="42.328215" lon="1.905398"><ele>2306.858</ele><time>2018-11-10T12:23:18Z</time></trkpt><trkpt lat="42.328168" lon="1.905333"><ele>2308.692</ele><time>2018-11-10T12:23:26Z</time></trkpt><trkpt lat="42.328134" lon="1.905292"><ele>2310.173</ele><time>2018-11-10T12:23:32Z</time></trkpt><trkpt lat="42.328093" lon="1.905252"><ele>2308.720</ele><time>2018-11-10T12:23:37Z</time></trkpt><trkpt lat="42.328054" lon="1.905214"><ele>2311.908</ele><time>2018-11-10T12:23:42Z</time></trkpt><trkpt lat="42.327993" lon="1.905172"><ele>2308.442</ele><time>2018-11-10T12:23:57Z</time></trkpt><trkpt lat="42.327959" lon="1.905127"><ele>2308.729</ele><time>2018-11-10T12:24:06Z</time></trkpt><trkpt lat="42.327924" lon="1.905083"><ele>2309.283</ele><time>2018-11-10T12:24:13Z</time></trkpt><trkpt lat="42.327883" lon="1.905046"><ele>2310.897</ele><time>2018-11-10T12:24:18Z</time></trkpt><trkpt lat="42.327846" lon="1.905009"><ele>2312.166</ele><time>2018-11-10T12:24:23Z</time></trkpt><trkpt lat="42.327809" lon="1.904954"><ele>2312.526</ele><time>2018-11-10T12:24:28Z</time></trkpt><trkpt lat="42.327776" lon="1.904898"><ele>2312.595</ele><time>2018-11-10T12:24:34Z</time></trkpt><trkpt lat="42.327745" lon="1.904848"><ele>2313.099</ele><time>2018-11-10T12:24:44Z</time></trkpt><trkpt lat="42.327708" lon="1.904803"><ele>2312.664</ele><time>2018-11-10T12:24:50Z</time></trkpt><trkpt lat="42.327667" lon="1.904760"><ele>2313.406</ele><time>2018-11-10T12:24:55Z</time></trkpt><trkpt lat="42.327628" lon="1.904717"><ele>2313.516</ele><time>2018-11-10T12:25:00Z</time></trkpt><trkpt lat="42.327594" lon="1.904672"><ele>2315.608</ele><time>2018-11-10T12:25:07Z</time></trkpt><trkpt lat="42.327554" lon="1.904629"><ele>2315.739</ele><time>2018-11-10T12:25:13Z</time></trkpt><trkpt lat="42.327516" lon="1.904593"><ele>2315.936</ele><time>2018-11-10T12:25:19Z</time></trkpt><trkpt lat="42.327478" lon="1.904559"><ele>2317.420</ele><time>2018-11-10T12:25:25Z</time></trkpt><trkpt lat="42.327447" lon="1.904506"><ele>2317.164</ele><time>2018-11-10T12:25:31Z</time></trkpt><trkpt lat="42.327421" lon="1.904452"><ele>2318.663</ele><time>2018-11-10T12:25:43Z</time></trkpt><trkpt lat="42.327374" lon="1.904405"><ele>2320.373</ele><time>2018-11-10T12:25:53Z</time></trkpt><trkpt lat="42.327337" lon="1.904366"><ele>2321.672</ele><time>2018-11-10T12:25:58Z</time></trkpt><trkpt lat="42.327300" lon="1.904319"><ele>2320.626</ele><time>2018-11-10T12:26:03Z</time></trkpt><trkpt lat="42.327268" lon="1.904274"><ele>2320.895</ele><time>2018-11-10T12:26:08Z</time></trkpt><trkpt lat="42.327230" lon="1.904236"><ele>2322.449</ele><time>2018-11-10T12:26:13Z</time></trkpt><trkpt lat="42.327196" lon="1.904195"><ele>2322.223</ele><time>2018-11-10T12:26:23Z</time></trkpt><trkpt lat="42.327155" lon="1.904159"><ele>2324.108</ele><time>2018-11-10T12:26:29Z</time></trkpt><trkpt lat="42.327116" lon="1.904129"><ele>2324.622</ele><time>2018-11-10T12:26:34Z</time></trkpt><trkpt lat="42.327079" lon="1.904088"><ele>2324.539</ele><time>2018-11-10T12:26:53Z</time></trkpt><trkpt lat="42.327045" lon="1.904045"><ele>2323.763</ele><time>2018-11-10T12:26:59Z</time></trkpt><trkpt lat="42.327008" lon="1.904005"><ele>2323.517</ele><time>2018-11-10T12:27:04Z</time></trkpt><trkpt lat="42.326972" lon="1.903967"><ele>2324.136</ele><time>2018-11-10T12:27:09Z</time></trkpt><trkpt lat="42.326936" lon="1.903917"><ele>2326.586</ele><time>2018-11-10T12:27:15Z</time></trkpt><trkpt lat="42.326902" lon="1.903876"><ele>2326.245</ele><time>2018-11-10T12:27:21Z</time></trkpt><trkpt lat="42.326862" lon="1.903835"><ele>2328.689</ele><time>2018-11-10T12:27:27Z</time></trkpt><trkpt lat="42.326827" lon="1.903790"><ele>2328.474</ele><time>2018-11-10T12:27:34Z</time></trkpt><trkpt lat="42.326791" lon="1.903752"><ele>2330.856</ele><time>2018-11-10T12:27:45Z</time></trkpt><trkpt lat="42.326744" lon="1.903739"><ele>2331.221</ele><time>2018-11-10T12:27:55Z</time></trkpt><trkpt lat="42.326695" lon="1.903725"><ele>2331.308</ele><time>2018-11-10T12:28:02Z</time></trkpt><trkpt lat="42.326650" lon="1.903686"><ele>2333.720</ele><time>2018-11-10T12:28:09Z</time></trkpt><trkpt lat="42.326610" lon="1.903655"><ele>2333.947</ele><time>2018-11-10T12:28:14Z</time></trkpt><trkpt lat="42.326570" lon="1.903614"><ele>2334.781</ele><time>2018-11-10T12:28:20Z</time></trkpt><trkpt lat="42.326531" lon="1.903580"><ele>2338.465</ele><time>2018-11-10T12:28:28Z</time></trkpt><trkpt lat="42.326493" lon="1.903543"><ele>2336.414</ele><time>2018-11-10T12:28:35Z</time></trkpt><trkpt lat="42.326454" lon="1.903511"><ele>2337.354</ele><time>2018-11-10T12:28:48Z</time></trkpt><trkpt lat="42.326406" lon="1.903468"><ele>2337.513</ele><time>2018-11-10T12:29:01Z</time></trkpt><trkpt lat="42.326371" lon="1.903428"><ele>2338.177</ele><time>2018-11-10T12:29:07Z</time></trkpt><trkpt lat="42.326328" lon="1.903383"><ele>2338.485</ele><time>2018-11-10T12:29:12Z</time></trkpt><trkpt lat="42.326289" lon="1.903342"><ele>2339.889</ele><time>2018-11-10T12:29:18Z</time></trkpt><trkpt lat="42.326256" lon="1.903295"><ele>2339.017</ele><time>2018-11-10T12:29:26Z</time></trkpt><trkpt lat="42.326223" lon="1.903251"><ele>2340.808</ele><time>2018-11-10T12:29:33Z</time></trkpt><trkpt lat="42.326182" lon="1.903219"><ele>2341.011</ele><time>2018-11-10T12:29:39Z</time></trkpt><trkpt lat="42.326137" lon="1.903200"><ele>2339.428</ele><time>2018-11-10T12:29:46Z</time></trkpt><trkpt lat="42.326093" lon="1.903185"><ele>2339.592</ele><time>2018-11-10T12:29:52Z</time></trkpt><trkpt lat="42.326046" lon="1.903153"><ele>2340.086</ele><time>2018-11-10T12:29:58Z</time></trkpt><trkpt lat="42.326004" lon="1.903125"><ele>2341.575</ele><time>2018-11-10T12:30:04Z</time></trkpt><trkpt lat="42.325959" lon="1.903090"><ele>2341.115</ele><time>2018-11-10T12:30:11Z</time></trkpt><trkpt lat="42.325913" lon="1.903074"><ele>2341.444</ele><time>2018-11-10T12:30:21Z</time></trkpt><trkpt lat="42.325862" lon="1.903054"><ele>2341.628</ele><time>2018-11-10T12:30:27Z</time></trkpt><trkpt lat="42.325815" lon="1.903040"><ele>2342.278</ele><time>2018-11-10T12:30:32Z</time></trkpt><trkpt lat="42.325759" lon="1.903034"><ele>2341.833</ele><time>2018-11-10T12:30:39Z</time></trkpt><trkpt lat="42.325713" lon="1.903015"><ele>2343.226</ele><time>2018-11-10T12:30:45Z</time></trkpt><trkpt lat="42.325664" lon="1.902998"><ele>2344.408</ele><time>2018-11-10T12:30:51Z</time></trkpt><trkpt lat="42.325607" lon="1.902953"><ele>2342.650</ele><time>2018-11-10T12:31:00Z</time></trkpt><trkpt lat="42.325566" lon="1.902924"><ele>2343.597</ele><time>2018-11-10T12:31:07Z</time></trkpt><trkpt lat="42.325522" lon="1.902903"><ele>2343.061</ele><time>2018-11-10T12:31:19Z</time></trkpt><trkpt lat="42.325474" lon="1.902879"><ele>2343.465</ele><time>2018-11-10T12:31:27Z</time></trkpt><trkpt lat="42.325428" lon="1.902846"><ele>2343.644</ele><time>2018-11-10T12:31:33Z</time></trkpt><trkpt lat="42.325379" lon="1.902816"><ele>2343.124</ele><time>2018-11-10T12:31:39Z</time></trkpt><trkpt lat="42.325319" lon="1.902775"><ele>2343.713</ele><time>2018-11-10T12:32:03Z</time></trkpt><trkpt lat="42.325277" lon="1.902739"><ele>2344.877</ele><time>2018-11-10T12:32:10Z</time></trkpt><trkpt lat="42.325249" lon="1.902689"><ele>2345.192</ele><time>2018-11-10T12:32:15Z</time></trkpt><trkpt lat="42.325197" lon="1.902589"><ele>2347.473</ele><time>2018-11-10T12:32:45Z</time></trkpt><trkpt lat="42.325167" lon="1.902542"><ele>2347.820</ele><time>2018-11-10T12:32:53Z</time></trkpt><trkpt lat="42.325139" lon="1.902494"><ele>2348.908</ele><time>2018-11-10T12:33:03Z</time></trkpt><trkpt lat="42.325123" lon="1.902431"><ele>2352.562</ele><time>2018-11-10T12:33:13Z</time></trkpt><trkpt lat="42.325095" lon="1.902381"><ele>2353.799</ele><time>2018-11-10T12:33:32Z</time></trkpt><trkpt lat="42.325059" lon="1.902339"><ele>2354.873</ele><time>2018-11-10T12:33:54Z</time></trkpt><trkpt lat="42.325030" lon="1.902272"><ele>2357.977</ele><time>2018-11-10T12:34:11Z</time></trkpt><trkpt lat="42.325015" lon="1.902211"><ele>2361.336</ele><time>2018-11-10T12:34:38Z</time></trkpt><trkpt lat="42.324999" lon="1.902153"><ele>2365.556</ele><time>2018-11-10T12:34:58Z</time></trkpt><trkpt lat="42.324953" lon="1.902089"><ele>2368.285</ele><time>2018-11-10T12:35:25Z</time></trkpt><trkpt lat="42.324941" lon="1.902026"><ele>2372.039</ele><time>2018-11-10T12:35:48Z</time></trkpt><trkpt lat="42.324904" lon="1.901975"><ele>2373.578</ele><time>2018-11-10T12:36:06Z</time></trkpt><trkpt lat="42.324855" lon="1.901924"><ele>2377.133</ele><time>2018-11-10T12:36:24Z</time></trkpt><trkpt lat="42.324770" lon="1.901852"><ele>2381.126</ele><time>2018-11-10T12:37:07Z</time></trkpt><trkpt lat="42.324740" lon="1.901804"><ele>2383.508</ele><time>2018-11-10T12:37:14Z</time></trkpt><trkpt lat="42.324685" lon="1.901760"><ele>2383.690</ele><time>2018-11-10T12:37:27Z</time></trkpt><trkpt lat="42.324643" lon="1.901722"><ele>2384.747</ele><time>2018-11-10T12:37:42Z</time></trkpt><trkpt lat="42.324597" lon="1.901694"><ele>2385.711</ele><time>2018-11-10T12:37:52Z</time></trkpt><trkpt lat="42.324552" lon="1.901660"><ele>2387.425</ele><time>2018-11-10T12:37:58Z</time></trkpt><trkpt lat="42.324516" lon="1.901620"><ele>2388.014</ele><time>2018-11-10T12:38:10Z</time></trkpt><trkpt lat="42.324467" lon="1.901621"><ele>2389.574</ele><time>2018-11-10T12:38:21Z</time></trkpt><trkpt lat="42.324424" lon="1.901602"><ele>2389.983</ele><time>2018-11-10T12:38:26Z</time></trkpt><trkpt lat="42.324378" lon="1.901593"><ele>2390.187</ele><time>2018-11-10T12:38:33Z</time></trkpt><trkpt lat="42.324329" lon="1.901581"><ele>2391.164</ele><time>2018-11-10T12:38:40Z</time></trkpt><trkpt lat="42.324285" lon="1.901553"><ele>2392.106</ele><time>2018-11-10T12:38:48Z</time></trkpt><trkpt lat="42.324224" lon="1.901518"><ele>2393.716</ele><time>2018-11-10T12:39:06Z</time></trkpt><trkpt lat="42.324186" lon="1.901483"><ele>2395.708</ele><time>2018-11-10T12:39:16Z</time></trkpt><trkpt lat="42.324145" lon="1.901449"><ele>2396.239</ele><time>2018-11-10T12:39:23Z</time></trkpt><trkpt lat="42.324106" lon="1.901414"><ele>2398.176</ele><time>2018-11-10T12:39:32Z</time></trkpt><trkpt lat="42.324076" lon="1.901366"><ele>2398.780</ele><time>2018-11-10T12:39:44Z</time></trkpt><trkpt lat="42.324038" lon="1.901328"><ele>2398.744</ele><time>2018-11-10T12:39:57Z</time></trkpt><trkpt lat="42.323977" lon="1.901280"><ele>2402.173</ele><time>2018-11-10T12:40:12Z</time></trkpt><trkpt lat="42.323937" lon="1.901251"><ele>2402.273</ele><time>2018-11-10T12:40:19Z</time></trkpt><trkpt lat="42.323900" lon="1.901217"><ele>2402.442</ele><time>2018-11-10T12:40:25Z</time></trkpt><trkpt lat="42.323863" lon="1.901177"><ele>2403.366</ele><time>2018-11-10T12:40:32Z</time></trkpt><trkpt lat="42.323822" lon="1.901149"><ele>2404.312</ele><time>2018-11-10T12:40:42Z</time></trkpt><trkpt lat="42.323780" lon="1.901117"><ele>2405.232</ele><time>2018-11-10T12:40:48Z</time></trkpt><trkpt lat="42.323734" lon="1.901089"><ele>2404.805</ele><time>2018-11-10T12:40:53Z</time></trkpt><trkpt lat="42.323689" lon="1.901064"><ele>2407.008</ele><time>2018-11-10T12:40:59Z</time></trkpt><trkpt lat="42.323638" lon="1.901045"><ele>2407.114</ele><time>2018-11-10T12:41:06Z</time></trkpt><trkpt lat="42.323593" lon="1.901023"><ele>2407.921</ele><time>2018-11-10T12:41:13Z</time></trkpt><trkpt lat="42.323550" lon="1.900999"><ele>2409.065</ele><time>2018-11-10T12:41:21Z</time></trkpt><trkpt lat="42.323507" lon="1.900977"><ele>2409.439</ele><time>2018-11-10T12:41:27Z</time></trkpt><trkpt lat="42.323458" lon="1.900957"><ele>2413.438</ele><time>2018-11-10T12:41:33Z</time></trkpt><trkpt lat="42.323408" lon="1.900948"><ele>2411.878</ele><time>2018-11-10T12:41:40Z</time></trkpt><trkpt lat="42.323358" lon="1.900937"><ele>2410.137</ele><time>2018-11-10T12:41:47Z</time></trkpt><trkpt lat="42.323313" lon="1.900915"><ele>2409.471</ele><time>2018-11-10T12:41:52Z</time></trkpt><trkpt lat="42.323264" lon="1.900885"><ele>2407.852</ele><time>2018-11-10T12:41:58Z</time></trkpt><trkpt lat="42.323221" lon="1.900849"><ele>2408.153</ele><time>2018-11-10T12:42:04Z</time></trkpt><trkpt lat="42.323177" lon="1.900819"><ele>2409.708</ele><time>2018-11-10T12:42:10Z</time></trkpt><trkpt lat="42.323138" lon="1.900785"><ele>2410.008</ele><time>2018-11-10T12:42:16Z</time></trkpt><trkpt lat="42.323101" lon="1.900746"><ele>2408.358</ele><time>2018-11-10T12:42:22Z</time></trkpt><trkpt lat="42.323053" lon="1.900715"><ele>2408.385</ele><time>2018-11-10T12:42:27Z</time></trkpt><trkpt lat="42.323014" lon="1.900683"><ele>2408.439</ele><time>2018-11-10T12:42:32Z</time></trkpt><trkpt lat="42.322967" lon="1.900652"><ele>2408.953</ele><time>2018-11-10T12:42:37Z</time></trkpt><trkpt lat="42.322922" lon="1.900643"><ele>2411.382</ele><time>2018-11-10T12:42:46Z</time></trkpt><trkpt lat="42.322874" lon="1.900626"><ele>2413.492</ele><time>2018-11-10T12:43:03Z</time></trkpt><trkpt lat="42.322823" lon="1.900634"><ele>2415.071</ele><time>2018-11-10T12:43:10Z</time></trkpt><trkpt lat="42.322775" lon="1.900637"><ele>2417.695</ele><time>2018-11-10T12:43:19Z</time></trkpt><trkpt lat="42.322725" lon="1.900625"><ele>2418.968</ele><time>2018-11-10T12:43:27Z</time></trkpt><trkpt lat="42.322672" lon="1.900629"><ele>2420.442</ele><time>2018-11-10T12:43:40Z</time></trkpt><trkpt lat="42.322623" lon="1.900621"><ele>2422.026</ele><time>2018-11-10T12:43:49Z</time></trkpt><trkpt lat="42.322577" lon="1.900603"><ele>2422.908</ele><time>2018-11-10T12:43:57Z</time></trkpt><trkpt lat="42.322535" lon="1.900576"><ele>2423.269</ele><time>2018-11-10T12:44:02Z</time></trkpt><trkpt lat="42.322485" lon="1.900566"><ele>2424.516</ele><time>2018-11-10T12:44:10Z</time></trkpt><trkpt lat="42.322439" lon="1.900551"><ele>2425.370</ele><time>2018-11-10T12:44:17Z</time></trkpt><trkpt lat="42.322394" lon="1.900535"><ele>2428.274</ele><time>2018-11-10T12:44:32Z</time></trkpt><trkpt lat="42.322356" lon="1.900492"><ele>2427.323</ele><time>2018-11-10T12:44:39Z</time></trkpt><trkpt lat="42.322314" lon="1.900453"><ele>2429.363</ele><time>2018-11-10T12:44:47Z</time></trkpt><trkpt lat="42.322290" lon="1.900397"><ele>2429.342</ele><time>2018-11-10T12:44:54Z</time></trkpt><trkpt lat="42.322265" lon="1.900346"><ele>2429.956</ele><time>2018-11-10T12:45:00Z</time></trkpt><trkpt lat="42.322238" lon="1.900297"><ele>2431.297</ele><time>2018-11-10T12:45:05Z</time></trkpt><trkpt lat="42.322202" lon="1.900253"><ele>2431.323</ele><time>2018-11-10T12:45:11Z</time></trkpt><trkpt lat="42.322177" lon="1.900199"><ele>2432.425</ele><time>2018-11-10T12:45:17Z</time></trkpt><trkpt lat="42.322158" lon="1.900142"><ele>2433.008</ele><time>2018-11-10T12:45:22Z</time></trkpt><trkpt lat="42.322131" lon="1.900088"><ele>2432.962</ele><time>2018-11-10T12:45:27Z</time></trkpt><trkpt lat="42.322102" lon="1.900040"><ele>2433.829</ele><time>2018-11-10T12:45:32Z</time></trkpt><trkpt lat="42.322088" lon="1.899982"><ele>2434.543</ele><time>2018-11-10T12:45:37Z</time></trkpt><trkpt lat="42.322071" lon="1.899926"><ele>2433.237</ele><time>2018-11-10T12:45:42Z</time></trkpt><trkpt lat="42.322051" lon="1.899869"><ele>2433.716</ele><time>2018-11-10T12:45:48Z</time></trkpt><trkpt lat="42.322031" lon="1.899811"><ele>2436.296</ele><time>2018-11-10T12:45:55Z</time></trkpt><trkpt lat="42.322015" lon="1.899752"><ele>2435.325</ele><time>2018-11-10T12:46:02Z</time></trkpt><trkpt lat="42.321997" lon="1.899694"><ele>2437.379</ele><time>2018-11-10T12:46:13Z</time></trkpt><trkpt lat="42.321982" lon="1.899636"><ele>2437.175</ele><time>2018-11-10T12:46:21Z</time></trkpt><trkpt lat="42.321961" lon="1.899575"><ele>2437.528</ele><time>2018-11-10T12:46:28Z</time></trkpt><trkpt lat="42.321957" lon="1.899511"><ele>2438.520</ele><time>2018-11-10T12:46:36Z</time></trkpt><trkpt lat="42.321941" lon="1.899446"><ele>2439.508</ele><time>2018-11-10T12:46:44Z</time></trkpt><trkpt lat="42.321919" lon="1.899391"><ele>2439.590</ele><time>2018-11-10T12:46:50Z</time></trkpt><trkpt lat="42.321903" lon="1.899325"><ele>2439.387</ele><time>2018-11-10T12:46:57Z</time></trkpt><trkpt lat="42.321870" lon="1.899276"><ele>2441.311</ele><time>2018-11-10T12:47:17Z</time></trkpt><trkpt lat="42.321847" lon="1.899218"><ele>2440.445</ele><time>2018-11-10T12:47:23Z</time></trkpt><trkpt lat="42.321817" lon="1.899167"><ele>2441.634</ele><time>2018-11-10T12:47:28Z</time></trkpt><trkpt lat="42.321797" lon="1.899113"><ele>2442.644</ele><time>2018-11-10T12:47:33Z</time></trkpt><trkpt lat="42.321771" lon="1.899060"><ele>2442.833</ele><time>2018-11-10T12:47:38Z</time></trkpt><trkpt lat="42.321746" lon="1.898997"><ele>2444.627</ele><time>2018-11-10T12:47:44Z</time></trkpt><trkpt lat="42.321733" lon="1.898932"><ele>2444.888</ele><time>2018-11-10T12:47:50Z</time></trkpt><trkpt lat="42.321721" lon="1.898870"><ele>2445.924</ele><time>2018-11-10T12:47:56Z</time></trkpt><trkpt lat="42.321707" lon="1.898809"><ele>2446.326</ele><time>2018-11-10T12:48:02Z</time></trkpt><trkpt lat="42.321688" lon="1.898750"><ele>2447.408</ele><time>2018-11-10T12:48:08Z</time></trkpt><trkpt lat="42.321675" lon="1.898688"><ele>2447.871</ele><time>2018-11-10T12:48:14Z</time></trkpt><trkpt lat="42.321657" lon="1.898631"><ele>2448.358</ele><time>2018-11-10T12:48:21Z</time></trkpt><trkpt lat="42.321634" lon="1.898576"><ele>2448.952</ele><time>2018-11-10T12:48:28Z</time></trkpt><trkpt lat="42.321606" lon="1.898524"><ele>2449.246</ele><time>2018-11-10T12:48:35Z</time></trkpt><trkpt lat="42.321583" lon="1.898464"><ele>2451.015</ele><time>2018-11-10T12:48:42Z</time></trkpt><trkpt lat="42.321556" lon="1.898407"><ele>2451.715</ele><time>2018-11-10T12:48:48Z</time></trkpt><trkpt lat="42.321525" lon="1.898355"><ele>2451.534</ele><time>2018-11-10T12:48:54Z</time></trkpt><trkpt lat="42.321506" lon="1.898296"><ele>2452.888</ele><time>2018-11-10T12:49:00Z</time></trkpt><trkpt lat="42.321476" lon="1.898239"><ele>2453.877</ele><time>2018-11-10T12:49:07Z</time></trkpt><trkpt lat="42.321452" lon="1.898187"><ele>2454.561</ele><time>2018-11-10T12:49:12Z</time></trkpt><trkpt lat="42.321438" lon="1.898121"><ele>2454.527</ele><time>2018-11-10T12:49:19Z</time></trkpt><trkpt lat="42.321438" lon="1.898056"><ele>2454.008</ele><time>2018-11-10T12:49:25Z</time></trkpt><trkpt lat="42.321425" lon="1.897996"><ele>2455.760</ele><time>2018-11-10T12:49:56Z</time></trkpt><trkpt lat="42.321401" lon="1.897936"><ele>2457.597</ele><time>2018-11-10T12:50:05Z</time></trkpt><trkpt lat="42.321382" lon="1.897873"><ele>2458.121</ele><time>2018-11-10T12:50:11Z</time></trkpt><trkpt lat="42.321355" lon="1.897819"><ele>2458.515</ele><time>2018-11-10T12:50:17Z</time></trkpt><trkpt lat="42.321339" lon="1.897751"><ele>2459.054</ele><time>2018-11-10T12:50:24Z</time></trkpt><trkpt lat="42.321329" lon="1.897684"><ele>2460.944</ele><time>2018-11-10T12:50:30Z</time></trkpt><trkpt lat="42.321314" lon="1.897621"><ele>2461.123</ele><time>2018-11-10T12:50:36Z</time></trkpt><trkpt lat="42.321300" lon="1.897562"><ele>2461.457</ele><time>2018-11-10T12:50:42Z</time></trkpt><trkpt lat="42.321282" lon="1.897498"><ele>2463.517</ele><time>2018-11-10T12:50:48Z</time></trkpt><trkpt lat="42.321259" lon="1.897439"><ele>2463.987</ele><time>2018-11-10T12:50:59Z</time></trkpt><trkpt lat="42.321231" lon="1.897379"><ele>2464.515</ele><time>2018-11-10T12:51:04Z</time></trkpt><trkpt lat="42.321204" lon="1.897316"><ele>2465.308</ele><time>2018-11-10T12:51:10Z</time></trkpt><trkpt lat="42.321186" lon="1.897253"><ele>2465.284</ele><time>2018-11-10T12:51:16Z</time></trkpt><trkpt lat="42.321182" lon="1.897186"><ele>2465.781</ele><time>2018-11-10T12:51:22Z</time></trkpt><trkpt lat="42.321165" lon="1.897129"><ele>2465.715</ele><time>2018-11-10T12:51:28Z</time></trkpt><trkpt lat="42.321139" lon="1.897079"><ele>2467.939</ele><time>2018-11-10T12:51:35Z</time></trkpt><trkpt lat="42.321118" lon="1.897024"><ele>2469.338</ele><time>2018-11-10T12:51:45Z</time></trkpt><trkpt lat="42.321095" lon="1.896966"><ele>2469.148</ele><time>2018-11-10T12:51:53Z</time></trkpt><trkpt lat="42.321053" lon="1.896921"><ele>2471.487</ele><time>2018-11-10T12:52:01Z</time></trkpt><trkpt lat="42.321025" lon="1.896871"><ele>2471.851</ele><time>2018-11-10T12:52:07Z</time></trkpt><trkpt lat="42.320989" lon="1.896826"><ele>2472.057</ele><time>2018-11-10T12:52:14Z</time></trkpt><trkpt lat="42.320954" lon="1.896784"><ele>2473.100</ele><time>2018-11-10T12:52:21Z</time></trkpt><trkpt lat="42.320908" lon="1.896752"><ele>2473.520</ele><time>2018-11-10T12:52:46Z</time></trkpt><trkpt lat="42.320875" lon="1.896702"><ele>2475.008</ele><time>2018-11-10T12:52:52Z</time></trkpt><trkpt lat="42.320835" lon="1.896671"><ele>2475.898</ele><time>2018-11-10T12:52:59Z</time></trkpt><trkpt lat="42.320802" lon="1.896625"><ele>2476.545</ele><time>2018-11-10T12:53:05Z</time></trkpt><trkpt lat="42.320765" lon="1.896584"><ele>2477.259</ele><time>2018-11-10T12:53:13Z</time></trkpt><trkpt lat="42.320726" lon="1.896547"><ele>2477.443</ele><time>2018-11-10T12:53:19Z</time></trkpt><trkpt lat="42.320689" lon="1.896508"><ele>2476.462</ele><time>2018-11-10T12:53:25Z</time></trkpt><trkpt lat="42.320656" lon="1.896456"><ele>2478.592</ele><time>2018-11-10T12:53:30Z</time></trkpt><trkpt lat="42.320623" lon="1.896410"><ele>2479.541</ele><time>2018-11-10T12:53:38Z</time></trkpt><trkpt lat="42.320581" lon="1.896372"><ele>2481.155</ele><time>2018-11-10T12:53:46Z</time></trkpt><trkpt lat="42.320549" lon="1.896325"><ele>2481.754</ele><time>2018-11-10T12:53:53Z</time></trkpt><trkpt lat="42.320513" lon="1.896286"><ele>2482.656</ele><time>2018-11-10T12:54:01Z</time></trkpt><trkpt lat="42.320484" lon="1.896237"><ele>2484.111</ele><time>2018-11-10T12:54:08Z</time></trkpt><trkpt lat="42.320449" lon="1.896190"><ele>2484.408</ele><time>2018-11-10T12:54:15Z</time></trkpt><trkpt lat="42.320409" lon="1.896152"><ele>2486.138</ele><time>2018-11-10T12:54:21Z</time></trkpt><trkpt lat="42.320368" lon="1.896110"><ele>2487.055</ele><time>2018-11-10T12:54:27Z</time></trkpt><trkpt lat="42.320334" lon="1.896068"><ele>2487.949</ele><time>2018-11-10T12:54:32Z</time></trkpt><trkpt lat="42.320294" lon="1.896021"><ele>2486.383</ele><time>2018-11-10T12:54:38Z</time></trkpt><trkpt lat="42.320262" lon="1.895974"><ele>2488.122</ele><time>2018-11-10T12:54:44Z</time></trkpt><trkpt lat="42.320230" lon="1.895922"><ele>2487.842</ele><time>2018-11-10T12:54:51Z</time></trkpt><trkpt lat="42.320199" lon="1.895866"><ele>2491.091</ele><time>2018-11-10T12:54:57Z</time></trkpt><trkpt lat="42.320160" lon="1.895824"><ele>2491.515</ele><time>2018-11-10T12:55:03Z</time></trkpt><trkpt lat="42.320134" lon="1.895770"><ele>2491.134</ele><time>2018-11-10T12:55:09Z</time></trkpt><trkpt lat="42.320110" lon="1.895717"><ele>2491.955</ele><time>2018-11-10T12:55:15Z</time></trkpt><trkpt lat="42.320074" lon="1.895669"><ele>2494.310</ele><time>2018-11-10T12:55:26Z</time></trkpt><trkpt lat="42.320040" lon="1.895617"><ele>2495.708</ele><time>2018-11-10T12:55:32Z</time></trkpt><trkpt lat="42.320010" lon="1.895560"><ele>2495.376</ele><time>2018-11-10T12:55:38Z</time></trkpt><trkpt lat="42.319982" lon="1.895509"><ele>2495.043</ele><time>2018-11-10T12:55:44Z</time></trkpt><trkpt lat="42.319950" lon="1.895455"><ele>2497.317</ele><time>2018-11-10T12:55:51Z</time></trkpt><trkpt lat="42.319920" lon="1.895399"><ele>2496.641</ele><time>2018-11-10T12:55:58Z</time></trkpt><trkpt lat="42.319884" lon="1.895351"><ele>2498.140</ele><time>2018-11-10T12:56:05Z</time></trkpt><trkpt lat="42.319849" lon="1.895306"><ele>2499.620</ele><time>2018-11-10T12:56:12Z</time></trkpt><trkpt lat="42.319823" lon="1.895251"><ele>2498.539</ele><time>2018-11-10T12:56:19Z</time></trkpt><trkpt lat="42.319795" lon="1.895199"><ele>2499.373</ele><time>2018-11-10T12:56:25Z</time></trkpt><trkpt lat="42.319763" lon="1.895155"><ele>2500.217</ele><time>2018-11-10T12:56:32Z</time></trkpt><trkpt lat="42.319726" lon="1.895106"><ele>2500.387</ele><time>2018-11-10T12:56:39Z</time></trkpt><trkpt lat="42.319705" lon="1.895044"><ele>2500.315</ele><time>2018-11-10T12:56:45Z</time></trkpt><trkpt lat="42.319685" lon="1.894977"><ele>2502.308</ele><time>2018-11-10T12:56:51Z</time></trkpt><trkpt lat="42.319665" lon="1.894914"><ele>2501.724</ele><time>2018-11-10T12:56:57Z</time></trkpt><trkpt lat="42.319655" lon="1.894852"><ele>2502.661</ele><time>2018-11-10T12:57:03Z</time></trkpt><trkpt lat="42.319631" lon="1.894793"><ele>2503.855</ele><time>2018-11-10T12:57:12Z</time></trkpt><trkpt lat="42.319613" lon="1.894737"><ele>2504.449</ele><time>2018-11-10T12:57:18Z</time></trkpt><trkpt lat="42.319598" lon="1.894674"><ele>2505.578</ele><time>2018-11-10T12:57:26Z</time></trkpt><trkpt lat="42.319586" lon="1.894614"><ele>2506.498</ele><time>2018-11-10T12:57:35Z</time></trkpt><trkpt lat="42.319582" lon="1.894548"><ele>2507.797</ele><time>2018-11-10T12:57:44Z</time></trkpt><trkpt lat="42.319561" lon="1.894492"><ele>2508.661</ele><time>2018-11-10T12:57:54Z</time></trkpt><trkpt lat="42.319553" lon="1.894428"><ele>2511.049</ele><time>2018-11-10T12:58:02Z</time></trkpt><trkpt lat="42.319556" lon="1.894365"><ele>2512.602</ele><time>2018-11-10T12:58:10Z</time></trkpt><trkpt lat="42.319549" lon="1.894301"><ele>2513.622</ele><time>2018-11-10T12:58:18Z</time></trkpt><trkpt lat="42.319540" lon="1.894238"><ele>2514.608</ele><time>2018-11-10T12:58:26Z</time></trkpt><trkpt lat="42.319538" lon="1.894170"><ele>2515.247</ele><time>2018-11-10T12:58:35Z</time></trkpt><trkpt lat="42.319552" lon="1.894105"><ele>2515.524</ele><time>2018-11-10T12:58:44Z</time></trkpt><trkpt lat="42.319562" lon="1.894042"><ele>2517.418</ele><time>2018-11-10T12:58:55Z</time></trkpt><trkpt lat="42.319578" lon="1.893980"><ele>2519.272</ele><time>2018-11-10T12:59:05Z</time></trkpt><trkpt lat="42.319601" lon="1.893926"><ele>2519.421</ele><time>2018-11-10T12:59:13Z</time></trkpt><trkpt lat="42.319620" lon="1.893864"><ele>2522.991</ele><time>2018-11-10T12:59:22Z</time></trkpt><trkpt lat="42.319629" lon="1.893801"><ele>2529.390</ele><time>2018-11-10T13:00:17Z</time></trkpt><trkpt lat="42.319635" lon="1.893724"><ele>2535.054</ele><time>2018-11-10T13:00:32Z</time></trkpt><trkpt lat="42.319651" lon="1.893655"><ele>2528.548</ele><time>2018-11-10T13:00:55Z</time></trkpt><trkpt lat="42.319647" lon="1.893588"><ele>2528.861</ele><time>2018-11-10T13:01:03Z</time></trkpt><trkpt lat="42.319650" lon="1.893522"><ele>2533.217</ele><time>2018-11-10T13:01:15Z</time></trkpt><trkpt lat="42.319604" lon="1.893351"><ele>2536.608</ele><time>2018-11-10T13:22:20Z</time></trkpt><trkpt lat="42.319622" lon="1.893419"><ele>2536.767</ele><time>2018-11-10T13:22:27Z</time></trkpt><trkpt lat="42.319663" lon="1.893456"><ele>2536.434</ele><time>2018-11-10T13:22:32Z</time></trkpt><trkpt lat="42.319707" lon="1.893438"><ele>2537.588</ele><time>2018-11-10T13:22:37Z</time></trkpt><trkpt lat="42.319751" lon="1.893408"><ele>2539.712</ele><time>2018-11-10T13:22:42Z</time></trkpt><trkpt lat="42.319797" lon="1.893394"><ele>2538.841</ele><time>2018-11-10T13:22:49Z</time></trkpt><trkpt lat="42.319843" lon="1.893374"><ele>2540.511</ele><time>2018-11-10T13:22:55Z</time></trkpt><trkpt lat="42.319888" lon="1.893359"><ele>2543.790</ele><time>2018-11-10T13:23:00Z</time></trkpt><trkpt lat="42.319936" lon="1.893341"><ele>2541.554</ele><time>2018-11-10T13:23:05Z</time></trkpt><trkpt lat="42.319988" lon="1.893335"><ele>2545.858</ele><time>2018-11-10T13:23:11Z</time></trkpt><trkpt lat="42.320042" lon="1.893328"><ele>2542.352</ele><time>2018-11-10T13:23:17Z</time></trkpt><trkpt lat="42.320092" lon="1.893315"><ele>2538.717</ele><time>2018-11-10T13:23:23Z</time></trkpt><trkpt lat="42.320142" lon="1.893297"><ele>2538.308</ele><time>2018-11-10T13:23:29Z</time></trkpt><trkpt lat="42.320191" lon="1.893273"><ele>2539.618</ele><time>2018-11-10T13:23:35Z</time></trkpt><trkpt lat="42.320231" lon="1.893230"><ele>2538.545</ele><time>2018-11-10T13:23:45Z</time></trkpt><trkpt lat="42.320267" lon="1.893189"><ele>2543.729</ele><time>2018-11-10T13:23:50Z</time></trkpt><trkpt lat="42.320310" lon="1.893152"><ele>2543.893</ele><time>2018-11-10T13:23:57Z</time></trkpt><trkpt lat="42.320341" lon="1.893107"><ele>2541.432</ele><time>2018-11-10T13:24:04Z</time></trkpt><trkpt lat="42.320379" lon="1.893060"><ele>2541.372</ele><time>2018-11-10T13:24:11Z</time></trkpt><trkpt lat="42.320405" lon="1.893009"><ele>2545.681</ele><time>2018-11-10T13:24:17Z</time></trkpt><trkpt lat="42.320428" lon="1.892956"><ele>2545.415</ele><time>2018-11-10T13:24:23Z</time></trkpt><trkpt lat="42.320461" lon="1.892914"><ele>2547.447</ele><time>2018-11-10T13:24:30Z</time></trkpt><trkpt lat="42.320489" lon="1.892851"><ele>2546.629</ele><time>2018-11-10T13:24:57Z</time></trkpt><trkpt lat="42.320510" lon="1.892791"><ele>2545.421</ele><time>2018-11-10T13:25:06Z</time></trkpt><trkpt lat="42.320542" lon="1.892743"><ele>2561.208</ele><time>2018-11-10T13:25:16Z</time></trkpt><trkpt lat="42.320513" lon="1.892806"><ele>2561.617</ele><time>2018-11-10T13:25:43Z</time></trkpt><trkpt lat="42.320474" lon="1.892842"><ele>2558.954</ele><time>2018-11-10T13:25:54Z</time></trkpt><trkpt lat="42.320459" lon="1.892908"><ele>2550.668</ele><time>2018-11-10T13:26:06Z</time></trkpt><trkpt lat="42.320427" lon="1.892954"><ele>2548.962</ele><time>2018-11-10T13:26:11Z</time></trkpt><trkpt lat="42.320394" lon="1.892997"><ele>2546.791</ele><time>2018-11-10T13:26:16Z</time></trkpt><trkpt lat="42.320350" lon="1.893040"><ele>2545.511</ele><time>2018-11-10T13:26:21Z</time></trkpt><trkpt lat="42.320311" lon="1.893074"><ele>2546.470</ele><time>2018-11-10T13:26:25Z</time></trkpt><trkpt lat="42.320272" lon="1.893118"><ele>2544.164</ele><time>2018-11-10T13:26:30Z</time></trkpt><trkpt lat="42.320229" lon="1.893162"><ele>2543.947</ele><time>2018-11-10T13:26:35Z</time></trkpt><trkpt lat="42.320190" lon="1.893196"><ele>2541.629</ele><time>2018-11-10T13:27:04Z</time></trkpt><trkpt lat="42.320145" lon="1.893219"><ele>2543.221</ele><time>2018-11-10T13:27:10Z</time></trkpt><trkpt lat="42.320095" lon="1.893246"><ele>2543.608</ele><time>2018-11-10T13:27:20Z</time></trkpt><trkpt lat="42.320046" lon="1.893275"><ele>2546.417</ele><time>2018-11-10T13:27:24Z</time></trkpt><trkpt lat="42.319996" lon="1.893296"><ele>2549.164</ele><time>2018-11-10T13:27:28Z</time></trkpt><trkpt lat="42.319946" lon="1.893306"><ele>2545.758</ele><time>2018-11-10T13:27:32Z</time></trkpt><trkpt lat="42.319902" lon="1.893326"><ele>2546.742</ele><time>2018-11-10T13:27:36Z</time></trkpt><trkpt lat="42.319854" lon="1.893349"><ele>2551.081</ele><time>2018-11-10T13:27:40Z</time></trkpt><trkpt lat="42.319807" lon="1.893369"><ele>2549.711</ele><time>2018-11-10T13:27:44Z</time></trkpt><trkpt lat="42.319757" lon="1.893406"><ele>2540.880</ele><time>2018-11-10T13:27:50Z</time></trkpt><trkpt lat="42.319712" lon="1.893444"><ele>2540.764</ele><time>2018-11-10T13:27:53Z</time></trkpt><trkpt lat="42.319665" lon="1.893464"><ele>2542.019</ele><time>2018-11-10T13:27:58Z</time></trkpt><trkpt lat="42.319476" lon="1.893386"><ele>2535.909</ele><time>2018-11-10T13:37:55Z</time></trkpt><trkpt lat="42.319527" lon="1.893374"><ele>2536.619</ele><time>2018-11-10T13:38:32Z</time></trkpt><trkpt lat="42.319599" lon="1.893318"><ele>2535.308</ele><time>2018-11-10T13:38:55Z</time></trkpt><trkpt lat="42.319647" lon="1.893322"><ele>2537.574</ele><time>2018-11-10T13:39:08Z</time></trkpt><trkpt lat="42.319686" lon="1.893371"><ele>2538.111</ele><time>2018-11-10T13:39:14Z</time></trkpt><trkpt lat="42.319684" lon="1.893436"><ele>2538.375</ele><time>2018-11-10T13:39:18Z</time></trkpt><trkpt lat="42.319664" lon="1.893500"><ele>2536.469</ele><time>2018-11-10T13:39:22Z</time></trkpt><trkpt lat="42.319643" lon="1.893561"><ele>2532.788</ele><time>2018-11-10T13:39:26Z</time></trkpt><trkpt lat="42.319614" lon="1.893624"><ele>2536.588</ele><time>2018-11-10T13:39:31Z</time></trkpt><trkpt lat="42.319592" lon="1.893688"><ele>2536.187</ele><time>2018-11-10T13:39:36Z</time></trkpt><trkpt lat="42.319564" lon="1.893755"><ele>2531.591</ele><time>2018-11-10T13:39:41Z</time></trkpt><trkpt lat="42.319540" lon="1.893820"><ele>2528.153</ele><time>2018-11-10T13:39:46Z</time></trkpt><trkpt lat="42.319515" lon="1.893880"><ele>2527.604</ele><time>2018-11-10T13:39:52Z</time></trkpt><trkpt lat="42.319503" lon="1.893947"><ele>2528.214</ele><time>2018-11-10T13:39:57Z</time></trkpt><trkpt lat="42.319500" lon="1.894011"><ele>2526.008</ele><time>2018-11-10T13:40:01Z</time></trkpt><trkpt lat="42.319499" lon="1.894082"><ele>2522.638</ele><time>2018-11-10T13:40:06Z</time></trkpt><trkpt lat="42.319492" lon="1.894145"><ele>2521.595</ele><time>2018-11-10T13:40:10Z</time></trkpt><trkpt lat="42.319481" lon="1.894206"><ele>2518.219</ele><time>2018-11-10T13:40:14Z</time></trkpt><trkpt lat="42.319465" lon="1.894263"><ele>2518.163</ele><time>2018-11-10T13:40:18Z</time></trkpt><trkpt lat="42.319448" lon="1.894329"><ele>2517.792</ele><time>2018-11-10T13:40:22Z</time></trkpt><trkpt lat="42.319455" lon="1.894390"><ele>2514.622</ele><time>2018-11-10T13:40:26Z</time></trkpt><trkpt lat="42.319469" lon="1.894464"><ele>2513.021</ele><time>2018-11-10T13:40:31Z</time></trkpt><trkpt lat="42.319493" lon="1.894523"><ele>2513.625</ele><time>2018-11-10T13:40:36Z</time></trkpt><trkpt lat="42.319506" lon="1.894582"><ele>2511.567</ele><time>2018-11-10T13:40:40Z</time></trkpt><trkpt lat="42.319506" lon="1.894643"><ele>2509.681</ele><time>2018-11-10T13:40:45Z</time></trkpt><trkpt lat="42.319510" lon="1.894705"><ele>2508.719</ele><time>2018-11-10T13:40:49Z</time></trkpt><trkpt lat="42.319510" lon="1.894780"><ele>2507.108</ele><time>2018-11-10T13:40:54Z</time></trkpt><trkpt lat="42.319546" lon="1.894835"><ele>2507.589</ele><time>2018-11-10T13:40:59Z</time></trkpt><trkpt lat="42.319586" lon="1.894871"><ele>2508.656</ele><time>2018-11-10T13:41:04Z</time></trkpt><trkpt lat="42.319618" lon="1.894916"><ele>2507.380</ele><time>2018-11-10T13:41:09Z</time></trkpt><trkpt lat="42.319651" lon="1.894961"><ele>2505.554</ele><time>2018-11-10T13:41:14Z</time></trkpt><trkpt lat="42.319690" lon="1.895008"><ele>2505.253</ele><time>2018-11-10T13:41:19Z</time></trkpt><trkpt lat="42.319725" lon="1.895058"><ele>2504.543</ele><time>2018-11-10T13:41:24Z</time></trkpt><trkpt lat="42.319752" lon="1.895112"><ele>2503.782</ele><time>2018-11-10T13:41:29Z</time></trkpt><trkpt lat="42.319785" lon="1.895168"><ele>2505.126</ele><time>2018-11-10T13:41:34Z</time></trkpt><trkpt lat="42.319812" lon="1.895223"><ele>2504.538</ele><time>2018-11-10T13:41:39Z</time></trkpt><trkpt lat="42.319847" lon="1.895265"><ele>2503.470</ele><time>2018-11-10T13:41:43Z</time></trkpt><trkpt lat="42.319894" lon="1.895305"><ele>2502.217</ele><time>2018-11-10T13:41:48Z</time></trkpt><trkpt lat="42.319934" lon="1.895341"><ele>2501.808</ele><time>2018-11-10T13:41:52Z</time></trkpt><trkpt lat="42.319970" lon="1.895383"><ele>2501.316</ele><time>2018-11-10T13:41:56Z</time></trkpt><trkpt lat="42.320001" lon="1.895446"><ele>2500.023</ele><time>2018-11-10T13:42:01Z</time></trkpt><trkpt lat="42.320035" lon="1.895509"><ele>2500.647</ele><time>2018-11-10T13:42:06Z</time></trkpt><trkpt lat="42.320063" lon="1.895562"><ele>2500.891</ele><time>2018-11-10T13:42:10Z</time></trkpt><trkpt lat="42.320089" lon="1.895614"><ele>2499.120</ele><time>2018-11-10T13:42:14Z</time></trkpt><trkpt lat="42.320124" lon="1.895671"><ele>2497.640</ele><time>2018-11-10T13:42:19Z</time></trkpt><trkpt lat="42.320155" lon="1.895725"><ele>2497.869</ele><time>2018-11-10T13:42:24Z</time></trkpt><trkpt lat="42.320187" lon="1.895780"><ele>2497.463</ele><time>2018-11-10T13:42:29Z</time></trkpt><trkpt lat="42.320220" lon="1.895830"><ele>2494.144</ele><time>2018-11-10T13:42:34Z</time></trkpt><trkpt lat="42.320252" lon="1.895883"><ele>2495.705</ele><time>2018-11-10T13:42:40Z</time></trkpt><trkpt lat="42.320292" lon="1.895931"><ele>2493.415</ele><time>2018-11-10T13:42:45Z</time></trkpt><trkpt lat="42.320330" lon="1.895979"><ele>2493.508</ele><time>2018-11-10T13:42:49Z</time></trkpt><trkpt lat="42.320372" lon="1.896032"><ele>2492.457</ele><time>2018-11-10T13:42:53Z</time></trkpt><trkpt lat="42.320411" lon="1.896081"><ele>2492.644</ele><time>2018-11-10T13:42:57Z</time></trkpt><trkpt lat="42.320450" lon="1.896134"><ele>2488.048</ele><time>2018-11-10T13:43:02Z</time></trkpt><trkpt lat="42.320479" lon="1.896193"><ele>2490.962</ele><time>2018-11-10T13:43:07Z</time></trkpt><trkpt lat="42.320527" lon="1.896218"><ele>2491.291</ele><time>2018-11-10T13:43:47Z</time></trkpt><trkpt lat="42.320574" lon="1.896257"><ele>2488.511</ele><time>2018-11-10T13:43:52Z</time></trkpt><trkpt lat="42.320620" lon="1.896299"><ele>2489.070</ele><time>2018-11-10T13:43:57Z</time></trkpt><trkpt lat="42.320659" lon="1.896349"><ele>2486.784</ele><time>2018-11-10T13:44:02Z</time></trkpt><trkpt lat="42.320701" lon="1.896401"><ele>2486.852</ele><time>2018-11-10T13:44:07Z</time></trkpt><trkpt lat="42.320743" lon="1.896450"><ele>2485.953</ele><time>2018-11-10T13:44:12Z</time></trkpt><trkpt lat="42.320777" lon="1.896499"><ele>2485.308</ele><time>2018-11-10T13:44:16Z</time></trkpt><trkpt lat="42.320806" lon="1.896554"><ele>2483.608</ele><time>2018-11-10T13:44:20Z</time></trkpt><trkpt lat="42.320827" lon="1.896609"><ele>2484.578</ele><time>2018-11-10T13:44:24Z</time></trkpt><trkpt lat="42.320862" lon="1.896653"><ele>2483.425</ele><time>2018-11-10T13:44:28Z</time></trkpt><trkpt lat="42.320895" lon="1.896701"><ele>2482.419</ele><time>2018-11-10T13:44:32Z</time></trkpt><trkpt lat="42.320924" lon="1.896751"><ele>2480.853</ele><time>2018-11-10T13:44:36Z</time></trkpt><trkpt lat="42.320959" lon="1.896795"><ele>2480.812</ele><time>2018-11-10T13:44:40Z</time></trkpt><trkpt lat="42.320996" lon="1.896844"><ele>2478.732</ele><time>2018-11-10T13:44:44Z</time></trkpt><trkpt lat="42.321035" lon="1.896903"><ele>2478.041</ele><time>2018-11-10T13:44:48Z</time></trkpt><trkpt lat="42.321066" lon="1.896969"><ele>2477.165</ele><time>2018-11-10T13:44:52Z</time></trkpt><trkpt lat="42.321096" lon="1.897027"><ele>2477.242</ele><time>2018-11-10T13:44:56Z</time></trkpt><trkpt lat="42.321136" lon="1.897081"><ele>2475.722</ele><time>2018-11-10T13:45:00Z</time></trkpt><trkpt lat="42.321164" lon="1.897136"><ele>2473.614</ele><time>2018-11-10T13:45:04Z</time></trkpt><trkpt lat="42.321191" lon="1.897191"><ele>2473.908</ele><time>2018-11-10T13:45:08Z</time></trkpt><trkpt lat="42.321214" lon="1.897255"><ele>2474.197</ele><time>2018-11-10T13:45:13Z</time></trkpt><trkpt lat="42.321237" lon="1.897324"><ele>2473.144</ele><time>2018-11-10T13:45:18Z</time></trkpt><trkpt lat="42.321258" lon="1.897390"><ele>2472.268</ele><time>2018-11-10T13:45:23Z</time></trkpt><trkpt lat="42.321266" lon="1.897460"><ele>2469.652</ele><time>2018-11-10T13:45:29Z</time></trkpt><trkpt lat="42.321281" lon="1.897518"><ele>2471.011</ele><time>2018-11-10T13:45:34Z</time></trkpt><trkpt lat="42.321299" lon="1.897581"><ele>2468.871</ele><time>2018-11-10T13:45:39Z</time></trkpt><trkpt lat="42.321322" lon="1.897651"><ele>2467.490</ele><time>2018-11-10T13:45:44Z</time></trkpt><trkpt lat="42.321341" lon="1.897715"><ele>2468.234</ele><time>2018-11-10T13:45:48Z</time></trkpt><trkpt lat="42.321360" lon="1.897784"><ele>2465.933</ele><time>2018-11-10T13:45:53Z</time></trkpt><trkpt lat="42.321379" lon="1.897841"><ele>2466.823</ele><time>2018-11-10T13:45:57Z</time></trkpt><trkpt lat="42.321405" lon="1.897903"><ele>2464.215</ele><time>2018-11-10T13:46:02Z</time></trkpt><trkpt lat="42.321434" lon="1.897954"><ele>2465.208</ele><time>2018-11-10T13:46:06Z</time></trkpt><trkpt lat="42.321462" lon="1.898004"><ele>2464.356</ele><time>2018-11-10T13:46:10Z</time></trkpt><trkpt lat="42.321483" lon="1.898067"><ele>2462.093</ele><time>2018-11-10T13:46:15Z</time></trkpt><trkpt lat="42.321497" lon="1.898131"><ele>2462.257</ele><time>2018-11-10T13:46:19Z</time></trkpt><trkpt lat="42.321499" lon="1.898197"><ele>2461.851</ele><time>2018-11-10T13:46:23Z</time></trkpt><trkpt lat="42.321514" lon="1.898261"><ele>2462.840</ele><time>2018-11-10T13:46:28Z</time></trkpt><trkpt lat="42.321538" lon="1.898319"><ele>2460.650</ele><time>2018-11-10T13:46:33Z</time></trkpt><trkpt lat="42.321565" lon="1.898368"><ele>2460.519</ele><time>2018-11-10T13:46:37Z</time></trkpt><trkpt lat="42.321602" lon="1.898428"><ele>2458.393</ele><time>2018-11-10T13:46:41Z</time></trkpt><trkpt lat="42.321632" lon="1.898490"><ele>2459.079</ele><time>2018-11-10T13:46:45Z</time></trkpt><trkpt lat="42.321657" lon="1.898548"><ele>2458.105</ele><time>2018-11-10T13:46:50Z</time></trkpt><trkpt lat="42.321678" lon="1.898602"><ele>2456.025</ele><time>2018-11-10T13:46:54Z</time></trkpt><trkpt lat="42.321698" lon="1.898675"><ele>2454.808</ele><time>2018-11-10T13:46:58Z</time></trkpt><trkpt lat="42.321715" lon="1.898746"><ele>2454.570</ele><time>2018-11-10T13:47:02Z</time></trkpt><trkpt lat="42.321735" lon="1.898814"><ele>2454.337</ele><time>2018-11-10T13:47:06Z</time></trkpt><trkpt lat="42.321743" lon="1.898882"><ele>2453.491</ele><time>2018-11-10T13:47:10Z</time></trkpt><trkpt lat="42.321762" lon="1.898950"><ele>2453.515</ele><time>2018-11-10T13:47:14Z</time></trkpt><trkpt lat="42.321780" lon="1.899014"><ele>2451.944</ele><time>2018-11-10T13:47:18Z</time></trkpt><trkpt lat="42.321798" lon="1.899073"><ele>2452.814</ele><time>2018-11-10T13:47:22Z</time></trkpt><trkpt lat="42.321820" lon="1.899137"><ele>2451.493</ele><time>2018-11-10T13:47:26Z</time></trkpt><trkpt lat="42.321839" lon="1.899200"><ele>2450.527</ele><time>2018-11-10T13:47:30Z</time></trkpt><trkpt lat="42.321861" lon="1.899265"><ele>2448.528</ele><time>2018-11-10T13:47:35Z</time></trkpt><trkpt lat="42.321895" lon="1.899322"><ele>2449.889</ele><time>2018-11-10T13:47:40Z</time></trkpt><trkpt lat="42.321922" lon="1.899382"><ele>2449.717</ele><time>2018-11-10T13:47:45Z</time></trkpt><trkpt lat="42.321942" lon="1.899451"><ele>2448.608</ele><time>2018-11-10T13:47:50Z</time></trkpt><trkpt lat="42.321957" lon="1.899513"><ele>2448.475</ele><time>2018-11-10T13:47:55Z</time></trkpt><trkpt lat="42.321972" lon="1.899576"><ele>2447.592</ele><time>2018-11-10T13:48:00Z</time></trkpt><trkpt lat="42.321996" lon="1.899640"><ele>2446.816</ele><time>2018-11-10T13:48:05Z</time></trkpt><trkpt lat="42.322011" lon="1.899697"><ele>2445.280</ele><time>2018-11-10T13:48:09Z</time></trkpt><trkpt lat="42.322037" lon="1.899760"><ele>2446.029</ele><time>2018-11-10T13:48:14Z</time></trkpt><trkpt lat="42.322065" lon="1.899827"><ele>2443.549</ele><time>2018-11-10T13:48:19Z</time></trkpt><trkpt lat="42.322098" lon="1.899887"><ele>2444.438</ele><time>2018-11-10T13:48:23Z</time></trkpt><trkpt lat="42.322125" lon="1.899946"><ele>2442.512</ele><time>2018-11-10T13:48:27Z</time></trkpt><trkpt lat="42.322155" lon="1.900008"><ele>2441.855</ele><time>2018-11-10T13:48:32Z</time></trkpt><trkpt lat="42.322183" lon="1.900067"><ele>2441.607</ele><time>2018-11-10T13:48:37Z</time></trkpt><trkpt lat="42.322203" lon="1.900131"><ele>2441.417</ele><time>2018-11-10T13:48:42Z</time></trkpt><trkpt lat="42.322227" lon="1.900190"><ele>2441.708</ele><time>2018-11-10T13:48:46Z</time></trkpt><trkpt lat="42.322238" lon="1.900254"><ele>2439.788</ele><time>2018-11-10T13:48:51Z</time></trkpt><trkpt lat="42.322252" lon="1.900323"><ele>2439.585</ele><time>2018-11-10T13:48:57Z</time></trkpt><trkpt lat="42.322275" lon="1.900382"><ele>2438.359</ele><time>2018-11-10T13:49:02Z</time></trkpt><trkpt lat="42.322297" lon="1.900437"><ele>2437.813</ele><time>2018-11-10T13:49:07Z</time></trkpt><trkpt lat="42.322318" lon="1.900495"><ele>2437.182</ele><time>2018-11-10T13:49:13Z</time></trkpt><trkpt lat="42.322354" lon="1.900543"><ele>2435.642</ele><time>2018-11-10T13:49:22Z</time></trkpt><trkpt lat="42.322400" lon="1.900581"><ele>2435.061</ele><time>2018-11-10T13:49:27Z</time></trkpt><trkpt lat="42.322448" lon="1.900612"><ele>2433.355</ele><time>2018-11-10T13:49:32Z</time></trkpt><trkpt lat="42.322491" lon="1.900632"><ele>2430.852</ele><time>2018-11-10T13:49:37Z</time></trkpt><trkpt lat="42.322539" lon="1.900652"><ele>2429.553</ele><time>2018-11-10T13:49:43Z</time></trkpt><trkpt lat="42.322587" lon="1.900670"><ele>2428.108</ele><time>2018-11-10T13:49:49Z</time></trkpt><trkpt lat="42.322632" lon="1.900690"><ele>2427.208</ele><time>2018-11-10T13:49:54Z</time></trkpt><trkpt lat="42.322678" lon="1.900712"><ele>2425.668</ele><time>2018-11-10T13:49:59Z</time></trkpt><trkpt lat="42.322723" lon="1.900728"><ele>2423.585</ele><time>2018-11-10T13:50:04Z</time></trkpt><trkpt lat="42.322769" lon="1.900752"><ele>2423.829</ele><time>2018-11-10T13:50:09Z</time></trkpt><trkpt lat="42.322810" lon="1.900788"><ele>2423.383</ele><time>2018-11-10T13:50:14Z</time></trkpt><trkpt lat="42.322852" lon="1.900821"><ele>2422.382</ele><time>2018-11-10T13:50:19Z</time></trkpt><trkpt lat="42.322897" lon="1.900860"><ele>2422.132</ele><time>2018-11-10T13:50:24Z</time></trkpt><trkpt lat="42.322943" lon="1.900901"><ele>2422.111</ele><time>2018-11-10T13:50:29Z</time></trkpt><trkpt lat="42.322983" lon="1.900929"><ele>2421.715</ele><time>2018-11-10T13:50:33Z</time></trkpt><trkpt lat="42.323025" lon="1.900957"><ele>2423.335</ele><time>2018-11-10T13:50:37Z</time></trkpt><trkpt lat="42.323072" lon="1.900987"><ele>2421.186</ele><time>2018-11-10T13:50:41Z</time></trkpt><trkpt lat="42.323123" lon="1.901006"><ele>2420.314</ele><time>2018-11-10T13:50:46Z</time></trkpt><trkpt lat="42.323176" lon="1.901010"><ele>2418.308</ele><time>2018-11-10T13:50:52Z</time></trkpt><trkpt lat="42.323229" lon="1.901011"><ele>2415.416</ele><time>2018-11-10T13:50:57Z</time></trkpt><trkpt lat="42.323282" lon="1.901021"><ele>2417.953</ele><time>2018-11-10T13:51:02Z</time></trkpt><trkpt lat="42.323338" lon="1.901029"><ele>2418.987</ele><time>2018-11-10T13:51:07Z</time></trkpt><trkpt lat="42.323392" lon="1.901041"><ele>2416.451</ele><time>2018-11-10T13:51:12Z</time></trkpt><trkpt lat="42.323444" lon="1.901062"><ele>2415.960</ele><time>2018-11-10T13:51:17Z</time></trkpt><trkpt lat="42.323484" lon="1.901104"><ele>2413.510</ele><time>2018-11-10T13:51:22Z</time></trkpt><trkpt lat="42.323521" lon="1.901155"><ele>2414.569</ele><time>2018-11-10T13:51:28Z</time></trkpt><trkpt lat="42.323567" lon="1.901185"><ele>2413.343</ele><time>2018-11-10T13:51:33Z</time></trkpt><trkpt lat="42.323606" lon="1.901217"><ele>2413.384</ele><time>2018-11-10T13:51:38Z</time></trkpt><trkpt lat="42.323656" lon="1.901240"><ele>2409.707</ele><time>2018-11-10T13:51:43Z</time></trkpt><trkpt lat="42.323704" lon="1.901266"><ele>2409.917</ele><time>2018-11-10T13:51:47Z</time></trkpt><trkpt lat="42.323759" lon="1.901279"><ele>2409.808</ele><time>2018-11-10T13:51:52Z</time></trkpt><trkpt lat="42.323801" lon="1.901306"><ele>2411.081</ele><time>2018-11-10T13:51:56Z</time></trkpt><trkpt lat="42.323839" lon="1.901342"><ele>2407.918</ele><time>2018-11-10T13:52:00Z</time></trkpt><trkpt lat="42.323886" lon="1.901362"><ele>2405.982</ele><time>2018-11-10T13:52:05Z</time></trkpt><trkpt lat="42.323932" lon="1.901390"><ele>2406.386</ele><time>2018-11-10T13:52:11Z</time></trkpt><trkpt lat="42.323965" lon="1.901438"><ele>2403.045</ele><time>2018-11-10T13:52:16Z</time></trkpt><trkpt lat="42.324001" lon="1.901488"><ele>2402.995</ele><time>2018-11-10T13:52:21Z</time></trkpt><trkpt lat="42.324033" lon="1.901531"><ele>2402.284</ele><time>2018-11-10T13:52:25Z</time></trkpt><trkpt lat="42.324073" lon="1.901573"><ele>2401.158</ele><time>2018-11-10T13:52:29Z</time></trkpt><trkpt lat="42.324117" lon="1.901617"><ele>2397.971</ele><time>2018-11-10T13:52:34Z</time></trkpt><trkpt lat="42.324153" lon="1.901654"><ele>2396.941</ele><time>2018-11-10T13:52:39Z</time></trkpt><trkpt lat="42.324187" lon="1.901699"><ele>2395.315</ele><time>2018-11-10T13:52:45Z</time></trkpt><trkpt lat="42.324226" lon="1.901753"><ele>2392.008</ele><time>2018-11-10T13:52:51Z</time></trkpt><trkpt lat="42.324258" lon="1.901809"><ele>2390.180</ele><time>2018-11-10T13:52:57Z</time></trkpt><trkpt lat="42.324292" lon="1.901855"><ele>2388.357</ele><time>2018-11-10T13:53:01Z</time></trkpt><trkpt lat="42.324323" lon="1.901902"><ele>2386.071</ele><time>2018-11-10T13:53:06Z</time></trkpt><trkpt lat="42.324360" lon="1.901951"><ele>2385.285</ele><time>2018-11-10T13:53:12Z</time></trkpt><trkpt lat="42.324400" lon="1.901991"><ele>2383.674</ele><time>2018-11-10T13:53:17Z</time></trkpt><trkpt lat="42.324438" lon="1.902037"><ele>2382.144</ele><time>2018-11-10T13:53:22Z</time></trkpt><trkpt lat="42.324477" lon="1.902081"><ele>2380.033</ele><time>2018-11-10T13:53:27Z</time></trkpt><trkpt lat="42.324514" lon="1.902117"><ele>2379.377</ele><time>2018-11-10T13:53:32Z</time></trkpt><trkpt lat="42.324551" lon="1.902156"><ele>2375.929</ele><time>2018-11-10T13:53:38Z</time></trkpt><trkpt lat="42.324582" lon="1.902204"><ele>2374.100</ele><time>2018-11-10T13:53:44Z</time></trkpt><trkpt lat="42.324615" lon="1.902246"><ele>2373.720</ele><time>2018-11-10T13:53:49Z</time></trkpt><trkpt lat="42.324644" lon="1.902297"><ele>2371.908</ele><time>2018-11-10T13:53:55Z</time></trkpt><trkpt lat="42.324682" lon="1.902340"><ele>2370.085</ele><time>2018-11-10T13:54:00Z</time></trkpt><trkpt lat="42.324724" lon="1.902389"><ele>2367.992</ele><time>2018-11-10T13:54:05Z</time></trkpt><trkpt lat="42.324763" lon="1.902426"><ele>2365.116</ele><time>2018-11-10T13:54:09Z</time></trkpt><trkpt lat="42.324801" lon="1.902464"><ele>2365.060</ele><time>2018-11-10T13:54:13Z</time></trkpt><trkpt lat="42.324834" lon="1.902514"><ele>2363.959</ele><time>2018-11-10T13:54:19Z</time></trkpt><trkpt lat="42.324874" lon="1.902546"><ele>2362.759</ele><time>2018-11-10T13:54:24Z</time></trkpt><trkpt lat="42.324917" lon="1.902578"><ele>2361.548</ele><time>2018-11-10T13:54:28Z</time></trkpt><trkpt lat="42.324956" lon="1.902608"><ele>2359.862</ele><time>2018-11-10T13:54:32Z</time></trkpt><trkpt lat="42.324997" lon="1.902644"><ele>2359.398</ele><time>2018-11-10T13:54:38Z</time></trkpt><trkpt lat="42.325035" lon="1.902679"><ele>2356.315</ele><time>2018-11-10T13:54:44Z</time></trkpt><trkpt lat="42.325075" lon="1.902715"><ele>2355.826</ele><time>2018-11-10T13:54:48Z</time></trkpt><trkpt lat="42.325117" lon="1.902742"><ele>2353.308</ele><time>2018-11-10T13:54:52Z</time></trkpt><trkpt lat="42.325163" lon="1.902781"><ele>2354.092</ele><time>2018-11-10T13:54:57Z</time></trkpt><trkpt lat="42.325212" lon="1.902806"><ele>2350.019</ele><time>2018-11-10T13:55:02Z</time></trkpt><trkpt lat="42.325264" lon="1.902831"><ele>2349.133</ele><time>2018-11-10T13:55:07Z</time></trkpt><trkpt lat="42.325314" lon="1.902853"><ele>2351.217</ele><time>2018-11-10T13:55:12Z</time></trkpt><trkpt lat="42.325358" lon="1.902882"><ele>2351.266</ele><time>2018-11-10T13:55:17Z</time></trkpt><trkpt lat="42.325411" lon="1.902908"><ele>2350.316</ele><time>2018-11-10T13:55:22Z</time></trkpt><trkpt lat="42.325457" lon="1.902925"><ele>2349.555</ele><time>2018-11-10T13:55:26Z</time></trkpt><trkpt lat="42.325505" lon="1.902946"><ele>2348.859</ele><time>2018-11-10T13:55:31Z</time></trkpt><trkpt lat="42.325550" lon="1.902963"><ele>2348.917</ele><time>2018-11-10T13:55:37Z</time></trkpt><trkpt lat="42.325591" lon="1.902989"><ele>2349.687</ele><time>2018-11-10T13:55:43Z</time></trkpt><trkpt lat="42.325639" lon="1.903010"><ele>2347.315</ele><time>2018-11-10T13:55:49Z</time></trkpt><trkpt lat="42.325691" lon="1.903029"><ele>2348.008</ele><time>2018-11-10T13:55:55Z</time></trkpt><trkpt lat="42.325739" lon="1.903051"><ele>2344.454</ele><time>2018-11-10T13:56:01Z</time></trkpt><trkpt lat="42.325786" lon="1.903074"><ele>2346.631</ele><time>2018-11-10T13:56:22Z</time></trkpt><trkpt lat="42.325831" lon="1.903136"><ele>2345.145</ele><time>2018-11-10T13:56:32Z</time></trkpt><trkpt lat="42.325879" lon="1.903152"><ele>2345.999</ele><time>2018-11-10T13:56:41Z</time></trkpt><trkpt lat="42.325925" lon="1.903172"><ele>2347.058</ele><time>2018-11-10T13:56:46Z</time></trkpt><trkpt lat="42.325971" lon="1.903194"><ele>2345.438</ele><time>2018-11-10T13:56:51Z</time></trkpt><trkpt lat="42.326015" lon="1.903222"><ele>2345.087</ele><time>2018-11-10T13:56:56Z</time></trkpt><trkpt lat="42.326057" lon="1.903253"><ele>2345.871</ele><time>2018-11-10T13:57:01Z</time></trkpt><trkpt lat="42.326102" lon="1.903286"><ele>2345.097</ele><time>2018-11-10T13:57:06Z</time></trkpt><trkpt lat="42.326149" lon="1.903318"><ele>2344.723</ele><time>2018-11-10T13:57:11Z</time></trkpt><trkpt lat="42.326195" lon="1.903351"><ele>2345.225</ele><time>2018-11-10T13:57:16Z</time></trkpt><trkpt lat="42.326241" lon="1.903382"><ele>2344.608</ele><time>2018-11-10T13:57:21Z</time></trkpt><trkpt lat="42.326283" lon="1.903407"><ele>2343.042</ele><time>2018-11-10T13:57:25Z</time></trkpt><trkpt lat="42.326334" lon="1.903444"><ele>2343.479</ele><time>2018-11-10T13:57:29Z</time></trkpt><trkpt lat="42.326375" lon="1.903482"><ele>2340.913</ele><time>2018-11-10T13:57:33Z</time></trkpt><trkpt lat="42.326417" lon="1.903528"><ele>2342.837</ele><time>2018-11-10T13:57:38Z</time></trkpt><trkpt lat="42.326461" lon="1.903572"><ele>2341.876</ele><time>2018-11-10T13:57:43Z</time></trkpt><trkpt lat="42.326496" lon="1.903617"><ele>2339.256</ele><time>2018-11-10T13:57:47Z</time></trkpt><trkpt lat="42.326532" lon="1.903662"><ele>2340.155</ele><time>2018-11-10T13:57:52Z</time></trkpt><trkpt lat="42.326579" lon="1.903697"><ele>2338.529</ele><time>2018-11-10T13:57:58Z</time></trkpt><trkpt lat="42.326622" lon="1.903729"><ele>2335.314</ele><time>2018-11-10T13:58:02Z</time></trkpt><trkpt lat="42.326662" lon="1.903765"><ele>2335.754</ele><time>2018-11-10T13:58:06Z</time></trkpt><trkpt lat="42.326702" lon="1.903804"><ele>2334.409</ele><time>2018-11-10T13:58:10Z</time></trkpt><trkpt lat="42.326740" lon="1.903838"><ele>2334.808</ele><time>2018-11-10T13:58:14Z</time></trkpt><trkpt lat="42.326783" lon="1.903886"><ele>2331.314</ele><time>2018-11-10T13:58:19Z</time></trkpt><trkpt lat="42.326820" lon="1.903927"><ele>2330.521</ele><time>2018-11-10T13:58:26Z</time></trkpt><trkpt lat="42.326860" lon="1.903962"><ele>2329.485</ele><time>2018-11-10T13:58:30Z</time></trkpt><trkpt lat="42.326901" lon="1.903998"><ele>2331.999</ele><time>2018-11-10T13:58:34Z</time></trkpt><trkpt lat="42.326947" lon="1.903996"><ele>2331.428</ele><time>2018-11-10T13:58:39Z</time></trkpt><trkpt lat="42.326998" lon="1.903997"><ele>2330.488</ele><time>2018-11-10T13:58:45Z</time></trkpt><trkpt lat="42.327033" lon="1.904045"><ele>2329.247</ele><time>2018-11-10T13:59:43Z</time></trkpt><trkpt lat="42.327068" lon="1.904093"><ele>2327.811</ele><time>2018-11-10T13:59:49Z</time></trkpt><trkpt lat="42.327113" lon="1.904134"><ele>2325.912</ele><time>2018-11-10T13:59:54Z</time></trkpt><trkpt lat="42.327160" lon="1.904178"><ele>2327.632</ele><time>2018-11-10T13:59:59Z</time></trkpt><trkpt lat="42.327198" lon="1.904212"><ele>2326.305</ele><time>2018-11-10T14:00:03Z</time></trkpt><trkpt lat="42.327239" lon="1.904256"><ele>2326.808</ele><time>2018-11-10T14:00:08Z</time></trkpt><trkpt lat="42.327282" lon="1.904300"><ele>2326.184</ele><time>2018-11-10T14:00:13Z</time></trkpt><trkpt lat="42.327317" lon="1.904346"><ele>2328.621</ele><time>2018-11-10T14:00:18Z</time></trkpt><trkpt lat="42.327359" lon="1.904393"><ele>2327.235</ele><time>2018-11-10T14:00:23Z</time></trkpt><trkpt lat="42.327395" lon="1.904435"><ele>2325.769</ele><time>2018-11-10T14:00:27Z</time></trkpt><trkpt lat="42.327428" lon="1.904483"><ele>2324.848</ele><time>2018-11-10T14:00:31Z</time></trkpt><trkpt lat="42.327463" lon="1.904525"><ele>2323.078</ele><time>2018-11-10T14:00:37Z</time></trkpt><trkpt lat="42.327509" lon="1.904569"><ele>2325.137</ele><time>2018-11-10T14:00:42Z</time></trkpt><trkpt lat="42.327554" lon="1.904608"><ele>2324.481</ele><time>2018-11-10T14:00:46Z</time></trkpt><trkpt lat="42.327596" lon="1.904646"><ele>2323.531</ele><time>2018-11-10T14:00:50Z</time></trkpt><trkpt lat="42.327629" lon="1.904689"><ele>2322.561</ele><time>2018-11-10T14:00:56Z</time></trkpt><trkpt lat="42.327667" lon="1.904739"><ele>2321.907</ele><time>2018-11-10T14:01:01Z</time></trkpt><trkpt lat="42.327702" lon="1.904788"><ele>2319.808</ele><time>2018-11-10T14:01:06Z</time></trkpt><trkpt lat="42.327740" lon="1.904839"><ele>2321.356</ele><time>2018-11-10T14:01:12Z</time></trkpt><trkpt lat="42.327775" lon="1.904881"><ele>2321.013</ele><time>2018-11-10T14:01:16Z</time></trkpt><trkpt lat="42.327812" lon="1.904929"><ele>2320.697</ele><time>2018-11-10T14:01:20Z</time></trkpt><trkpt lat="42.327853" lon="1.904968"><ele>2319.161</ele><time>2018-11-10T14:01:25Z</time></trkpt><trkpt lat="42.327891" lon="1.905011"><ele>2320.550</ele><time>2018-11-10T14:01:30Z</time></trkpt><trkpt lat="42.327930" lon="1.905057"><ele>2318.650</ele><time>2018-11-10T14:01:35Z</time></trkpt><trkpt lat="42.327971" lon="1.905107"><ele>2317.539</ele><time>2018-11-10T14:01:40Z</time></trkpt><trkpt lat="42.328008" lon="1.905147"><ele>2316.783</ele><time>2018-11-10T14:01:44Z</time></trkpt><trkpt lat="42.328049" lon="1.905186"><ele>2317.461</ele><time>2018-11-10T14:01:48Z</time></trkpt><trkpt lat="42.328093" lon="1.905226"><ele>2316.421</ele><time>2018-11-10T14:01:53Z</time></trkpt><trkpt lat="42.328124" lon="1.905275"><ele>2315.413</ele><time>2018-11-10T14:01:58Z</time></trkpt><trkpt lat="42.328154" lon="1.905330"><ele>2313.608</ele><time>2018-11-10T14:02:03Z</time></trkpt><trkpt lat="42.328188" lon="1.905371"><ele>2312.389</ele><time>2018-11-10T14:02:08Z</time></trkpt><trkpt lat="42.328221" lon="1.905412"><ele>2314.116</ele><time>2018-11-10T14:02:12Z</time></trkpt><trkpt lat="42.328262" lon="1.905459"><ele>2314.510</ele><time>2018-11-10T14:02:16Z</time></trkpt><trkpt lat="42.328298" lon="1.905506"><ele>2315.254</ele><time>2018-11-10T14:02:21Z</time></trkpt><trkpt lat="42.328329" lon="1.905561"><ele>2313.283</ele><time>2018-11-10T14:02:26Z</time></trkpt><trkpt lat="42.328360" lon="1.905622"><ele>2313.373</ele><time>2018-11-10T14:02:31Z</time></trkpt><trkpt lat="42.328391" lon="1.905674"><ele>2314.332</ele><time>2018-11-10T14:02:36Z</time></trkpt><trkpt lat="42.328422" lon="1.905730"><ele>2311.576</ele><time>2018-11-10T14:02:41Z</time></trkpt><trkpt lat="42.328454" lon="1.905779"><ele>2313.262</ele><time>2018-11-10T14:02:45Z</time></trkpt><trkpt lat="42.328486" lon="1.905827"><ele>2312.383</ele><time>2018-11-10T14:02:49Z</time></trkpt><trkpt lat="42.328519" lon="1.905884"><ele>2311.411</ele><time>2018-11-10T14:02:54Z</time></trkpt><trkpt lat="42.328541" lon="1.905944"><ele>2310.608</ele><time>2018-11-10T14:02:59Z</time></trkpt><trkpt lat="42.328562" lon="1.906009"><ele>2308.669</ele><time>2018-11-10T14:03:04Z</time></trkpt><trkpt lat="42.328582" lon="1.906073"><ele>2306.736</ele><time>2018-11-10T14:03:09Z</time></trkpt><trkpt lat="42.328604" lon="1.906131"><ele>2307.070</ele><time>2018-11-10T14:03:14Z</time></trkpt><trkpt lat="42.328632" lon="1.906182"><ele>2305.564</ele><time>2018-11-10T14:03:18Z</time></trkpt><trkpt lat="42.328669" lon="1.906240"><ele>2307.223</ele><time>2018-11-10T14:03:23Z</time></trkpt><trkpt lat="42.328705" lon="1.906286"><ele>2305.753</ele><time>2018-11-10T14:03:27Z</time></trkpt><trkpt lat="42.328736" lon="1.906334"><ele>2304.632</ele><time>2018-11-10T14:03:31Z</time></trkpt><trkpt lat="42.328766" lon="1.906395"><ele>2304.936</ele><time>2018-11-10T14:03:36Z</time></trkpt><trkpt lat="42.328785" lon="1.906451"><ele>2305.497</ele><time>2018-11-10T14:03:41Z</time></trkpt><trkpt lat="42.328818" lon="1.906496"><ele>2305.023</ele><time>2018-11-10T14:03:45Z</time></trkpt><trkpt lat="42.328856" lon="1.906545"><ele>2304.025</ele><time>2018-11-10T14:03:49Z</time></trkpt><trkpt lat="42.328894" lon="1.906597"><ele>2303.508</ele><time>2018-11-10T14:03:53Z</time></trkpt><trkpt lat="42.328926" lon="1.906653"><ele>2304.572</ele><time>2018-11-10T14:03:57Z</time></trkpt><trkpt lat="42.328959" lon="1.906705"><ele>2304.399</ele><time>2018-11-10T14:04:01Z</time></trkpt><trkpt lat="42.328989" lon="1.906758"><ele>2301.163</ele><time>2018-11-10T14:04:05Z</time></trkpt><trkpt lat="42.329019" lon="1.906808"><ele>2298.987</ele><time>2018-11-10T14:04:09Z</time></trkpt><trkpt lat="42.329051" lon="1.906867"><ele>2298.236</ele><time>2018-11-10T14:04:13Z</time></trkpt><trkpt lat="42.329077" lon="1.906927"><ele>2297.876</ele><time>2018-11-10T14:04:17Z</time></trkpt><trkpt lat="42.329100" lon="1.906995"><ele>2298.155</ele><time>2018-11-10T14:04:22Z</time></trkpt><trkpt lat="42.329125" lon="1.907056"><ele>2297.689</ele><time>2018-11-10T14:04:27Z</time></trkpt><trkpt lat="42.329144" lon="1.907120"><ele>2296.556</ele><time>2018-11-10T14:04:32Z</time></trkpt><trkpt lat="42.329157" lon="1.907187"><ele>2295.859</ele><time>2018-11-10T14:04:37Z</time></trkpt><trkpt lat="42.329191" lon="1.907242"><ele>2293.914</ele><time>2018-11-10T14:04:42Z</time></trkpt><trkpt lat="42.329220" lon="1.907294"><ele>2291.208</ele><time>2018-11-10T14:04:47Z</time></trkpt><trkpt lat="42.329243" lon="1.907352"><ele>2291.718</ele><time>2018-11-10T14:04:52Z</time></trkpt><trkpt lat="42.329264" lon="1.907412"><ele>2291.365</ele><time>2018-11-10T14:04:56Z</time></trkpt><trkpt lat="42.329284" lon="1.907480"><ele>2288.459</ele><time>2018-11-10T14:05:01Z</time></trkpt><trkpt lat="42.329305" lon="1.907537"><ele>2287.553</ele><time>2018-11-10T14:05:05Z</time></trkpt><trkpt lat="42.329329" lon="1.907603"><ele>2287.462</ele><time>2018-11-10T14:05:10Z</time></trkpt><trkpt lat="42.329345" lon="1.907667"><ele>2284.112</ele><time>2018-11-10T14:05:17Z</time></trkpt><trkpt lat="42.329365" lon="1.907724"><ele>2283.381</ele><time>2018-11-10T14:05:26Z</time></trkpt><trkpt lat="42.329389" lon="1.907786"><ele>2281.395</ele><time>2018-11-10T14:05:32Z</time></trkpt><trkpt lat="42.329402" lon="1.907845"><ele>2281.499</ele><time>2018-11-10T14:05:37Z</time></trkpt><trkpt lat="42.329416" lon="1.907908"><ele>2280.607</ele><time>2018-11-10T14:05:42Z</time></trkpt><trkpt lat="42.329446" lon="1.907973"><ele>2278.827</ele><time>2018-11-10T14:05:47Z</time></trkpt><trkpt lat="42.329474" lon="1.908026"><ele>2279.008</ele><time>2018-11-10T14:05:51Z</time></trkpt><trkpt lat="42.329491" lon="1.908093"><ele>2276.222</ele><time>2018-11-10T14:05:56Z</time></trkpt><trkpt lat="42.329504" lon="1.908157"><ele>2275.999</ele><time>2018-11-10T14:06:01Z</time></trkpt><trkpt lat="42.329517" lon="1.908230"><ele>2275.663</ele><time>2018-11-10T14:06:06Z</time></trkpt><trkpt lat="42.329533" lon="1.908304"><ele>2275.417</ele><time>2018-11-10T14:06:11Z</time></trkpt><trkpt lat="42.329550" lon="1.908364"><ele>2272.736</ele><time>2018-11-10T14:06:15Z</time></trkpt><trkpt lat="42.329564" lon="1.908423"><ele>2273.796</ele><time>2018-11-10T14:06:19Z</time></trkpt><trkpt lat="42.329586" lon="1.908493"><ele>2271.275</ele><time>2018-11-10T14:06:24Z</time></trkpt><trkpt lat="42.329603" lon="1.908552"><ele>2271.229</ele><time>2018-11-10T14:06:28Z</time></trkpt><trkpt lat="42.329612" lon="1.908623"><ele>2271.472</ele><time>2018-11-10T14:06:33Z</time></trkpt><trkpt lat="42.329625" lon="1.908692"><ele>2270.513</ele><time>2018-11-10T14:06:40Z</time></trkpt><trkpt lat="42.329642" lon="1.908764"><ele>2270.914</ele><time>2018-11-10T14:06:45Z</time></trkpt><trkpt lat="42.329652" lon="1.908830"><ele>2270.108</ele><time>2018-11-10T14:06:49Z</time></trkpt><trkpt lat="42.329662" lon="1.908895"><ele>2268.430</ele><time>2018-11-10T14:06:53Z</time></trkpt><trkpt lat="42.329672" lon="1.908956"><ele>2266.657</ele><time>2018-11-10T14:06:57Z</time></trkpt><trkpt lat="42.329678" lon="1.909021"><ele>2267.341</ele><time>2018-11-10T14:07:01Z</time></trkpt><trkpt lat="42.329687" lon="1.909091"><ele>2265.845</ele><time>2018-11-10T14:07:06Z</time></trkpt><trkpt lat="42.329699" lon="1.909155"><ele>2264.724</ele><time>2018-11-10T14:07:31Z</time></trkpt><trkpt lat="42.329694" lon="1.909220"><ele>2263.074</ele><time>2018-11-10T14:07:43Z</time></trkpt><trkpt lat="42.329688" lon="1.909289"><ele>2261.353</ele><time>2018-11-10T14:07:51Z</time></trkpt><trkpt lat="42.329679" lon="1.909357"><ele>2259.897</ele><time>2018-11-10T14:07:57Z</time></trkpt><trkpt lat="42.329674" lon="1.909418"><ele>2257.762</ele><time>2018-11-10T14:08:02Z</time></trkpt><trkpt lat="42.329672" lon="1.909487"><ele>2255.483</ele><time>2018-11-10T14:08:09Z</time></trkpt><trkpt lat="42.329662" lon="1.909551"><ele>2253.811</ele><time>2018-11-10T14:08:13Z</time></trkpt><trkpt lat="42.329656" lon="1.909614"><ele>2253.408</ele><time>2018-11-10T14:08:17Z</time></trkpt><trkpt lat="42.329651" lon="1.909678"><ele>2251.799</ele><time>2018-11-10T14:08:23Z</time></trkpt><trkpt lat="42.329652" lon="1.909741"><ele>2248.976</ele><time>2018-11-10T14:08:31Z</time></trkpt><trkpt lat="42.329651" lon="1.909807"><ele>2246.930</ele><time>2018-11-10T14:08:37Z</time></trkpt><trkpt lat="42.329647" lon="1.909873"><ele>2245.824</ele><time>2018-11-10T14:08:42Z</time></trkpt><trkpt lat="42.329643" lon="1.909935"><ele>2244.083</ele><time>2018-11-10T14:08:47Z</time></trkpt><trkpt lat="42.329647" lon="1.909999"><ele>2244.163</ele><time>2018-11-10T14:08:52Z</time></trkpt><trkpt lat="42.329644" lon="1.910060"><ele>2241.242</ele><time>2018-11-10T14:08:57Z</time></trkpt><trkpt lat="42.329648" lon="1.910122"><ele>2241.546</ele><time>2018-11-10T14:09:02Z</time></trkpt><trkpt lat="42.329653" lon="1.910197"><ele>2240.996</ele><time>2018-11-10T14:09:07Z</time></trkpt><trkpt lat="42.329606" lon="1.910213"><ele>2238.631</ele><time>2018-11-10T14:11:21Z</time></trkpt><trkpt lat="42.329573" lon="1.910263"><ele>2237.024</ele><time>2018-11-10T14:11:27Z</time></trkpt><trkpt lat="42.329545" lon="1.910324"><ele>2235.808</ele><time>2018-11-10T14:11:33Z</time></trkpt><trkpt lat="42.329513" lon="1.910378"><ele>2234.412</ele><time>2018-11-10T14:11:39Z</time></trkpt><trkpt lat="42.329479" lon="1.910425"><ele>2233.459</ele><time>2018-11-10T14:11:45Z</time></trkpt><trkpt lat="42.329449" lon="1.910483"><ele>2232.743</ele><time>2018-11-10T14:11:51Z</time></trkpt><trkpt lat="42.329421" lon="1.910531"><ele>2231.577</ele><time>2018-11-10T14:11:56Z</time></trkpt><trkpt lat="42.329389" lon="1.910589"><ele>2230.346</ele><time>2018-11-10T14:12:02Z</time></trkpt><trkpt lat="42.329362" lon="1.910641"><ele>2229.166</ele><time>2018-11-10T14:12:07Z</time></trkpt><trkpt lat="42.329335" lon="1.910695"><ele>2226.945</ele><time>2018-11-10T14:12:12Z</time></trkpt><trkpt lat="42.329305" lon="1.910749"><ele>2226.399</ele><time>2018-11-10T14:12:18Z</time></trkpt><trkpt lat="42.329269" lon="1.910802"><ele>2223.686</ele><time>2018-11-10T14:12:24Z</time></trkpt><trkpt lat="42.329234" lon="1.910857"><ele>2222.660</ele><time>2018-11-10T14:12:30Z</time></trkpt><trkpt lat="42.329206" lon="1.910912"><ele>2221.126</ele><time>2018-11-10T14:12:44Z</time></trkpt><trkpt lat="42.329181" lon="1.910967"><ele>2219.708</ele><time>2018-11-10T14:12:51Z</time></trkpt><trkpt lat="42.329150" lon="1.911019"><ele>2217.391</ele><time>2018-11-10T14:12:59Z</time></trkpt><trkpt lat="42.329122" lon="1.911070"><ele>2216.828</ele><time>2018-11-10T14:13:06Z</time></trkpt><trkpt lat="42.329095" lon="1.911127"><ele>2214.152</ele><time>2018-11-10T14:13:13Z</time></trkpt><trkpt lat="42.329070" lon="1.911187"><ele>2211.626</ele><time>2018-11-10T14:13:20Z</time></trkpt><trkpt lat="42.329049" lon="1.911246"><ele>2210.695</ele><time>2018-11-10T14:13:26Z</time></trkpt><trkpt lat="42.329038" lon="1.911310"><ele>2208.925</ele><time>2018-11-10T14:13:32Z</time></trkpt><trkpt lat="42.329030" lon="1.911379"><ele>2207.194</ele><time>2018-11-10T14:13:39Z</time></trkpt><trkpt lat="42.329027" lon="1.911446"><ele>2204.528</ele><time>2018-11-10T14:13:46Z</time></trkpt><trkpt lat="42.329025" lon="1.911513"><ele>2202.957</ele><time>2018-11-10T14:13:52Z</time></trkpt><trkpt lat="42.329023" lon="1.911583"><ele>2200.700</ele><time>2018-11-10T14:13:58Z</time></trkpt><trkpt lat="42.329030" lon="1.911646"><ele>2200.320</ele><time>2018-11-10T14:14:03Z</time></trkpt><trkpt lat="42.329049" lon="1.911704"><ele>2199.408</ele><time>2018-11-10T14:14:08Z</time></trkpt><trkpt lat="42.329091" lon="1.911737"><ele>2199.418</ele><time>2018-11-10T14:14:14Z</time></trkpt><trkpt lat="42.329143" lon="1.911728"><ele>2197.735</ele><time>2018-11-10T14:14:21Z</time></trkpt><trkpt lat="42.329188" lon="1.911732"><ele>2196.599</ele><time>2018-11-10T14:14:26Z</time></trkpt><trkpt lat="42.329236" lon="1.911735"><ele>2195.593</ele><time>2018-11-10T14:14:31Z</time></trkpt><trkpt lat="42.329285" lon="1.911731"><ele>2193.862</ele><time>2018-11-10T14:14:36Z</time></trkpt><trkpt lat="42.329336" lon="1.911735"><ele>2191.662</ele><time>2018-11-10T14:14:42Z</time></trkpt><trkpt lat="42.329382" lon="1.911738"><ele>2191.021</ele><time>2018-11-10T14:14:47Z</time></trkpt><trkpt lat="42.329432" lon="1.911744"><ele>2189.185</ele><time>2018-11-10T14:14:53Z</time></trkpt><trkpt lat="42.329480" lon="1.911742"><ele>2187.914</ele><time>2018-11-10T14:14:59Z</time></trkpt><trkpt lat="42.329528" lon="1.911739"><ele>2187.154</ele><time>2018-11-10T14:15:05Z</time></trkpt><trkpt lat="42.329580" lon="1.911729"><ele>2185.209</ele><time>2018-11-10T14:15:11Z</time></trkpt><trkpt lat="42.329629" lon="1.911717"><ele>2184.208</ele><time>2018-11-10T14:15:17Z</time></trkpt><trkpt lat="42.329679" lon="1.911723"><ele>2183.334</ele><time>2018-11-10T14:15:23Z</time></trkpt><trkpt lat="42.329732" lon="1.911727"><ele>2182.811</ele><time>2018-11-10T14:15:29Z</time></trkpt><trkpt lat="42.329777" lon="1.911725"><ele>2179.785</ele><time>2018-11-10T14:15:34Z</time></trkpt><trkpt lat="42.329830" lon="1.911729"><ele>2178.679</ele><time>2018-11-10T14:15:40Z</time></trkpt><trkpt lat="42.329882" lon="1.911732"><ele>2176.968</ele><time>2018-11-10T14:15:46Z</time></trkpt><trkpt lat="42.329927" lon="1.911754"><ele>2175.528</ele><time>2018-11-10T14:15:51Z</time></trkpt><trkpt lat="42.329971" lon="1.911772"><ele>2174.237</ele><time>2018-11-10T14:15:56Z</time></trkpt><trkpt lat="42.330019" lon="1.911780"><ele>2173.021</ele><time>2018-11-10T14:16:01Z</time></trkpt><trkpt lat="42.330070" lon="1.911792"><ele>2171.376</ele><time>2018-11-10T14:16:06Z</time></trkpt><trkpt lat="42.330119" lon="1.911807"><ele>2169.590</ele><time>2018-11-10T14:16:11Z</time></trkpt><trkpt lat="42.330164" lon="1.911833"><ele>2169.119</ele><time>2018-11-10T14:16:16Z</time></trkpt><trkpt lat="42.330210" lon="1.911859"><ele>2167.608</ele><time>2018-11-10T14:16:21Z</time></trkpt><trkpt lat="42.330257" lon="1.911885"><ele>2166.670</ele><time>2018-11-10T14:16:27Z</time></trkpt><trkpt lat="42.330300" lon="1.911911"><ele>2165.047</ele><time>2018-11-10T14:16:55Z</time></trkpt><trkpt lat="42.330337" lon="1.911952"><ele>2163.281</ele><time>2018-11-10T14:17:01Z</time></trkpt><trkpt lat="42.330375" lon="1.911997"><ele>2160.725</ele><time>2018-11-10T14:17:07Z</time></trkpt><trkpt lat="42.330405" lon="1.912053"><ele>2159.644</ele><time>2018-11-10T14:17:14Z</time></trkpt><trkpt lat="42.330424" lon="1.912111"><ele>2156.834</ele><time>2018-11-10T14:17:20Z</time></trkpt><trkpt lat="42.330458" lon="1.912167"><ele>2155.273</ele><time>2018-11-10T14:17:27Z</time></trkpt><trkpt lat="42.330488" lon="1.912227"><ele>2152.887</ele><time>2018-11-10T14:17:33Z</time></trkpt><trkpt lat="42.330511" lon="1.912287"><ele>2151.038</ele><time>2018-11-10T14:17:45Z</time></trkpt><trkpt lat="42.330531" lon="1.912345"><ele>2148.670</ele><time>2018-11-10T14:17:57Z</time></trkpt><trkpt lat="42.330536" lon="1.912418"><ele>2146.217</ele><time>2018-11-10T14:18:02Z</time></trkpt><trkpt lat="42.330540" lon="1.912491"><ele>2145.308</ele><time>2018-11-10T14:18:06Z</time></trkpt><trkpt lat="42.330541" lon="1.912556"><ele>2144.076</ele><time>2018-11-10T14:18:10Z</time></trkpt><trkpt lat="42.330538" lon="1.912625"><ele>2143.063</ele><time>2018-11-10T14:18:14Z</time></trkpt><trkpt lat="42.330535" lon="1.912686"><ele>2141.587</ele><time>2018-11-10T14:18:18Z</time></trkpt><trkpt lat="42.330530" lon="1.912748"><ele>2140.331</ele><time>2018-11-10T14:18:22Z</time></trkpt><trkpt lat="42.330516" lon="1.912818"><ele>2139.010</ele><time>2018-11-10T14:18:27Z</time></trkpt><trkpt lat="42.330498" lon="1.912885"><ele>2138.720</ele><time>2018-11-10T14:18:32Z</time></trkpt><trkpt lat="42.330483" lon="1.912956"><ele>2138.029</ele><time>2018-11-10T14:18:37Z</time></trkpt><trkpt lat="42.330467" lon="1.913014"><ele>2137.643</ele><time>2018-11-10T14:18:41Z</time></trkpt><trkpt lat="42.330444" lon="1.913069"><ele>2137.117</ele><time>2018-11-10T14:18:45Z</time></trkpt><trkpt lat="42.330420" lon="1.913123"><ele>2136.987</ele><time>2018-11-10T14:18:49Z</time></trkpt><trkpt lat="42.330391" lon="1.913170"><ele>2136.315</ele><time>2018-11-10T14:18:53Z</time></trkpt><trkpt lat="42.330338" lon="1.913178"><ele>2135.608</ele><time>2018-11-10T14:18:58Z</time></trkpt><trkpt lat="42.330294" lon="1.913158"><ele>2135.184</ele><time>2018-11-10T14:19:03Z</time></trkpt><trkpt lat="42.330246" lon="1.913131"><ele>2133.191</ele><time>2018-11-10T14:19:09Z</time></trkpt><trkpt lat="42.330198" lon="1.913111"><ele>2131.375</ele><time>2018-11-10T14:19:15Z</time></trkpt><trkpt lat="42.330149" lon="1.913100"><ele>2129.459</ele><time>2018-11-10T14:19:22Z</time></trkpt><trkpt lat="42.330101" lon="1.913092"><ele>2126.558</ele><time>2018-11-10T14:19:35Z</time></trkpt><trkpt lat="42.330051" lon="1.913095"><ele>2124.468</ele><time>2018-11-10T14:19:42Z</time></trkpt><trkpt lat="42.330006" lon="1.913122"><ele>2122.957</ele><time>2018-11-10T14:19:49Z</time></trkpt><trkpt lat="42.329960" lon="1.913148"><ele>2119.931</ele><time>2018-11-10T14:19:56Z</time></trkpt><trkpt lat="42.329915" lon="1.913176"><ele>2118.466</ele><time>2018-11-10T14:20:03Z</time></trkpt><trkpt lat="42.329870" lon="1.913157"><ele>2117.229</ele><time>2018-11-10T14:20:10Z</time></trkpt><trkpt lat="42.329823" lon="1.913165"><ele>2115.221</ele><time>2018-11-10T14:20:17Z</time></trkpt><trkpt lat="42.329777" lon="1.913195"><ele>2113.808</ele><time>2018-11-10T14:20:23Z</time></trkpt><trkpt lat="42.329736" lon="1.913230"><ele>2111.919</ele><time>2018-11-10T14:20:29Z</time></trkpt><trkpt lat="42.329703" lon="1.913273"><ele>2109.626</ele><time>2018-11-10T14:20:35Z</time></trkpt><trkpt lat="42.329679" lon="1.913329"><ele>2107.650</ele><time>2018-11-10T14:20:41Z</time></trkpt><trkpt lat="42.329652" lon="1.913388"><ele>2105.984</ele><time>2018-11-10T14:20:47Z</time></trkpt><trkpt lat="42.329615" lon="1.913430"><ele>2105.143</ele><time>2018-11-10T14:20:52Z</time></trkpt><trkpt lat="42.329584" lon="1.913482"><ele>2104.233</ele><time>2018-11-10T14:20:57Z</time></trkpt><trkpt lat="42.329553" lon="1.913533"><ele>2102.142</ele><time>2018-11-10T14:21:02Z</time></trkpt><trkpt lat="42.329519" lon="1.913589"><ele>2101.466</ele><time>2018-11-10T14:21:07Z</time></trkpt><trkpt lat="42.329488" lon="1.913648"><ele>2100.364</ele><time>2018-11-10T14:21:12Z</time></trkpt><trkpt lat="42.329443" lon="1.913686"><ele>2100.306</ele><time>2018-11-10T14:22:20Z</time></trkpt><trkpt lat="42.329416" lon="1.913742"><ele>2098.416</ele><time>2018-11-10T14:23:01Z</time></trkpt><trkpt lat="42.329380" lon="1.913779"><ele>2098.208</ele><time>2018-11-10T14:23:11Z</time></trkpt><trkpt lat="42.329351" lon="1.913828"><ele>2097.639</ele><time>2018-11-10T14:23:29Z</time></trkpt><trkpt lat="42.329321" lon="1.913878"><ele>2096.496</ele><time>2018-11-10T14:23:34Z</time></trkpt><trkpt lat="42.329288" lon="1.913921"><ele>2095.540</ele><time>2018-11-10T14:23:39Z</time></trkpt><trkpt lat="42.329254" lon="1.913971"><ele>2094.884</ele><time>2018-11-10T14:23:44Z</time></trkpt><trkpt lat="42.329216" lon="1.914013"><ele>2093.913</ele><time>2018-11-10T14:23:49Z</time></trkpt><trkpt lat="42.329177" lon="1.914050"><ele>2093.323</ele><time>2018-11-10T14:23:54Z</time></trkpt><trkpt lat="42.329130" lon="1.914082"><ele>2093.272</ele><time>2018-11-10T14:23:59Z</time></trkpt><trkpt lat="42.329088" lon="1.914124"><ele>2092.836</ele><time>2018-11-10T14:24:26Z</time></trkpt><trkpt lat="42.329044" lon="1.914157"><ele>2091.249</ele><time>2018-11-10T14:24:31Z</time></trkpt><trkpt lat="42.328999" lon="1.914181"><ele>2090.802</ele><time>2018-11-10T14:24:36Z</time></trkpt><trkpt lat="42.328953" lon="1.914211"><ele>2090.322</ele><time>2018-11-10T14:24:41Z</time></trkpt><trkpt lat="42.328904" lon="1.914246"><ele>2089.208</ele><time>2018-11-10T14:24:46Z</time></trkpt><trkpt lat="42.328854" lon="1.914278"><ele>2088.437</ele><time>2018-11-10T14:24:51Z</time></trkpt><trkpt lat="42.328807" lon="1.914301"><ele>2087.224</ele><time>2018-11-10T14:24:56Z</time></trkpt><trkpt lat="42.328757" lon="1.914319"><ele>2086.368</ele><time>2018-11-10T14:25:01Z</time></trkpt><trkpt lat="42.328705" lon="1.914336"><ele>2087.142</ele><time>2018-11-10T14:25:06Z</time></trkpt><trkpt lat="42.328655" lon="1.914357"><ele>2085.671</ele><time>2018-11-10T14:25:11Z</time></trkpt><trkpt lat="42.328609" lon="1.914372"><ele>2083.931</ele><time>2018-11-10T14:25:23Z</time></trkpt><trkpt lat="42.328558" lon="1.914388"><ele>2083.070</ele><time>2018-11-10T14:25:29Z</time></trkpt><trkpt lat="42.328514" lon="1.914400"><ele>2082.454</ele><time>2018-11-10T14:25:33Z</time></trkpt><trkpt lat="42.328462" lon="1.914422"><ele>2080.724</ele><time>2018-11-10T14:25:38Z</time></trkpt><trkpt lat="42.328417" lon="1.914441"><ele>2080.204</ele><time>2018-11-10T14:25:42Z</time></trkpt><trkpt lat="42.328373" lon="1.914464"><ele>2078.414</ele><time>2018-11-10T14:25:47Z</time></trkpt><trkpt lat="42.328326" lon="1.914482"><ele>2077.908</ele><time>2018-11-10T14:25:52Z</time></trkpt><trkpt lat="42.328281" lon="1.914497"><ele>2077.025</ele><time>2018-11-10T14:25:58Z</time></trkpt><trkpt lat="42.328238" lon="1.914520"><ele>2075.492</ele><time>2018-11-10T14:26:03Z</time></trkpt><trkpt lat="42.328196" lon="1.914549"><ele>2074.036</ele><time>2018-11-10T14:26:08Z</time></trkpt><trkpt lat="42.328154" lon="1.914576"><ele>2072.590</ele><time>2018-11-10T14:26:13Z</time></trkpt><trkpt lat="42.328113" lon="1.914602"><ele>2070.819</ele><time>2018-11-10T14:26:18Z</time></trkpt><trkpt lat="42.328069" lon="1.914618"><ele>2068.699</ele><time>2018-11-10T14:26:23Z</time></trkpt><trkpt lat="42.328023" lon="1.914655"><ele>2067.368</ele><time>2018-11-10T14:26:29Z</time></trkpt><trkpt lat="42.327979" lon="1.914693"><ele>2065.222</ele><time>2018-11-10T14:26:35Z</time></trkpt><trkpt lat="42.327941" lon="1.914741"><ele>2063.753</ele><time>2018-11-10T14:26:41Z</time></trkpt><trkpt lat="42.327909" lon="1.914792"><ele>2062.404</ele><time>2018-11-10T14:26:47Z</time></trkpt><trkpt lat="42.327877" lon="1.914838"><ele>2060.914</ele><time>2018-11-10T14:26:52Z</time></trkpt><trkpt lat="42.327849" lon="1.914889"><ele>2059.508</ele><time>2018-11-10T14:26:57Z</time></trkpt><trkpt lat="42.327822" lon="1.914940"><ele>2057.788</ele><time>2018-11-10T14:27:02Z</time></trkpt><trkpt lat="42.327792" lon="1.914986"><ele>2056.355</ele><time>2018-11-10T14:27:07Z</time></trkpt><trkpt lat="42.327760" lon="1.915033"><ele>2054.439</ele><time>2018-11-10T14:27:13Z</time></trkpt><trkpt lat="42.327731" lon="1.915080"><ele>2053.713</ele><time>2018-11-10T14:27:19Z</time></trkpt><trkpt lat="42.327709" lon="1.915136"><ele>2052.522</ele><time>2018-11-10T14:27:41Z</time></trkpt><trkpt lat="42.327684" lon="1.915203"><ele>2050.762</ele><time>2018-11-10T14:27:46Z</time></trkpt><trkpt lat="42.327652" lon="1.915264"><ele>2049.011</ele><time>2018-11-10T14:27:51Z</time></trkpt><trkpt lat="42.327629" lon="1.915320"><ele>2046.715</ele><time>2018-11-10T14:27:56Z</time></trkpt><trkpt lat="42.327604" lon="1.915371"><ele>2044.941</ele><time>2018-11-10T14:28:01Z</time></trkpt><trkpt lat="42.327567" lon="1.915419"><ele>2042.881</ele><time>2018-11-10T14:28:06Z</time></trkpt><trkpt lat="42.327531" lon="1.915473"><ele>2041.809</ele><time>2018-11-10T14:28:11Z</time></trkpt><trkpt lat="42.327505" lon="1.915529"><ele>2040.208</ele><time>2018-11-10T14:28:16Z</time></trkpt><trkpt lat="42.327475" lon="1.915579"><ele>2039.937</ele><time>2018-11-10T14:28:21Z</time></trkpt><trkpt lat="42.327440" lon="1.915621"><ele>2037.924</ele><time>2018-11-10T14:28:26Z</time></trkpt><trkpt lat="42.327404" lon="1.915662"><ele>2037.548</ele><time>2018-11-10T14:28:32Z</time></trkpt><trkpt lat="42.327362" lon="1.915699"><ele>2036.562</ele><time>2018-11-10T14:28:38Z</time></trkpt><trkpt lat="42.327316" lon="1.915708"><ele>2035.651</ele><time>2018-11-10T14:28:44Z</time></trkpt><trkpt lat="42.327274" lon="1.915730"><ele>2034.971</ele><time>2018-11-10T14:28:50Z</time></trkpt><trkpt lat="42.327231" lon="1.915759"><ele>2033.820</ele><time>2018-11-10T14:28:55Z</time></trkpt><trkpt lat="42.327187" lon="1.915793"><ele>2032.594</ele><time>2018-11-10T14:29:00Z</time></trkpt><trkpt lat="42.327135" lon="1.915824"><ele>2031.411</ele><time>2018-11-10T14:29:05Z</time></trkpt><trkpt lat="42.327090" lon="1.915851"><ele>2029.921</ele><time>2018-11-10T14:29:09Z</time></trkpt><trkpt lat="42.327043" lon="1.915890"><ele>2029.103</ele><time>2018-11-10T14:29:14Z</time></trkpt><trkpt lat="42.327004" lon="1.915928"><ele>2028.208</ele><time>2018-11-10T14:29:18Z</time></trkpt><trkpt lat="42.326965" lon="1.915964"><ele>2027.284</ele><time>2018-11-10T14:29:22Z</time></trkpt><trkpt lat="42.326928" lon="1.916000"><ele>2025.671</ele><time>2018-11-10T14:29:26Z</time></trkpt><trkpt lat="42.326878" lon="1.916034"><ele>2023.625</ele><time>2018-11-10T14:29:31Z</time></trkpt><trkpt lat="42.326836" lon="1.916079"><ele>2022.329</ele><time>2018-11-10T14:29:36Z</time></trkpt><trkpt lat="42.326794" lon="1.916126"><ele>2020.378</ele><time>2018-11-10T14:29:41Z</time></trkpt><trkpt lat="42.326752" lon="1.916158"><ele>2019.468</ele><time>2018-11-10T14:29:45Z</time></trkpt><trkpt lat="42.326708" lon="1.916186"><ele>2018.017</ele><time>2018-11-10T14:29:49Z</time></trkpt><trkpt lat="42.326661" lon="1.916213"><ele>2017.841</ele><time>2018-11-10T14:29:54Z</time></trkpt><trkpt lat="42.326616" lon="1.916234"><ele>2015.916</ele><time>2018-11-10T14:29:59Z</time></trkpt><trkpt lat="42.326569" lon="1.916260"><ele>2015.276</ele><time>2018-11-10T14:30:04Z</time></trkpt><trkpt lat="42.326523" lon="1.916285"><ele>2012.113</ele><time>2018-11-10T14:30:09Z</time></trkpt><trkpt lat="42.326473" lon="1.916304"><ele>2011.308</ele><time>2018-11-10T14:30:14Z</time></trkpt><trkpt lat="42.326421" lon="1.916315"><ele>2010.184</ele><time>2018-11-10T14:30:20Z</time></trkpt><trkpt lat="42.326369" lon="1.916333"><ele>2007.941</ele><time>2018-11-10T14:30:27Z</time></trkpt><trkpt lat="42.326321" lon="1.916341"><ele>2006.445</ele><time>2018-11-10T14:30:32Z</time></trkpt><trkpt lat="42.326278" lon="1.916363"><ele>2004.929</ele><time>2018-11-10T14:30:37Z</time></trkpt><trkpt lat="42.326228" lon="1.916390"><ele>2003.168</ele><time>2018-11-10T14:30:43Z</time></trkpt><trkpt lat="42.326175" lon="1.916412"><ele>2002.358</ele><time>2018-11-10T14:30:48Z</time></trkpt><trkpt lat="42.326129" lon="1.916431"><ele>2000.777</ele><time>2018-11-10T14:30:52Z</time></trkpt><trkpt lat="42.326087" lon="1.916455"><ele>2000.481</ele><time>2018-11-10T14:30:56Z</time></trkpt><trkpt lat="42.326040" lon="1.916480"><ele>1999.252</ele><time>2018-11-10T14:31:03Z</time></trkpt><trkpt lat="42.325993" lon="1.916520"><ele>1999.253</ele><time>2018-11-10T14:31:08Z</time></trkpt><trkpt lat="42.325947" lon="1.916559"><ele>1999.208</ele><time>2018-11-10T14:31:13Z</time></trkpt><trkpt lat="42.325911" lon="1.916601"><ele>1998.908</ele><time>2018-11-10T14:31:17Z</time></trkpt><trkpt lat="42.325876" lon="1.916643"><ele>1998.098</ele><time>2018-11-10T14:31:21Z</time></trkpt><trkpt lat="42.325840" lon="1.916700"><ele>1996.575</ele><time>2018-11-10T14:31:26Z</time></trkpt><trkpt lat="42.325804" lon="1.916748"><ele>1996.059</ele><time>2018-11-10T14:31:31Z</time></trkpt><trkpt lat="42.325772" lon="1.916802"><ele>1995.683</ele><time>2018-11-10T14:31:36Z</time></trkpt><trkpt lat="42.325742" lon="1.916855"><ele>1994.552</ele><time>2018-11-10T14:31:41Z</time></trkpt><trkpt lat="42.325722" lon="1.916923"><ele>1994.312</ele><time>2018-11-10T14:31:47Z</time></trkpt><trkpt lat="42.325711" lon="1.916985"><ele>1993.871</ele><time>2018-11-10T14:32:00Z</time></trkpt><trkpt lat="42.325674" lon="1.917023"><ele>1993.175</ele><time>2018-11-10T14:32:06Z</time></trkpt><trkpt lat="42.325648" lon="1.917077"><ele>1991.732</ele><time>2018-11-10T14:32:12Z</time></trkpt><trkpt lat="42.325629" lon="1.917141"><ele>1990.992</ele><time>2018-11-10T14:32:18Z</time></trkpt><trkpt lat="42.325603" lon="1.917201"><ele>1990.411</ele><time>2018-11-10T14:32:24Z</time></trkpt><trkpt lat="42.325572" lon="1.917261"><ele>1990.308</ele><time>2018-11-10T14:32:31Z</time></trkpt><trkpt lat="42.325541" lon="1.917312"><ele>1988.886</ele><time>2018-11-10T14:32:38Z</time></trkpt><trkpt lat="42.325512" lon="1.917366"><ele>1987.563</ele><time>2018-11-10T14:32:43Z</time></trkpt><trkpt lat="42.325491" lon="1.917425"><ele>1986.757</ele><time>2018-11-10T14:32:48Z</time></trkpt><trkpt lat="42.325473" lon="1.917483"><ele>1986.361</ele><time>2018-11-10T14:32:52Z</time></trkpt><trkpt lat="42.325448" lon="1.917541"><ele>1985.270</ele><time>2018-11-10T14:32:57Z</time></trkpt><trkpt lat="42.325427" lon="1.917597"><ele>1985.060</ele><time>2018-11-10T14:33:02Z</time></trkpt><trkpt lat="42.325401" lon="1.917661"><ele>1984.249</ele><time>2018-11-10T14:33:08Z</time></trkpt><trkpt lat="42.325385" lon="1.917726"><ele>1982.973</ele><time>2018-11-10T14:33:14Z</time></trkpt><trkpt lat="42.325350" lon="1.917777"><ele>1982.169</ele><time>2018-11-10T14:33:19Z</time></trkpt><trkpt lat="42.325322" lon="1.917827"><ele>1981.704</ele><time>2018-11-10T14:33:24Z</time></trkpt><trkpt lat="42.325292" lon="1.917884"><ele>1979.224</ele><time>2018-11-10T14:33:31Z</time></trkpt><trkpt lat="42.325258" lon="1.917931"><ele>1978.608</ele><time>2018-11-10T14:33:37Z</time></trkpt><trkpt lat="42.325218" lon="1.917980"><ele>1977.029</ele><time>2018-11-10T14:33:43Z</time></trkpt><trkpt lat="42.325187" lon="1.918035"><ele>1976.336</ele><time>2018-11-10T14:34:09Z</time></trkpt><trkpt lat="42.325150" lon="1.918082"><ele>1973.650</ele><time>2018-11-10T14:34:17Z</time></trkpt><trkpt lat="42.325117" lon="1.918128"><ele>1971.894</ele><time>2018-11-10T14:34:23Z</time></trkpt><trkpt lat="42.325077" lon="1.918190"><ele>1970.583</ele><time>2018-11-10T14:34:48Z</time></trkpt><trkpt lat="42.325061" lon="1.918248"><ele>1968.913</ele><time>2018-11-10T14:35:35Z</time></trkpt><trkpt lat="42.325044" lon="1.918311"><ele>1966.792</ele><time>2018-11-10T14:35:45Z</time></trkpt><trkpt lat="42.325047" lon="1.918372"><ele>1964.416</ele><time>2018-11-10T14:35:53Z</time></trkpt><trkpt lat="42.325060" lon="1.918438"><ele>1960.891</ele><time>2018-11-10T14:36:13Z</time></trkpt><trkpt lat="42.325087" lon="1.918493"><ele>1959.481</ele><time>2018-11-10T14:36:20Z</time></trkpt><trkpt lat="42.325092" lon="1.918558"><ele>1955.919</ele><time>2018-11-10T14:36:37Z</time></trkpt><trkpt lat="42.325122" lon="1.918612"><ele>1953.008</ele><time>2018-11-10T14:36:48Z</time></trkpt><trkpt lat="42.325154" lon="1.918661"><ele>1950.322</ele><time>2018-11-10T14:37:08Z</time></trkpt><trkpt lat="42.325197" lon="1.918693"><ele>1948.179</ele><time>2018-11-10T14:37:27Z</time></trkpt><trkpt lat="42.325215" lon="1.918752"><ele>1945.893</ele><time>2018-11-10T14:37:36Z</time></trkpt><trkpt lat="42.325241" lon="1.918805"><ele>1943.887</ele><time>2018-11-10T14:37:54Z</time></trkpt><trkpt lat="42.325264" lon="1.918865"><ele>1940.816</ele><time>2018-11-10T14:38:05Z</time></trkpt><trkpt lat="42.325283" lon="1.918922"><ele>1938.256</ele><time>2018-11-10T14:38:15Z</time></trkpt><trkpt lat="42.325316" lon="1.918972"><ele>1935.475</ele><time>2018-11-10T14:38:24Z</time></trkpt><trkpt lat="42.325338" lon="1.919034"><ele>1934.589</ele><time>2018-11-10T14:38:39Z</time></trkpt><trkpt lat="42.325375" lon="1.919073"><ele>1931.988</ele><time>2018-11-10T14:38:50Z</time></trkpt><trkpt lat="42.325408" lon="1.919121"><ele>1928.924</ele><time>2018-11-10T14:38:59Z</time></trkpt><trkpt lat="42.325437" lon="1.919170"><ele>1926.726</ele><time>2018-11-10T14:39:07Z</time></trkpt><trkpt lat="42.325458" lon="1.919226"><ele>1924.408</ele><time>2018-11-10T14:39:15Z</time></trkpt><trkpt lat="42.325481" lon="1.919287"><ele>1922.171</ele><time>2018-11-10T14:39:23Z</time></trkpt><trkpt lat="42.325492" lon="1.919351"><ele>1920.398</ele><time>2018-11-10T14:39:30Z</time></trkpt><trkpt lat="42.325510" lon="1.919416"><ele>1918.142</ele><time>2018-11-10T14:39:37Z</time></trkpt><trkpt lat="42.325536" lon="1.919472"><ele>1915.966</ele><time>2018-11-10T14:39:45Z</time></trkpt><trkpt lat="42.325566" lon="1.919525"><ele>1913.245</ele><time>2018-11-10T14:39:52Z</time></trkpt><trkpt lat="42.325600" lon="1.919577"><ele>1911.025</ele><time>2018-11-10T14:39:59Z</time></trkpt><trkpt lat="42.325633" lon="1.919623"><ele>1908.724</ele><time>2018-11-10T14:40:05Z</time></trkpt><trkpt lat="42.325663" lon="1.919679"><ele>1906.088</ele><time>2018-11-10T14:40:12Z</time></trkpt><trkpt lat="42.325691" lon="1.919726"><ele>1903.697</ele><time>2018-11-10T14:40:19Z</time></trkpt><trkpt lat="42.325719" lon="1.919783"><ele>1901.623</ele><time>2018-11-10T14:40:27Z</time></trkpt><trkpt lat="42.325744" lon="1.919835"><ele>1899.325</ele><time>2018-11-10T14:40:33Z</time></trkpt><trkpt lat="42.325767" lon="1.919890"><ele>1897.608</ele><time>2018-11-10T14:40:40Z</time></trkpt><trkpt lat="42.325787" lon="1.919946"><ele>1894.422</ele><time>2018-11-10T14:40:49Z</time></trkpt><trkpt lat="42.325817" lon="1.919995"><ele>1891.919</ele><time>2018-11-10T14:40:57Z</time></trkpt><trkpt lat="42.325840" lon="1.920053"><ele>1890.223</ele><time>2018-11-10T14:41:13Z</time></trkpt><trkpt lat="42.325867" lon="1.920111"><ele>1887.647</ele><time>2018-11-10T14:41:20Z</time></trkpt><trkpt lat="42.325886" lon="1.920167"><ele>1886.136</ele><time>2018-11-10T14:41:27Z</time></trkpt><trkpt lat="42.325927" lon="1.920211"><ele>1883.366</ele><time>2018-11-10T14:41:57Z</time></trkpt><trkpt lat="42.325958" lon="1.920262"><ele>1880.945</ele><time>2018-11-10T14:42:04Z</time></trkpt><trkpt lat="42.325988" lon="1.920315"><ele>1878.839</ele><time>2018-11-10T14:42:11Z</time></trkpt><trkpt lat="42.326016" lon="1.920364"><ele>1876.576</ele><time>2018-11-10T14:42:18Z</time></trkpt><trkpt lat="42.326052" lon="1.920414"><ele>1874.390</ele><time>2018-11-10T14:42:25Z</time></trkpt><trkpt lat="42.326083" lon="1.920466"><ele>1871.719</ele><time>2018-11-10T14:42:33Z</time></trkpt><trkpt lat="42.326111" lon="1.920513"><ele>1869.808</ele><time>2018-11-10T14:42:40Z</time></trkpt><trkpt lat="42.326132" lon="1.920573"><ele>1867.780</ele><time>2018-11-10T14:42:48Z</time></trkpt><trkpt lat="42.326157" lon="1.920629"><ele>1865.997</ele><time>2018-11-10T14:43:16Z</time></trkpt><trkpt lat="42.326178" lon="1.920689"><ele>1864.151</ele><time>2018-11-10T14:43:24Z</time></trkpt><trkpt lat="42.326201" lon="1.920746"><ele>1862.055</ele><time>2018-11-10T14:43:31Z</time></trkpt><trkpt lat="42.326216" lon="1.920806"><ele>1859.844</ele><time>2018-11-10T14:43:38Z</time></trkpt><trkpt lat="42.326241" lon="1.920856"><ele>1858.454</ele><time>2018-11-10T14:43:44Z</time></trkpt><trkpt lat="42.326278" lon="1.920906"><ele>1856.153</ele><time>2018-11-10T14:43:50Z</time></trkpt><trkpt lat="42.326312" lon="1.920952"><ele>1854.127</ele><time>2018-11-10T14:43:56Z</time></trkpt><trkpt lat="42.326343" lon="1.921009"><ele>1852.299</ele><time>2018-11-10T14:44:03Z</time></trkpt><trkpt lat="42.326378" lon="1.921057"><ele>1850.307</ele><time>2018-11-10T14:44:10Z</time></trkpt><trkpt lat="42.326414" lon="1.921103"><ele>1848.027</ele><time>2018-11-10T14:44:15Z</time></trkpt><trkpt lat="42.326446" lon="1.921145"><ele>1846.608</ele><time>2018-11-10T14:44:19Z</time></trkpt><trkpt lat="42.326478" lon="1.921191"><ele>1844.842</ele><time>2018-11-10T14:44:24Z</time></trkpt><trkpt lat="42.326513" lon="1.921245"><ele>1843.379</ele><time>2018-11-10T14:44:29Z</time></trkpt><trkpt lat="42.326541" lon="1.921293"><ele>1841.893</ele><time>2018-11-10T14:44:33Z</time></trkpt><trkpt lat="42.326578" lon="1.921341"><ele>1839.547</ele><time>2018-11-10T14:44:38Z</time></trkpt><trkpt lat="42.326607" lon="1.921389"><ele>1838.416</ele><time>2018-11-10T14:44:43Z</time></trkpt><trkpt lat="42.326643" lon="1.921437"><ele>1836.926</ele><time>2018-11-10T14:44:48Z</time></trkpt><trkpt lat="42.326683" lon="1.921480"><ele>1835.325</ele><time>2018-11-10T14:44:54Z</time></trkpt><trkpt lat="42.326719" lon="1.921530"><ele>1833.279</ele><time>2018-11-10T14:45:00Z</time></trkpt><trkpt lat="42.326750" lon="1.921577"><ele>1832.174</ele><time>2018-11-10T14:45:05Z</time></trkpt><trkpt lat="42.326785" lon="1.921622"><ele>1830.256</ele><time>2018-11-10T14:45:11Z</time></trkpt><trkpt lat="42.326815" lon="1.921671"><ele>1828.521</ele><time>2018-11-10T14:45:17Z</time></trkpt><trkpt lat="42.326852" lon="1.921727"><ele>1826.708</ele><time>2018-11-10T14:45:23Z</time></trkpt><trkpt lat="42.326888" lon="1.921789"><ele>1824.960</ele><time>2018-11-10T14:45:28Z</time></trkpt><trkpt lat="42.326917" lon="1.921838"><ele>1823.657</ele><time>2018-11-10T14:45:33Z</time></trkpt><trkpt lat="42.326949" lon="1.921890"><ele>1822.171</ele><time>2018-11-10T14:45:38Z</time></trkpt><trkpt lat="42.326985" lon="1.921942"><ele>1820.715</ele><time>2018-11-10T14:45:43Z</time></trkpt><trkpt lat="42.327018" lon="1.921994"><ele>1819.594</ele><time>2018-11-10T14:45:48Z</time></trkpt><trkpt lat="42.327050" lon="1.922053"><ele>1817.684</ele><time>2018-11-10T14:45:54Z</time></trkpt><trkpt lat="42.327079" lon="1.922103"><ele>1816.323</ele><time>2018-11-10T14:45:59Z</time></trkpt><trkpt lat="42.327102" lon="1.922155"><ele>1814.687</ele><time>2018-11-10T14:46:04Z</time></trkpt><trkpt lat="42.327125" lon="1.922215"><ele>1813.531</ele><time>2018-11-10T14:46:09Z</time></trkpt><trkpt lat="42.327150" lon="1.922270"><ele>1811.861</ele><time>2018-11-10T14:46:14Z</time></trkpt><trkpt lat="42.327177" lon="1.922321"><ele>1810.807</ele><time>2018-11-10T14:46:19Z</time></trkpt><trkpt lat="42.327205" lon="1.922371"><ele>1809.108</ele><time>2018-11-10T14:46:24Z</time></trkpt><trkpt lat="42.327235" lon="1.922430"><ele>1807.436</ele><time>2018-11-10T14:46:30Z</time></trkpt><trkpt lat="42.327259" lon="1.922495"><ele>1805.393</ele><time>2018-11-10T14:46:36Z</time></trkpt><trkpt lat="42.327282" lon="1.922551"><ele>1804.057</ele><time>2018-11-10T14:46:41Z</time></trkpt><trkpt lat="42.327312" lon="1.922610"><ele>1802.131</ele><time>2018-11-10T14:46:47Z</time></trkpt><trkpt lat="42.327332" lon="1.922669"><ele>1801.060</ele><time>2018-11-10T14:46:53Z</time></trkpt><trkpt lat="42.327356" lon="1.922724"><ele>1799.910</ele><time>2018-11-10T14:46:59Z</time></trkpt><trkpt lat="42.327374" lon="1.922782"><ele>1798.629</ele><time>2018-11-10T14:47:05Z</time></trkpt><trkpt lat="42.327384" lon="1.922846"><ele>1797.293</ele><time>2018-11-10T14:47:09Z</time></trkpt><trkpt lat="42.327389" lon="1.922910"><ele>1796.442</ele><time>2018-11-10T14:47:13Z</time></trkpt><trkpt lat="42.327393" lon="1.922978"><ele>1794.722</ele><time>2018-11-10T14:47:18Z</time></trkpt><trkpt lat="42.327395" lon="1.923046"><ele>1793.114</ele><time>2018-11-10T14:47:23Z</time></trkpt><trkpt lat="42.327403" lon="1.923119"><ele>1792.108</ele><time>2018-11-10T14:47:28Z</time></trkpt><trkpt lat="42.327416" lon="1.923187"><ele>1790.977</ele><time>2018-11-10T14:47:33Z</time></trkpt><trkpt lat="42.327419" lon="1.923253"><ele>1789.294</ele><time>2018-11-10T14:47:38Z</time></trkpt><trkpt lat="42.327425" lon="1.923324"><ele>1788.858</ele><time>2018-11-10T14:47:43Z</time></trkpt><trkpt lat="42.327432" lon="1.923394"><ele>1786.922</ele><time>2018-11-10T14:47:48Z</time></trkpt><trkpt lat="42.327438" lon="1.923464"><ele>1785.931</ele><time>2018-11-10T14:47:53Z</time></trkpt><trkpt lat="42.327439" lon="1.923527"><ele>1784.931</ele><time>2018-11-10T14:47:58Z</time></trkpt><trkpt lat="42.327444" lon="1.923597"><ele>1783.370</ele><time>2018-11-10T14:48:04Z</time></trkpt><trkpt lat="42.327449" lon="1.923665"><ele>1782.314</ele><time>2018-11-10T14:48:09Z</time></trkpt><trkpt lat="42.327457" lon="1.923735"><ele>1781.163</ele><time>2018-11-10T14:48:14Z</time></trkpt><trkpt lat="42.327470" lon="1.923799"><ele>1780.044</ele><time>2018-11-10T14:48:18Z</time></trkpt><trkpt lat="42.327478" lon="1.923861"><ele>1779.118</ele><time>2018-11-10T14:48:22Z</time></trkpt><trkpt lat="42.327479" lon="1.923922"><ele>1778.008</ele><time>2018-11-10T14:48:26Z</time></trkpt><trkpt lat="42.327495" lon="1.923994"><ele>1776.959</ele><time>2018-11-10T14:48:31Z</time></trkpt><trkpt lat="42.327499" lon="1.924055"><ele>1775.976</ele><time>2018-11-10T14:48:35Z</time></trkpt><trkpt lat="42.327511" lon="1.924127"><ele>1774.840</ele><time>2018-11-10T14:48:40Z</time></trkpt><trkpt lat="42.327511" lon="1.924195"><ele>1773.554</ele><time>2018-11-10T14:48:45Z</time></trkpt><trkpt lat="42.327528" lon="1.924263"><ele>1772.523</ele><time>2018-11-10T14:48:51Z</time></trkpt><trkpt lat="42.327518" lon="1.924335"><ele>1772.033</ele><time>2018-11-10T14:48:56Z</time></trkpt><trkpt lat="42.327510" lon="1.924402"><ele>1771.262</ele><time>2018-11-10T14:49:00Z</time></trkpt><trkpt lat="42.327503" lon="1.924469"><ele>1769.836</ele><time>2018-11-10T14:49:04Z</time></trkpt><trkpt lat="42.327493" lon="1.924537"><ele>1769.439</ele><time>2018-11-10T14:49:08Z</time></trkpt><trkpt lat="42.327482" lon="1.924605"><ele>1768.001</ele><time>2018-11-10T14:49:12Z</time></trkpt><trkpt lat="42.327481" lon="1.924669"><ele>1768.221</ele><time>2018-11-10T14:49:16Z</time></trkpt><trkpt lat="42.327478" lon="1.924741"><ele>1767.508</ele><time>2018-11-10T14:49:21Z</time></trkpt><trkpt lat="42.327464" lon="1.924801"><ele>1767.336</ele><time>2018-11-10T14:49:25Z</time></trkpt><trkpt lat="42.327445" lon="1.924857"><ele>1766.913</ele><time>2018-11-10T14:49:35Z</time></trkpt><trkpt lat="42.327435" lon="1.924929"><ele>1766.227</ele><time>2018-11-10T14:49:41Z</time></trkpt><trkpt lat="42.327429" lon="1.924994"><ele>1766.691</ele><time>2018-11-10T14:49:46Z</time></trkpt><trkpt lat="42.327416" lon="1.925061"><ele>1766.130</ele><time>2018-11-10T14:49:51Z</time></trkpt><trkpt lat="42.327402" lon="1.925128"><ele>1765.560</ele><time>2018-11-10T14:49:56Z</time></trkpt><trkpt lat="42.327388" lon="1.925196"><ele>1764.959</ele><time>2018-11-10T14:50:01Z</time></trkpt><trkpt lat="42.327376" lon="1.925262"><ele>1764.843</ele><time>2018-11-10T14:50:06Z</time></trkpt><trkpt lat="42.327366" lon="1.925327"><ele>1763.995</ele><time>2018-11-10T14:50:12Z</time></trkpt><trkpt lat="42.327353" lon="1.925394"><ele>1763.349</ele><time>2018-11-10T14:50:19Z</time></trkpt><trkpt lat="42.327341" lon="1.925454"><ele>1762.923</ele><time>2018-11-10T14:50:25Z</time></trkpt><trkpt lat="42.327332" lon="1.925524"><ele>1762.608</ele><time>2018-11-10T14:50:32Z</time></trkpt><trkpt lat="42.327325" lon="1.925590"><ele>1762.172</ele><time>2018-11-10T14:50:38Z</time></trkpt><trkpt lat="42.327340" lon="1.925667"><ele>1760.789</ele><time>2018-11-10T14:51:03Z</time></trkpt><trkpt lat="42.327352" lon="1.925732"><ele>1761.843</ele><time>2018-11-10T14:56:27Z</time></trkpt><trkpt lat="42.327346" lon="1.925795"><ele>1761.167</ele><time>2018-11-10T14:56:32Z</time></trkpt><trkpt lat="42.327344" lon="1.925862"><ele>1760.876</ele><time>2018-11-10T14:56:37Z</time></trkpt><trkpt lat="42.327345" lon="1.925930"><ele>1759.976</ele><time>2018-11-10T14:56:42Z</time></trkpt><trkpt lat="42.327344" lon="1.925999"><ele>1759.255</ele><time>2018-11-10T14:56:47Z</time></trkpt><trkpt lat="42.327351" lon="1.926062"><ele>1759.059</ele><time>2018-11-10T14:56:51Z</time></trkpt><trkpt lat="42.327356" lon="1.926126"><ele>1758.722</ele><time>2018-11-10T14:56:55Z</time></trkpt><trkpt lat="42.327358" lon="1.926196"><ele>1758.062</ele><time>2018-11-10T14:57:00Z</time></trkpt><trkpt lat="42.327381" lon="1.926258"><ele>1757.308</ele><time>2018-11-10T14:57:06Z</time></trkpt><trkpt lat="42.327381" lon="1.926321"><ele>1756.608</ele><time>2018-11-10T14:57:11Z</time></trkpt><trkpt lat="42.327368" lon="1.926381"><ele>1756.275</ele><time>2018-11-10T14:57:16Z</time></trkpt><trkpt lat="42.327365" lon="1.926449"><ele>1755.492</ele><time>2018-11-10T14:57:21Z</time></trkpt><trkpt lat="42.327357" lon="1.926514"><ele>1755.466</ele><time>2018-11-10T14:57:26Z</time></trkpt><trkpt lat="42.327356" lon="1.926586"><ele>1754.460</ele><time>2018-11-10T14:57:32Z</time></trkpt><trkpt lat="42.327348" lon="1.926654"><ele>1753.949</ele><time>2018-11-10T14:57:37Z</time></trkpt><trkpt lat="42.327333" lon="1.926721"><ele>1753.169</ele><time>2018-11-10T14:57:42Z</time></trkpt><trkpt lat="42.327337" lon="1.926783"><ele>1753.088</ele><time>2018-11-10T14:57:46Z</time></trkpt><trkpt lat="42.327350" lon="1.926846"><ele>1752.342</ele><time>2018-11-10T14:57:50Z</time></trkpt><trkpt lat="42.327366" lon="1.926905"><ele>1752.278</ele><time>2018-11-10T14:57:54Z</time></trkpt><trkpt lat="42.327374" lon="1.926967"><ele>1751.733</ele><time>2018-11-10T14:57:58Z</time></trkpt><trkpt lat="42.327398" lon="1.927019"><ele>1751.026</ele><time>2018-11-10T14:58:02Z</time></trkpt><trkpt lat="42.327423" lon="1.927076"><ele>1751.008</ele><time>2018-11-10T14:58:06Z</time></trkpt><trkpt lat="42.327440" lon="1.927144"><ele>1750.620</ele><time>2018-11-10T14:58:11Z</time></trkpt><trkpt lat="42.327462" lon="1.927200"><ele>1750.517</ele><time>2018-11-10T14:58:16Z</time></trkpt><trkpt lat="42.327478" lon="1.927259"><ele>1750.121</ele><time>2018-11-10T14:58:21Z</time></trkpt><trkpt lat="42.327487" lon="1.927325"><ele>1750.115</ele><time>2018-11-10T14:58:27Z</time></trkpt><trkpt lat="42.327509" lon="1.927392"><ele>1749.914</ele><time>2018-11-10T14:58:33Z</time></trkpt><trkpt lat="42.327528" lon="1.927449"><ele>1749.744</ele><time>2018-11-10T14:58:38Z</time></trkpt><trkpt lat="42.327552" lon="1.927509"><ele>1749.273</ele><time>2018-11-10T14:58:44Z</time></trkpt><trkpt lat="42.327577" lon="1.927566"><ele>1748.537</ele><time>2018-11-10T14:58:49Z</time></trkpt><trkpt lat="42.327600" lon="1.927635"><ele>1748.678</ele><time>2018-11-10T14:58:54Z</time></trkpt><trkpt lat="42.327624" lon="1.927698"><ele>1747.933</ele><time>2018-11-10T14:58:59Z</time></trkpt><trkpt lat="42.327653" lon="1.927755"><ele>1747.726</ele><time>2018-11-10T14:59:04Z</time></trkpt><trkpt lat="42.327685" lon="1.927809"><ele>1747.808</ele><time>2018-11-10T14:59:09Z</time></trkpt><trkpt lat="42.327715" lon="1.927870"><ele>1747.410</ele><time>2018-11-10T14:59:14Z</time></trkpt><trkpt lat="42.327749" lon="1.927923"><ele>1747.257</ele><time>2018-11-10T14:59:19Z</time></trkpt><trkpt lat="42.327787" lon="1.927968"><ele>1746.841</ele><time>2018-11-10T14:59:24Z</time></trkpt><trkpt lat="42.327829" lon="1.928009"><ele>1746.495</ele><time>2018-11-10T14:59:30Z</time></trkpt><trkpt lat="42.327873" lon="1.928032"><ele>1746.334</ele><time>2018-11-10T14:59:35Z</time></trkpt><trkpt lat="42.327913" lon="1.928062"><ele>1745.844</ele><time>2018-11-10T14:59:40Z</time></trkpt><trkpt lat="42.327955" lon="1.928090"><ele>1745.423</ele><time>2018-11-10T14:59:45Z</time></trkpt><trkpt lat="42.327996" lon="1.928118"><ele>1745.567</ele><time>2018-11-10T14:59:50Z</time></trkpt><trkpt lat="42.328037" lon="1.928156"><ele>1745.146</ele><time>2018-11-10T14:59:55Z</time></trkpt><trkpt lat="42.328075" lon="1.928201"><ele>1744.988</ele><time>2018-11-10T15:00:00Z</time></trkpt><trkpt lat="42.328114" lon="1.928245"><ele>1744.916</ele><time>2018-11-10T15:00:06Z</time></trkpt><trkpt lat="42.328148" lon="1.928294"><ele>1744.208</ele><time>2018-11-10T15:00:11Z</time></trkpt><trkpt lat="42.328174" lon="1.928355"><ele>1744.347</ele><time>2018-11-10T15:00:16Z</time></trkpt><trkpt lat="42.328195" lon="1.928419"><ele>1743.744</ele><time>2018-11-10T15:00:21Z</time></trkpt><trkpt lat="42.328206" lon="1.928484"><ele>1743.838</ele><time>2018-11-10T15:00:26Z</time></trkpt><trkpt lat="42.328220" lon="1.928544"><ele>1743.392</ele><time>2018-11-10T15:00:31Z</time></trkpt><trkpt lat="42.328226" lon="1.928616"><ele>1742.861</ele><time>2018-11-10T15:00:37Z</time></trkpt><trkpt lat="42.328227" lon="1.928678"><ele>1742.891</ele><time>2018-11-10T15:00:42Z</time></trkpt><trkpt lat="42.328236" lon="1.928738"><ele>1742.680</ele><time>2018-11-10T15:01:15Z</time></trkpt><trkpt lat="42.328246" lon="1.928811"><ele>1742.034</ele><time>2018-11-10T15:01:20Z</time></trkpt><trkpt lat="42.328247" lon="1.928885"><ele>1741.953</ele><time>2018-11-10T15:01:25Z</time></trkpt><trkpt lat="42.328254" lon="1.928957"><ele>1741.304</ele><time>2018-11-10T15:01:30Z</time></trkpt><trkpt lat="42.328264" lon="1.929028"><ele>1741.014</ele><time>2018-11-10T15:01:35Z</time></trkpt><trkpt lat="42.328278" lon="1.929098"><ele>1740.808</ele><time>2018-11-10T15:01:40Z</time></trkpt><trkpt lat="42.328302" lon="1.929157"><ele>1740.668</ele><time>2018-11-10T15:01:45Z</time></trkpt><trkpt lat="42.328321" lon="1.929221"><ele>1740.345</ele><time>2018-11-10T15:01:50Z</time></trkpt><trkpt lat="42.328339" lon="1.929284"><ele>1740.129</ele><time>2018-11-10T15:01:55Z</time></trkpt><trkpt lat="42.328360" lon="1.929349"><ele>1739.593</ele><time>2018-11-10T15:02:01Z</time></trkpt><trkpt lat="42.328383" lon="1.929412"><ele>1739.252</ele><time>2018-11-10T15:02:07Z</time></trkpt><trkpt lat="42.328404" lon="1.929471"><ele>1739.262</ele><time>2018-11-10T15:02:12Z</time></trkpt><trkpt lat="42.328423" lon="1.929528"><ele>1738.851</ele><time>2018-11-10T15:02:17Z</time></trkpt><trkpt lat="42.328443" lon="1.929590"><ele>1738.265</ele><time>2018-11-10T15:02:22Z</time></trkpt><trkpt lat="42.328464" lon="1.929646"><ele>1738.225</ele><time>2018-11-10T15:02:27Z</time></trkpt><trkpt lat="42.328485" lon="1.929705"><ele>1738.126</ele><time>2018-11-10T15:02:33Z</time></trkpt><trkpt lat="42.328509" lon="1.929769"><ele>1737.708</ele><time>2018-11-10T15:02:39Z</time></trkpt><trkpt lat="42.328527" lon="1.929830"><ele>1737.008</ele><time>2018-11-10T15:02:44Z</time></trkpt><trkpt lat="42.328549" lon="1.929894"><ele>1737.195</ele><time>2018-11-10T15:02:49Z</time></trkpt><trkpt lat="42.328579" lon="1.929950"><ele>1736.622</ele><time>2018-11-10T15:02:54Z</time></trkpt><trkpt lat="42.328620" lon="1.929985"><ele>1736.536</ele><time>2018-11-10T15:03:00Z</time></trkpt><trkpt lat="42.328653" lon="1.930028"><ele>1736.070</ele><time>2018-11-10T15:03:05Z</time></trkpt><trkpt lat="42.328683" lon="1.930080"><ele>1735.899</ele><time>2018-11-10T15:03:10Z</time></trkpt><trkpt lat="42.328714" lon="1.930124"><ele>1735.889</ele><time>2018-11-10T15:03:15Z</time></trkpt><trkpt lat="42.328749" lon="1.930166"><ele>1735.228</ele><time>2018-11-10T15:03:20Z</time></trkpt><trkpt lat="42.328792" lon="1.930201"><ele>1735.132</ele><time>2018-11-10T15:03:25Z</time></trkpt><trkpt lat="42.328834" lon="1.930237"><ele>1734.732</ele><time>2018-11-10T15:03:30Z</time></trkpt><trkpt lat="42.328877" lon="1.930267"><ele>1734.492</ele><time>2018-11-10T15:03:35Z</time></trkpt><trkpt lat="42.328914" lon="1.930304"><ele>1734.211</ele><time>2018-11-10T15:03:40Z</time></trkpt><trkpt lat="42.328954" lon="1.930335"><ele>1733.708</ele><time>2018-11-10T15:03:45Z</time></trkpt><trkpt lat="42.328990" lon="1.930381"><ele>1733.686</ele><time>2018-11-10T15:03:50Z</time></trkpt><trkpt lat="42.329025" lon="1.930426"><ele>1733.433</ele><time>2018-11-10T15:03:55Z</time></trkpt><trkpt lat="42.329073" lon="1.930459"><ele>1733.837</ele><time>2018-11-10T15:04:01Z</time></trkpt><trkpt lat="42.329117" lon="1.930497"><ele>1733.161</ele><time>2018-11-10T15:04:07Z</time></trkpt><trkpt lat="42.329159" lon="1.930539"><ele>1732.930</ele><time>2018-11-10T15:04:13Z</time></trkpt><trkpt lat="42.329197" lon="1.930587"><ele>1732.750</ele><time>2018-11-10T15:04:19Z</time></trkpt><trkpt lat="42.329241" lon="1.930623"><ele>1732.449</ele><time>2018-11-10T15:04:25Z</time></trkpt><trkpt lat="42.329283" lon="1.930657"><ele>1732.643</ele><time>2018-11-10T15:04:31Z</time></trkpt><trkpt lat="42.329331" lon="1.930686"><ele>1732.177</ele><time>2018-11-10T15:04:38Z</time></trkpt><trkpt lat="42.329369" lon="1.930719"><ele>1732.261</ele><time>2018-11-10T15:04:45Z</time></trkpt><trkpt lat="42.329405" lon="1.930760"><ele>1731.627</ele><time>2018-11-10T15:04:51Z</time></trkpt><trkpt lat="42.329446" lon="1.930790"><ele>1731.608</ele><time>2018-11-10T15:04:57Z</time></trkpt><trkpt lat="42.329487" lon="1.930823"><ele>1731.060</ele><time>2018-11-10T15:05:04Z</time></trkpt><trkpt lat="42.329535" lon="1.930819"><ele>1730.377</ele><time>2018-11-10T15:05:21Z</time></trkpt><trkpt lat="42.329570" lon="1.930858"><ele>1730.241</ele><time>2018-11-10T15:05:27Z</time></trkpt><trkpt lat="42.329614" lon="1.930878"><ele>1730.055</ele><time>2018-11-10T15:05:33Z</time></trkpt><trkpt lat="42.329662" lon="1.930905"><ele>1729.974</ele><time>2018-11-10T15:05:39Z</time></trkpt><trkpt lat="42.329710" lon="1.930926"><ele>1729.424</ele><time>2018-11-10T15:05:45Z</time></trkpt><trkpt lat="42.329756" lon="1.930944"><ele>1729.553</ele><time>2018-11-10T15:06:50Z</time></trkpt><trkpt lat="42.329796" lon="1.930982"><ele>1729.187</ele><time>2018-11-10T15:06:59Z</time></trkpt><trkpt lat="42.329841" lon="1.931009"><ele>1728.564</ele><time>2018-11-10T15:07:07Z</time></trkpt><trkpt lat="42.329885" lon="1.931043"><ele>1728.606</ele><time>2018-11-10T15:07:15Z</time></trkpt><trkpt lat="42.329931" lon="1.931065"><ele>1728.616</ele><time>2018-11-10T15:07:23Z</time></trkpt><trkpt lat="42.329978" lon="1.931091"><ele>1728.208</ele><time>2018-11-10T15:07:31Z</time></trkpt><trkpt lat="42.330026" lon="1.931097"><ele>1727.839</ele><time>2018-11-10T15:07:38Z</time></trkpt><trkpt lat="42.330071" lon="1.931071"><ele>1728.146</ele><time>2018-11-10T15:07:44Z</time></trkpt><trkpt lat="42.330113" lon="1.931034"><ele>1727.770</ele><time>2018-11-10T15:07:50Z</time></trkpt><trkpt lat="42.330159" lon="1.931027"><ele>1728.374</ele><time>2018-11-10T15:07:58Z</time></trkpt><trkpt lat="42.330211" lon="1.931037"><ele>1727.643</ele><time>2018-11-10T15:08:05Z</time></trkpt><trkpt lat="42.330266" lon="1.931036"><ele>1727.343</ele><time>2018-11-10T15:08:11Z</time></trkpt><trkpt lat="42.330316" lon="1.931035"><ele>1726.732</ele><time>2018-11-10T15:08:17Z</time></trkpt><trkpt lat="42.330363" lon="1.931035"><ele>1726.366</ele><time>2018-11-10T15:08:22Z</time></trkpt><trkpt lat="42.330414" lon="1.931034"><ele>1726.242</ele><time>2018-11-10T15:08:27Z</time></trkpt><trkpt lat="42.330460" lon="1.931027"><ele>1725.722</ele><time>2018-11-10T15:08:32Z</time></trkpt><trkpt lat="42.330513" lon="1.931018"><ele>1725.514</ele><time>2018-11-10T15:08:38Z</time></trkpt><trkpt lat="42.330557" lon="1.931002"><ele>1725.008</ele><time>2018-11-10T15:08:47Z</time></trkpt><trkpt lat="42.330600" lon="1.930976"><ele>1724.827</ele><time>2018-11-10T15:08:53Z</time></trkpt><trkpt lat="42.330645" lon="1.930961"><ele>1724.324</ele><time>2018-11-10T15:09:00Z</time></trkpt><trkpt lat="42.330697" lon="1.930946"><ele>1724.528</ele><time>2018-11-10T15:09:07Z</time></trkpt><trkpt lat="42.330748" lon="1.930944"><ele>1724.272</ele><time>2018-11-10T15:09:13Z</time></trkpt><trkpt lat="42.330787" lon="1.930982"><ele>1724.181</ele><time>2018-11-10T15:09:19Z</time></trkpt><trkpt lat="42.330836" lon="1.930989"><ele>1723.651</ele><time>2018-11-10T15:09:28Z</time></trkpt><trkpt lat="42.330882" lon="1.930989"><ele>1723.430</ele><time>2018-11-10T15:09:37Z</time></trkpt><trkpt lat="42.330931" lon="1.930997"><ele>1722.744</ele><time>2018-11-10T15:09:42Z</time></trkpt><trkpt lat="42.330984" lon="1.931002"><ele>1722.856</ele><time>2018-11-10T15:09:47Z</time></trkpt><trkpt lat="42.331036" lon="1.931015"><ele>1722.359</ele><time>2018-11-10T15:09:52Z</time></trkpt><trkpt lat="42.331085" lon="1.931029"><ele>1722.814</ele><time>2018-11-10T15:09:57Z</time></trkpt><trkpt lat="42.331137" lon="1.931052"><ele>1722.008</ele><time>2018-11-10T15:10:02Z</time></trkpt><trkpt lat="42.331192" lon="1.931062"><ele>1722.098</ele><time>2018-11-10T15:10:07Z</time></trkpt><trkpt lat="42.331248" lon="1.931071"><ele>1722.175</ele><time>2018-11-10T15:10:12Z</time></trkpt><trkpt lat="42.331295" lon="1.931078"><ele>1721.749</ele><time>2018-11-10T15:10:16Z</time></trkpt><trkpt lat="42.331347" lon="1.931094"><ele>1721.383</ele><time>2018-11-10T15:10:21Z</time></trkpt><trkpt lat="42.331401" lon="1.931110"><ele>1721.292</ele><time>2018-11-10T15:10:26Z</time></trkpt><trkpt lat="42.331455" lon="1.931122"><ele>1721.422</ele><time>2018-11-10T15:10:31Z</time></trkpt><trkpt lat="42.331506" lon="1.931136"><ele>1720.941</ele><time>2018-11-10T15:10:36Z</time></trkpt><trkpt lat="42.331562" lon="1.931154"><ele>1720.445</ele><time>2018-11-10T15:10:41Z</time></trkpt><trkpt lat="42.331612" lon="1.931167"><ele>1720.577</ele><time>2018-11-10T15:10:46Z</time></trkpt><trkpt lat="42.331662" lon="1.931191"><ele>1719.861</ele><time>2018-11-10T15:10:51Z</time></trkpt><trkpt lat="42.331711" lon="1.931219"><ele>1719.627</ele><time>2018-11-10T15:10:56Z</time></trkpt><trkpt lat="42.331758" lon="1.931247"><ele>1719.508</ele><time>2018-11-10T15:11:01Z</time></trkpt><trkpt lat="42.331806" lon="1.931280"><ele>1719.280</ele><time>2018-11-10T15:11:06Z</time></trkpt><trkpt lat="42.331850" lon="1.931308"><ele>1719.297</ele><time>2018-11-10T15:11:11Z</time></trkpt><trkpt lat="42.331890" lon="1.931344"><ele>1718.511</ele><time>2018-11-10T15:11:16Z</time></trkpt><trkpt lat="42.331930" lon="1.931385"><ele>1718.315</ele><time>2018-11-10T15:11:21Z</time></trkpt><trkpt lat="42.331969" lon="1.931427"><ele>1718.014</ele><time>2018-11-10T15:11:26Z</time></trkpt><trkpt lat="42.332010" lon="1.931463"><ele>1717.514</ele><time>2018-11-10T15:11:31Z</time></trkpt><trkpt lat="42.332045" lon="1.931516"><ele>1717.023</ele><time>2018-11-10T15:11:36Z</time></trkpt><trkpt lat="42.332077" lon="1.931576"><ele>1716.697</ele><time>2018-11-10T15:11:41Z</time></trkpt><trkpt lat="42.332102" lon="1.931634"><ele>1716.388</ele><time>2018-11-10T15:11:46Z</time></trkpt><trkpt lat="42.332132" lon="1.931691"><ele>1715.424</ele><time>2018-11-10T15:11:51Z</time></trkpt><trkpt lat="42.332171" lon="1.931738"><ele>1715.426</ele><time>2018-11-10T15:11:56Z</time></trkpt><trkpt lat="42.332203" lon="1.931786"><ele>1714.708</ele><time>2018-11-10T15:12:01Z</time></trkpt><trkpt lat="42.332228" lon="1.931839"><ele>1714.151</ele><time>2018-11-10T15:12:06Z</time></trkpt><trkpt lat="42.332254" lon="1.931896"><ele>1713.528</ele><time>2018-11-10T15:12:11Z</time></trkpt><trkpt lat="42.332278" lon="1.931956"><ele>1713.212</ele><time>2018-11-10T15:12:16Z</time></trkpt><trkpt lat="42.332293" lon="1.932016"><ele>1712.636</ele><time>2018-11-10T15:12:21Z</time></trkpt><trkpt lat="42.332278" lon="1.932084"><ele>1712.475</ele><time>2018-11-10T15:12:27Z</time></trkpt><trkpt lat="42.332272" lon="1.932146"><ele>1711.875</ele><time>2018-11-10T15:12:33Z</time></trkpt><trkpt lat="42.332293" lon="1.932208"><ele>1710.944</ele><time>2018-11-10T15:12:39Z</time></trkpt><trkpt lat="42.332320" lon="1.932262"><ele>1710.688</ele><time>2018-11-10T15:12:44Z</time></trkpt><trkpt lat="42.332343" lon="1.932317"><ele>1710.046</ele><time>2018-11-10T15:12:49Z</time></trkpt><trkpt lat="42.332367" lon="1.932373"><ele>1709.488</ele><time>2018-11-10T15:12:54Z</time></trkpt><trkpt lat="42.332395" lon="1.932422"><ele>1708.716</ele><time>2018-11-10T15:12:59Z</time></trkpt><trkpt lat="42.332426" lon="1.932468"><ele>1708.508</ele><time>2018-11-10T15:13:04Z</time></trkpt><trkpt lat="42.332459" lon="1.932514"><ele>1707.687</ele><time>2018-11-10T15:13:09Z</time></trkpt><trkpt lat="42.332496" lon="1.932555"><ele>1707.014</ele><time>2018-11-10T15:13:14Z</time></trkpt><trkpt lat="42.332528" lon="1.932598"><ele>1706.728</ele><time>2018-11-10T15:13:19Z</time></trkpt><trkpt lat="42.332568" lon="1.932646"><ele>1706.122</ele><time>2018-11-10T15:13:25Z</time></trkpt><trkpt lat="42.332609" lon="1.932675"><ele>1705.721</ele><time>2018-11-10T15:13:30Z</time></trkpt><trkpt lat="42.332654" lon="1.932694"><ele>1705.181</ele><time>2018-11-10T15:13:35Z</time></trkpt><trkpt lat="42.332699" lon="1.932731"><ele>1704.650</ele><time>2018-11-10T15:13:40Z</time></trkpt><trkpt lat="42.332737" lon="1.932776"><ele>1704.574</ele><time>2018-11-10T15:13:45Z</time></trkpt><trkpt lat="42.332774" lon="1.932813"><ele>1704.674</ele><time>2018-11-10T15:13:50Z</time></trkpt><trkpt lat="42.332811" lon="1.932865"><ele>1703.856</ele><time>2018-11-10T15:13:56Z</time></trkpt><trkpt lat="42.332849" lon="1.932913"><ele>1703.421</ele><time>2018-11-10T15:14:02Z</time></trkpt><trkpt lat="42.332884" lon="1.932952"><ele>1703.208</ele><time>2018-11-10T15:14:08Z</time></trkpt><trkpt lat="42.332924" lon="1.932999"><ele>1703.310</ele><time>2018-11-10T15:14:14Z</time></trkpt><trkpt lat="42.332966" lon="1.933020"><ele>1702.657</ele><time>2018-11-10T15:14:19Z</time></trkpt><trkpt lat="42.333007" lon="1.933055"><ele>1702.071</ele><time>2018-11-10T15:14:24Z</time></trkpt><trkpt lat="42.333052" lon="1.933083"><ele>1701.615</ele><time>2018-11-10T15:14:29Z</time></trkpt><trkpt lat="42.333085" lon="1.933126"><ele>1701.064</ele><time>2018-11-10T15:14:36Z</time></trkpt><trkpt lat="42.333117" lon="1.933182"><ele>1700.564</ele><time>2018-11-10T15:14:41Z</time></trkpt><trkpt lat="42.333150" lon="1.933236"><ele>1700.083</ele><time>2018-11-10T15:14:46Z</time></trkpt><trkpt lat="42.333190" lon="1.933268"><ele>1699.217</ele><time>2018-11-10T15:14:51Z</time></trkpt><trkpt lat="42.333232" lon="1.933305"><ele>1698.818</ele><time>2018-11-10T15:14:56Z</time></trkpt><trkpt lat="42.333272" lon="1.933338"><ele>1697.998</ele><time>2018-11-10T15:15:01Z</time></trkpt><trkpt lat="42.333292" lon="1.933401"><ele>1697.917</ele><time>2018-11-10T15:15:07Z</time></trkpt><trkpt lat="42.333298" lon="1.933464"><ele>1697.408</ele><time>2018-11-10T15:15:12Z</time></trkpt><trkpt lat="42.333335" lon="1.933499"><ele>1696.564</ele><time>2018-11-10T15:15:18Z</time></trkpt><trkpt lat="42.333381" lon="1.933484"><ele>1695.061</ele><time>2018-11-10T15:15:24Z</time></trkpt><trkpt lat="42.333425" lon="1.933455"><ele>1694.335</ele><time>2018-11-10T15:15:29Z</time></trkpt><trkpt lat="42.333463" lon="1.933401"><ele>1693.699</ele><time>2018-11-10T15:15:34Z</time></trkpt><trkpt lat="42.333503" lon="1.933369"><ele>1693.878</ele><time>2018-11-10T15:15:38Z</time></trkpt><trkpt lat="42.333534" lon="1.933323"><ele>1693.428</ele><time>2018-11-10T15:15:42Z</time></trkpt><trkpt lat="42.333569" lon="1.933266"><ele>1692.617</ele><time>2018-11-10T15:15:47Z</time></trkpt><trkpt lat="42.333599" lon="1.933205"><ele>1692.011</ele><time>2018-11-10T15:15:52Z</time></trkpt><trkpt lat="42.333636" lon="1.933153"><ele>1692.013</ele><time>2018-11-10T15:15:57Z</time></trkpt><trkpt lat="42.333668" lon="1.933106"><ele>1691.143</ele><time>2018-11-10T15:16:04Z</time></trkpt><trkpt lat="42.333706" lon="1.933058"><ele>1690.207</ele><time>2018-11-10T15:16:10Z</time></trkpt><trkpt lat="42.333749" lon="1.933024"><ele>1689.708</ele><time>2018-11-10T15:16:15Z</time></trkpt><trkpt lat="42.333797" lon="1.933021"><ele>1688.234</ele><time>2018-11-10T15:16:20Z</time></trkpt><trkpt lat="42.333842" lon="1.933024"><ele>1687.791</ele><time>2018-11-10T15:16:25Z</time></trkpt><trkpt lat="42.333889" lon="1.933011"><ele>1686.765</ele><time>2018-11-10T15:16:30Z</time></trkpt><trkpt lat="42.333939" lon="1.933007"><ele>1685.949</ele><time>2018-11-10T15:16:36Z</time></trkpt><trkpt lat="42.333989" lon="1.933005"><ele>1684.728</ele><time>2018-11-10T15:16:42Z</time></trkpt><trkpt lat="42.334037" lon="1.932996"><ele>1684.168</ele><time>2018-11-10T15:16:48Z</time></trkpt><trkpt lat="42.334083" lon="1.933001"><ele>1683.087</ele><time>2018-11-10T15:16:53Z</time></trkpt><trkpt lat="42.334129" lon="1.933002"><ele>1682.411</ele><time>2018-11-10T15:16:58Z</time></trkpt><trkpt lat="42.334178" lon="1.933006"><ele>1681.371</ele><time>2018-11-10T15:17:03Z</time></trkpt><trkpt lat="42.334228" lon="1.933013"><ele>1680.241</ele><time>2018-11-10T15:17:08Z</time></trkpt><trkpt lat="42.334279" lon="1.933030"><ele>1679.915</ele><time>2018-11-10T15:17:13Z</time></trkpt><trkpt lat="42.334324" lon="1.933028"><ele>1680.108</ele><time>2018-11-10T15:17:18Z</time></trkpt><trkpt lat="42.334370" lon="1.932996"><ele>1680.090</ele><time>2018-11-10T15:17:24Z</time></trkpt><trkpt lat="42.334408" lon="1.932963"><ele>1679.797</ele><time>2018-11-10T15:17:29Z</time></trkpt><trkpt lat="42.334447" lon="1.932930"><ele>1679.881</ele><time>2018-11-10T15:17:34Z</time></trkpt><trkpt lat="42.334489" lon="1.932901"><ele>1679.655</ele><time>2018-11-10T15:17:39Z</time></trkpt></trkseg></trk></gpx>